img_source,age,gender,ethnicity
2_1_2_20161219195813835.jpg.chip.jpg,2,Female,Asian
24_1_2_20170104015726796.jpg.chip.jpg,24,Female,Asian
30_0_0_20170116183741574.jpg.chip.jpg,30,Male,White
61_0_1_20170113175551340.jpg.chip.jpg,61,Male,Black
26_0_0_20170113210127395.jpg.chip.jpg,26,Male,White
58_0_0_20170104211841244.jpg.chip.jpg,58,Male,White
52_1_1_20170113011248822.jpg.chip.jpg,52,Female,Black
60_1_1_20170116153456340.jpg.chip.jpg,60,Female,Black
35_1_0_20170117135241435.jpg.chip.jpg,35,Female,White
60_0_0_20170104170240505.jpg.chip.jpg,60,Male,White
12_1_0_20170109193530060.jpg.chip.jpg,12,Female,White
38_0_4_20170104202009825.jpg.chip.jpg,38,Male,Others
24_1_4_20170103223940759.jpg.chip.jpg,24,Female,Others
28_1_1_20170113012524543.jpg.chip.jpg,28,Female,Black
26_1_1_20170112235926962.jpg.chip.jpg,26,Female,Black
29_1_0_20170117134713969.jpg.chip.jpg,29,Female,White
65_1_0_20170117173915503.jpg.chip.jpg,65,Female,White
18_1_0_20170109212756182.jpg.chip.jpg,18,Female,White
28_1_2_20170116165557121.jpg.chip.jpg,28,Female,Asian
35_1_0_20170117170842874.jpg.chip.jpg,35,Female,White
4_1_0_20170109191152071.jpg.chip.jpg,4,Female,White
35_1_0_20170117134846646.jpg.chip.jpg,35,Female,White
27_0_1_20170116024006905.jpg.chip.jpg,27,Male,Black
16_0_0_20170110231917206.jpg.chip.jpg,16,Male,White
45_0_4_20170117130551448.jpg.chip.jpg,45,Male,Others
2_1_3_20161219224731392.jpg.chip.jpg,2,Female,Indian
41_0_0_20170117185808930.jpg.chip.jpg,41,Male,White
40_0_0_20170120220807313.jpg.chip.jpg,40,Male,White
24_1_4_20170117194809365.jpg.chip.jpg,24,Female,Others
78_0_0_20170116233355259.jpg.chip.jpg,78,Male,White
65_0_3_20170119164246893.jpg.chip.jpg,65,Male,Indian
36_0_3_20170119202128525.jpg.chip.jpg,36,Male,Indian
53_0_0_20170104212423829.jpg.chip.jpg,53,Male,White
28_1_0_20170112203956699.jpg.chip.jpg,28,Female,White
59_0_0_20170109011033488.jpg.chip.jpg,59,Male,White
1_0_4_20170103205301842.jpg.chip.jpg,1,Male,Others
62_1_0_20170110160643829.jpg.chip.jpg,62,Female,White
34_1_1_20170113011632864.jpg.chip.jpg,34,Female,Black
35_0_4_20170104000753052.jpg.chip.jpg,35,Male,Others
41_0_3_20170119204228535.jpg.chip.jpg,41,Male,Indian
34_1_3_20170119200906387.jpg.chip.jpg,34,Female,Indian
15_0_0_20170102234355667.jpg.chip.jpg,15,Male,White
27_0_4_20170103235752276.jpg.chip.jpg,27,Male,Others
50_0_4_20170117204155370.jpg.chip.jpg,50,Male,Others
40_0_0_20170117154508715.jpg.chip.jpg,40,Male,White
51_0_0_20170104211553436.jpg.chip.jpg,51,Male,White
27_0_2_20170116184844591.jpg.chip.jpg,27,Male,Asian
28_1_1_20170117020448529.jpg.chip.jpg,28,Female,Black
32_1_0_20170117180018829.jpg.chip.jpg,32,Female,White
5_1_0_20170117140150663.jpg.chip.jpg,5,Female,White
54_0_1_20170117191411795.jpg.chip.jpg,54,Male,Black
18_1_2_20170104020424141.jpg.chip.jpg,18,Female,Asian
24_1_2_20170103223948600.jpg.chip.jpg,24,Female,Asian
27_1_2_20170116172735343.jpg.chip.jpg,27,Female,Asian
59_0_3_20170119200426948.jpg.chip.jpg,59,Male,Indian
61_1_0_20170109150858084.jpg.chip.jpg,61,Female,White
40_0_0_20170117141747634.jpg.chip.jpg,40,Male,White
45_1_1_20170112234408154.jpg.chip.jpg,45,Female,Black
32_1_0_20170113010345079.jpg.chip.jpg,32,Female,White
58_1_1_20170112213645366.jpg.chip.jpg,58,Female,Black
20_1_0_20170103163056975.jpg.chip.jpg,20,Female,White
23_0_0_20170116221006990.jpg.chip.jpg,23,Male,White
24_1_4_20170103225201704.jpg.chip.jpg,24,Female,Others
24_0_3_20170119152239904.jpg.chip.jpg,24,Male,Indian
24_1_2_20170116173727786.jpg.chip.jpg,24,Female,Asian
26_1_2_20170116180027456.jpg.chip.jpg,26,Female,Asian
78_0_0_20170111222400611.jpg.chip.jpg,78,Male,White
35_0_4_20170117153235020.jpg.chip.jpg,35,Male,Others
8_0_0_20170110215948795.jpg.chip.jpg,8,Male,White
26_0_3_20170104230258265.jpg.chip.jpg,26,Male,Indian
3_1_0_20170103212052443.jpg.chip.jpg,3,Female,White
43_1_3_20170109132235319.jpg.chip.jpg,43,Female,Indian
46_0_3_20170119183135878.jpg.chip.jpg,46,Male,Indian
3_1_0_20170109194247387.jpg.chip.jpg,3,Female,White
26_0_1_20170113135316041.jpg.chip.jpg,26,Male,Black
22_1_0_20170117143702099.jpg.chip.jpg,22,Female,White
29_0_0_20170117010705850.jpg.chip.jpg,29,Male,White
37_0_1_20170117164236409.jpg.chip.jpg,37,Male,Black
75_0_2_20170112205315834.jpg.chip.jpg,75,Male,Asian
31_1_0_20170117133210639.jpg.chip.jpg,31,Female,White
14_0_0_20170110220621497.jpg.chip.jpg,14,Male,White
58_0_0_20170120224926808.jpg.chip.jpg,58,Male,White
50_1_0_20170110153432618.jpg.chip.jpg,50,Female,White
26_1_1_20170116232703010.jpg.chip.jpg,26,Female,Black
59_0_0_20170108235700268.jpg.chip.jpg,59,Male,White
30_1_3_20170104223316975.jpg.chip.jpg,30,Female,Indian
1_0_4_20161221202127697.jpg.chip.jpg,1,Male,Others
41_0_0_20170116214404363.jpg.chip.jpg,41,Male,White
28_1_2_20170116190119282.jpg.chip.jpg,28,Female,Asian
25_0_0_20170116222939697.jpg.chip.jpg,25,Male,White
40_0_0_20170117155031358.jpg.chip.jpg,40,Male,White
54_0_0_20170109010246118.jpg.chip.jpg,54,Male,White
56_1_3_20170119192943673.jpg.chip.jpg,56,Female,Indian
4_0_2_20161219160939189.jpg.chip.jpg,4,Male,Asian
25_1_2_20170104015640427.jpg.chip.jpg,25,Female,Asian
34_1_1_20170116222859953.jpg.chip.jpg,34,Female,Black
26_0_3_20170117154452224.jpg.chip.jpg,26,Male,Indian
25_0_1_20170117195050698.jpg.chip.jpg,25,Male,Black
23_1_3_20170117144123778.jpg.chip.jpg,23,Female,Indian
26_0_1_20170116200944233.jpg.chip.jpg,26,Male,Black
6_1_4_20161223232234756.jpg.chip.jpg,6,Female,Others
20_1_1_20170112191230798.jpg.chip.jpg,20,Female,Black
32_1_0_20170117134730731.jpg.chip.jpg,32,Female,White
57_1_0_20170120221057091.jpg.chip.jpg,57,Female,White
1_0_2_20161219151026723.jpg.chip.jpg,1,Male,Asian
32_0_1_20170117165107803.jpg.chip.jpg,32,Male,Black
32_1_1_20170116161336538.jpg.chip.jpg,32,Female,Black
30_0_1_20170117171808851.jpg.chip.jpg,30,Male,Black
51_0_0_20170117173700337.jpg.chip.jpg,51,Male,White
41_1_1_20170117171024861.jpg.chip.jpg,41,Female,Black
32_1_0_20170116211831287.jpg.chip.jpg,32,Female,White
49_1_0_20170109220611995.jpg.chip.jpg,49,Female,White
47_0_1_20170114034328343.jpg.chip.jpg,47,Male,Black
42_0_0_20170104181513925.jpg.chip.jpg,42,Male,White
30_1_4_20170117203008151.jpg.chip.jpg,30,Female,Others
1_1_0_20170109191835969.jpg.chip.jpg,1,Female,White
20_0_1_20170113132730457.jpg.chip.jpg,20,Male,Black
28_1_1_20170116152550099.jpg.chip.jpg,28,Female,Black
37_0_0_20170119202220220.jpg.chip.jpg,37,Male,White
22_1_4_20170103223216583.jpg.chip.jpg,22,Female,Others
26_1_3_20170119192129993.jpg.chip.jpg,26,Female,Indian
17_1_1_20170114030014850.jpg.chip.jpg,17,Female,Black
3_0_0_20170103210954356.jpg.chip.jpg,3,Male,White
36_0_0_20170113184113374.jpg.chip.jpg,36,Male,White
60_1_0_20170110131859302.jpg.chip.jpg,60,Female,White
32_1_1_20170116003208929.jpg.chip.jpg,32,Female,Black
40_1_0_20170105173401214.jpg.chip.jpg,40,Female,White
80_0_0_20170111211324676.jpg.chip.jpg,80,Male,White
24_0_2_20170104015809173.jpg.chip.jpg,24,Male,Asian
56_1_0_20170103180159982.jpg.chip.jpg,56,Female,White
33_0_4_20170117202448894.jpg.chip.jpg,33,Male,Others
1_1_3_20161220143207700.jpg.chip.jpg,1,Female,Indian
23_0_1_20170113150854335.jpg.chip.jpg,23,Male,Black
22_1_0_20170116220646631.jpg.chip.jpg,22,Female,White
2_1_2_20161219151404675.jpg.chip.jpg,2,Female,Asian
2_0_2_20161219141152081.jpg.chip.jpg,2,Male,Asian
25_0_3_20170119171953195.jpg.chip.jpg,25,Male,Indian
2_1_2_20161219142234096.jpg.chip.jpg,2,Female,Asian
32_0_3_20170104232607114.jpg.chip.jpg,32,Male,Indian
38_1_1_20170116000558878.jpg.chip.jpg,38,Female,Black
71_1_0_20170110181725541.jpg.chip.jpg,71,Female,White
4_0_3_20170119180525502.jpg.chip.jpg,4,Male,Indian
32_0_0_20170117134719383.jpg.chip.jpg,32,Male,White
62_1_0_20170110160643751.jpg.chip.jpg,62,Female,White
18_1_1_20170109212551451.jpg.chip.jpg,18,Female,Black
31_0_4_20170120133240958.jpg.chip.jpg,31,Male,Others
1_1_3_20161219225247616.jpg.chip.jpg,1,Female,Indian
30_1_0_20170117154138315.jpg.chip.jpg,30,Female,White
21_1_1_20170112193104310.jpg.chip.jpg,21,Female,Black
16_0_0_20170110232818695.jpg.chip.jpg,16,Male,White
35_0_0_20170117114924356.jpg.chip.jpg,35,Male,White
26_0_1_20170116182622730.jpg.chip.jpg,26,Male,Black
50_0_0_20170117091017638.jpg.chip.jpg,50,Male,White
26_1_2_20170116163019946.jpg.chip.jpg,26,Female,Asian
45_0_1_20170114033528807.jpg.chip.jpg,45,Male,Black
36_0_3_20170119153128584.jpg.chip.jpg,36,Male,Indian
45_0_0_20170117135056152.jpg.chip.jpg,45,Male,White
36_0_1_20170113152022544.jpg.chip.jpg,36,Male,Black
41_0_0_20170117154715268.jpg.chip.jpg,41,Male,White
53_0_0_20170111201131358.jpg.chip.jpg,53,Male,White
40_1_2_20170116161916676.jpg.chip.jpg,40,Female,Asian
26_1_1_20170112235910121.jpg.chip.jpg,26,Female,Black
22_0_0_20170110232206562.jpg.chip.jpg,22,Male,White
55_0_3_20170119203913495.jpg.chip.jpg,55,Male,Indian
23_1_1_20170116234631549.jpg.chip.jpg,23,Female,Black
35_1_4_20170117203924087.jpg.chip.jpg,35,Female,Others
48_0_0_20170113190615656.jpg.chip.jpg,48,Male,White
43_1_0_20170103183357706.jpg.chip.jpg,43,Female,White
31_0_1_20170117135443579.jpg.chip.jpg,31,Male,Black
7_1_4_20161224002213337.jpg.chip.jpg,7,Female,Others
25_0_0_20170117193011274.jpg.chip.jpg,25,Male,White
54_1_0_20170104212730503.jpg.chip.jpg,54,Female,White
65_1_0_20170110151351064.jpg.chip.jpg,65,Female,White
28_1_2_20170116164621666.jpg.chip.jpg,28,Female,Asian
26_0_3_20170119180341844.jpg.chip.jpg,26,Male,Indian
35_1_0_20170104171655778.jpg.chip.jpg,35,Female,White
26_1_2_20170116180307033.jpg.chip.jpg,26,Female,Asian
25_0_0_20170117143430849.jpg.chip.jpg,25,Male,White
4_1_0_20170109192831145.jpg.chip.jpg,4,Female,White
40_1_0_20170117091304525.jpg.chip.jpg,40,Female,White
20_1_1_20170114031112464.jpg.chip.jpg,20,Female,Black
46_1_2_20170109002726038.jpg.chip.jpg,46,Female,Asian
24_0_4_20170117145745635.jpg.chip.jpg,24,Male,Others
32_1_0_20170105002717213.jpg.chip.jpg,32,Female,White
58_0_1_20170117184831471.jpg.chip.jpg,58,Male,Black
35_0_0_20170117175724098.jpg.chip.jpg,35,Male,White
60_1_0_20170110141351728.jpg.chip.jpg,60,Female,White
43_0_3_20170119204551990.jpg.chip.jpg,43,Male,Indian
8_1_4_20170104005426863.jpg.chip.jpg,8,Female,Others
45_1_0_20170110151448578.jpg.chip.jpg,45,Female,White
37_0_0_20170105172649108.jpg.chip.jpg,37,Male,White
74_0_0_20170111211030017.jpg.chip.jpg,74,Male,White
28_0_1_20170116192030399.jpg.chip.jpg,28,Male,Black
10_0_0_20170110225013755.jpg.chip.jpg,10,Male,White
67_0_3_20170119212008184.jpg.chip.jpg,67,Male,Indian
1_0_2_20161219211407518.jpg.chip.jpg,1,Male,Asian
29_0_3_20170117180751226.jpg.chip.jpg,29,Male,Indian
5_1_1_20170112210544957.jpg.chip.jpg,5,Female,Black
20_1_0_20170117133854316.jpg.chip.jpg,20,Female,White
50_0_3_20170119201841712.jpg.chip.jpg,50,Male,Indian
17_0_0_20170116201003399.jpg.chip.jpg,17,Male,White
24_1_4_20170117150628875.jpg.chip.jpg,24,Female,Others
56_0_1_20170117143218188.jpg.chip.jpg,56,Male,Black
30_1_0_20170117134255854.jpg.chip.jpg,30,Female,White
58_1_1_20170113012118016.jpg.chip.jpg,58,Female,Black
68_0_1_20170113152833080.jpg.chip.jpg,68,Male,Black
26_1_0_20170110173815028.jpg.chip.jpg,26,Female,White
5_0_1_20170110213654372.jpg.chip.jpg,5,Male,Black
54_1_0_20170117171158860.jpg.chip.jpg,54,Female,White
40_0_1_20170117154555325.jpg.chip.jpg,40,Male,Black
79_1_0_20170110131753196.jpg.chip.jpg,79,Female,White
63_0_0_20170113210319759.jpg.chip.jpg,63,Male,White
1_1_0_20170109190845250.jpg.chip.jpg,1,Female,White
35_0_0_20170117135012246.jpg.chip.jpg,35,Male,White
39_1_2_20170103183338179.jpg.chip.jpg,39,Female,Asian
3_1_1_20170109194630568.jpg.chip.jpg,3,Female,Black
29_0_0_20170117122015236.jpg.chip.jpg,29,Male,White
25_1_2_20170116175251901.jpg.chip.jpg,25,Female,Asian
2_0_0_20170110213639642.jpg.chip.jpg,2,Male,White
1_0_3_20161219225303736.jpg.chip.jpg,1,Male,Indian
28_1_2_20170116164637415.jpg.chip.jpg,28,Female,Asian
4_0_2_20161220220440489.jpg.chip.jpg,4,Male,Asian
2_1_4_20170117193349661.jpg.chip.jpg,2,Female,Others
8_1_3_20161220220832858.jpg.chip.jpg,8,Female,Indian
26_1_1_20170113012346273.jpg.chip.jpg,26,Female,Black
63_1_0_20170110143421537.jpg.chip.jpg,63,Female,White
70_1_0_20170120221625677.jpg.chip.jpg,70,Female,White
37_0_4_20170116233142186.jpg.chip.jpg,37,Male,Others
34_1_1_20170113000302889.jpg.chip.jpg,34,Female,Black
1_0_2_20161219141226856.jpg.chip.jpg,1,Male,Asian
45_0_4_20170117204242833.jpg.chip.jpg,45,Male,Others
1_1_3_20161219224553880.jpg.chip.jpg,1,Female,Indian
39_0_0_20170117131210937.jpg.chip.jpg,39,Male,White
73_0_0_20170111223400971.jpg.chip.jpg,73,Male,White
31_0_1_20170117162921198.jpg.chip.jpg,31,Male,Black
60_1_0_20170117163645241.jpg.chip.jpg,60,Female,White
38_0_0_20170117130651744.jpg.chip.jpg,38,Male,White
25_1_0_20170117142901203.jpg.chip.jpg,25,Female,White
32_0_1_20170113135924858.jpg.chip.jpg,32,Male,Black
18_1_0_20170109213919463.jpg.chip.jpg,18,Female,White
2_1_2_20161219151919100.jpg.chip.jpg,2,Female,Asian
42_0_1_20170113185220472.jpg.chip.jpg,42,Male,Black
5_0_1_20170113154912353.jpg.chip.jpg,5,Male,Black
30_0_0_20170117140008320.jpg.chip.jpg,30,Male,White
55_1_0_20170117152514923.jpg.chip.jpg,55,Female,White
31_1_4_20170104165129944.jpg.chip.jpg,31,Female,Others
38_1_0_20170116003240193.jpg.chip.jpg,38,Female,White
55_1_0_20170110160643547.jpg.chip.jpg,55,Female,White
65_1_0_20170120133545325.jpg.chip.jpg,65,Female,White
10_0_0_20170110220503946.jpg.chip.jpg,10,Male,White
34_1_3_20170119200905525.jpg.chip.jpg,34,Female,Indian
26_0_1_20170116183512340.jpg.chip.jpg,26,Male,Black
29_0_1_20170116002244586.jpg.chip.jpg,29,Male,Black
26_1_0_20170117171130618.jpg.chip.jpg,26,Female,White
29_1_0_20170117133812262.jpg.chip.jpg,29,Female,White
1_0_2_20161219201312292.jpg.chip.jpg,1,Male,Asian
35_0_0_20170117183000621.jpg.chip.jpg,35,Male,White
2_1_2_20161219203838084.jpg.chip.jpg,2,Female,Asian
16_1_0_20170109213608540.jpg.chip.jpg,16,Female,White
40_1_0_20170117191308044.jpg.chip.jpg,40,Female,White
26_1_1_20170116023936147.jpg.chip.jpg,26,Female,Black
23_1_2_20170116173233383.jpg.chip.jpg,23,Female,Asian
31_0_1_20170113173411619.jpg.chip.jpg,31,Male,Black
1_0_2_20161219203156557.jpg.chip.jpg,1,Male,Asian
63_0_3_20170119211951488.jpg.chip.jpg,63,Male,Indian
45_0_1_20170113173043145.jpg.chip.jpg,45,Male,Black
26_1_4_20170117174256614.jpg.chip.jpg,26,Female,Others
47_0_3_20170119205212904.jpg.chip.jpg,47,Male,Indian
37_0_2_20170116192043134.jpg.chip.jpg,37,Male,Asian
25_0_3_20170119144603197.jpg.chip.jpg,25,Male,Indian
2_0_2_20161219141643337.jpg.chip.jpg,2,Male,Asian
62_1_0_20170110183746742.jpg.chip.jpg,62,Female,White
28_0_1_20170113134036488.jpg.chip.jpg,28,Male,Black
65_1_0_20170110131349129.jpg.chip.jpg,65,Female,White
11_0_0_20170110224233654.jpg.chip.jpg,11,Male,White
18_1_0_20170109212818755.jpg.chip.jpg,18,Female,White
40_0_0_20170116233744337.jpg.chip.jpg,40,Male,White
8_1_0_20170109202305645.jpg.chip.jpg,8,Female,White
55_0_0_20170120222438720.jpg.chip.jpg,55,Male,White
31_1_0_20170103183812243.jpg.chip.jpg,31,Female,White
24_1_0_20170117150535820.jpg.chip.jpg,24,Female,White
27_1_1_20170113000855147.jpg.chip.jpg,27,Female,Black
12_0_0_20170110225348936.jpg.chip.jpg,12,Male,White
8_0_0_20170110215511548.jpg.chip.jpg,8,Male,White
20_1_3_20170104222031311.jpg.chip.jpg,20,Female,Indian
29_1_1_20170115235359510.jpg.chip.jpg,29,Female,Black
65_0_0_20170117204225231.jpg.chip.jpg,65,Male,White
58_0_1_20170117193132038.jpg.chip.jpg,58,Male,Black
78_0_0_20170112224707532.jpg.chip.jpg,78,Male,White
21_1_1_20170113005736069.jpg.chip.jpg,21,Female,Black
35_1_2_20170116191713117.jpg.chip.jpg,35,Female,Asian
22_1_3_20170104222220913.jpg.chip.jpg,22,Female,Indian
2_1_2_20161219140736641.jpg.chip.jpg,2,Female,Asian
65_0_1_20170120223512324.jpg.chip.jpg,65,Male,Black
46_0_3_20170119200449365.jpg.chip.jpg,46,Male,Indian
25_1_0_20170116220813532.jpg.chip.jpg,25,Female,White
36_0_1_20170113133851480.jpg.chip.jpg,36,Male,Black
26_0_3_20170119180512067.jpg.chip.jpg,26,Male,Indian
35_1_1_20170112204654001.jpg.chip.jpg,35,Female,Black
70_0_0_20170116213553686.jpg.chip.jpg,70,Male,White
75_0_1_20170111205346848.jpg.chip.jpg,75,Male,Black
28_0_1_20170113151542431.jpg.chip.jpg,28,Male,Black
60_0_0_20170120221705045.jpg.chip.jpg,60,Male,White
47_0_0_20170104202550449.jpg.chip.jpg,47,Male,White
21_1_1_20170112202848978.jpg.chip.jpg,21,Female,Black
46_0_0_20170104211749300.jpg.chip.jpg,46,Male,White
54_0_0_20170117191323482.jpg.chip.jpg,54,Male,White
21_1_3_20170119155649546.jpg.chip.jpg,21,Female,Indian
58_0_0_20170109015209205.jpg.chip.jpg,58,Male,White
37_0_3_20170119192309233.jpg.chip.jpg,37,Male,Indian
28_0_4_20170109140345949.jpg.chip.jpg,28,Male,Others
20_1_3_20170119153750257.jpg.chip.jpg,20,Female,Indian
34_1_1_20170116225221273.jpg.chip.jpg,34,Female,Black
33_1_1_20170113005238142.jpg.chip.jpg,33,Female,Black
24_1_1_20170113001636241.jpg.chip.jpg,24,Female,Black
24_1_3_20170119171038711.jpg.chip.jpg,24,Female,Indian
38_1_2_20170116222652503.jpg.chip.jpg,38,Female,Asian
61_0_1_20170113175121180.jpg.chip.jpg,61,Male,Black
23_0_3_20170116161243731.jpg.chip.jpg,23,Male,Indian
22_0_1_20170113155002433.jpg.chip.jpg,22,Male,Black
42_0_0_20170105161358787.jpg.chip.jpg,42,Male,White
12_0_0_20170110225553717.jpg.chip.jpg,12,Male,White
35_1_0_20170117191616924.jpg.chip.jpg,35,Female,White
31_1_2_20170116170736523.jpg.chip.jpg,31,Female,Asian
29_0_3_20170117022426014.jpg.chip.jpg,29,Male,Indian
26_0_2_20170116175914485.jpg.chip.jpg,26,Male,Asian
32_1_0_20170104172647281.jpg.chip.jpg,32,Female,White
62_0_2_20170111203953539.jpg.chip.jpg,62,Male,Asian
24_0_3_20170117150043934.jpg.chip.jpg,24,Male,Indian
52_1_1_20170105003356704.jpg.chip.jpg,52,Female,Black
23_1_2_20170104021026844.jpg.chip.jpg,23,Female,Asian
55_0_3_20170119181138452.jpg.chip.jpg,55,Male,Indian
32_0_2_20170116162046640.jpg.chip.jpg,32,Male,Asian
23_1_0_20170116221809969.jpg.chip.jpg,23,Female,White
29_1_1_20170120134001948.jpg.chip.jpg,29,Female,Black
28_0_1_20170117021201719.jpg.chip.jpg,28,Male,Black
17_0_0_20170103201534007.jpg.chip.jpg,17,Male,White
25_0_3_20170104214444117.jpg.chip.jpg,25,Male,Indian
21_0_4_20161223214833090.jpg.chip.jpg,21,Male,Others
65_0_0_20170104185514678.jpg.chip.jpg,65,Male,White
15_0_0_20170110225617650.jpg.chip.jpg,15,Male,White
35_1_4_20170117200255252.jpg.chip.jpg,35,Female,Others
22_1_1_20170114033220857.jpg.chip.jpg,22,Female,Black
18_0_0_20170110231228322.jpg.chip.jpg,18,Male,White
30_1_0_20170117144955746.jpg.chip.jpg,30,Female,White
26_1_4_20170117173903318.jpg.chip.jpg,26,Female,Others
26_1_3_20170112212035747.jpg.chip.jpg,26,Female,Indian
16_1_0_20170109204409777.jpg.chip.jpg,16,Female,White
35_0_2_20170104201834738.jpg.chip.jpg,35,Male,Asian
65_0_2_20170112223820339.jpg.chip.jpg,65,Male,Asian
34_0_1_20170117141355339.jpg.chip.jpg,34,Male,Black
1_0_2_20161219141023272.jpg.chip.jpg,1,Male,Asian
30_0_3_20170117181147603.jpg.chip.jpg,30,Male,Indian
24_1_0_20170105183611646.jpg.chip.jpg,24,Female,White
55_1_0_20170104212854053.jpg.chip.jpg,55,Female,White
45_0_1_20170120221116053.jpg.chip.jpg,45,Male,Black
28_0_0_20170105162616443.jpg.chip.jpg,28,Male,White
47_1_0_20170109220604136.jpg.chip.jpg,47,Female,White
24_1_0_20170117194916850.jpg.chip.jpg,24,Female,White
28_0_4_20170105183852672.jpg.chip.jpg,28,Male,Others
10_0_0_20170110224725285.jpg.chip.jpg,10,Male,White
36_0_1_20170116203518157.jpg.chip.jpg,36,Male,Black
24_0_3_20170119144739660.jpg.chip.jpg,24,Male,Indian
1_1_0_20170109193120893.jpg.chip.jpg,1,Female,White
53_1_0_20170109220736654.jpg.chip.jpg,53,Female,White
26_1_2_20170116184502052.jpg.chip.jpg,26,Female,Asian
27_0_1_20170113181236631.jpg.chip.jpg,27,Male,Black
23_1_3_20170119164559398.jpg.chip.jpg,23,Female,Indian
20_0_1_20170114030944485.jpg.chip.jpg,20,Male,Black
48_1_0_20170110152853674.jpg.chip.jpg,48,Female,White
33_1_0_20170103182624369.jpg.chip.jpg,33,Female,White
8_0_3_20170104230740713.jpg.chip.jpg,8,Male,Indian
24_1_1_20170112234345639.jpg.chip.jpg,24,Female,Black
27_0_0_20170117012803721.jpg.chip.jpg,27,Male,White
8_1_3_20170104221828238.jpg.chip.jpg,8,Female,Indian
23_0_1_20170114030131616.jpg.chip.jpg,23,Male,Black
66_0_0_20170109015504776.jpg.chip.jpg,66,Male,White
29_1_0_20170103182700482.jpg.chip.jpg,29,Female,White
25_1_3_20170119171956657.jpg.chip.jpg,25,Female,Indian
22_1_2_20170116172718234.jpg.chip.jpg,22,Female,Asian
1_0_0_20170110213201721.jpg.chip.jpg,1,Male,White
30_1_1_20170117133823487.jpg.chip.jpg,30,Female,Black
3_1_2_20161219142458105.jpg.chip.jpg,3,Female,Asian
60_1_0_20170110141812183.jpg.chip.jpg,60,Female,White
26_0_2_20170116180330029.jpg.chip.jpg,26,Male,Asian
20_0_3_20170119150802863.jpg.chip.jpg,20,Male,Indian
24_0_0_20170117204449297.jpg.chip.jpg,24,Male,White
22_1_0_20170117171049498.jpg.chip.jpg,22,Female,White
26_1_3_20170117154752639.jpg.chip.jpg,26,Female,Indian
47_0_1_20170113184729088.jpg.chip.jpg,47,Male,Black
21_0_3_20170117141619327.jpg.chip.jpg,21,Male,Indian
24_0_1_20170116172507878.jpg.chip.jpg,24,Male,Black
42_0_4_20170117185614642.jpg.chip.jpg,42,Male,Others
41_1_1_20170116160915103.jpg.chip.jpg,41,Female,Black
56_0_0_20170109004309811.jpg.chip.jpg,56,Male,White
34_0_3_20170119200817301.jpg.chip.jpg,34,Male,Indian
9_0_0_20170110224545102.jpg.chip.jpg,9,Male,White
22_0_0_20170105161701210.jpg.chip.jpg,22,Male,White
78_0_0_20170120223933893.jpg.chip.jpg,78,Male,White
1_0_2_20161219162817126.jpg.chip.jpg,1,Male,Asian
21_0_4_20161223214825003.jpg.chip.jpg,21,Male,Others
52_0_0_20170113184049447.jpg.chip.jpg,52,Male,White
32_0_4_20170103235323876.jpg.chip.jpg,32,Male,Others
26_0_0_20170117195907555.jpg.chip.jpg,26,Male,White
74_0_0_20170111223730444.jpg.chip.jpg,74,Male,White
55_0_0_20170113184515608.jpg.chip.jpg,55,Male,White
26_1_4_20170116220414012.jpg.chip.jpg,26,Female,Others
38_0_0_20170116233110862.jpg.chip.jpg,38,Male,White
28_1_3_20170104223430207.jpg.chip.jpg,28,Female,Indian
70_0_0_20170104213700973.jpg.chip.jpg,70,Male,White
26_1_3_20170119192124129.jpg.chip.jpg,26,Female,Indian
1_0_0_20161219194756275.jpg.chip.jpg,1,Male,White
2_1_3_20161219204319508.jpg.chip.jpg,2,Female,Indian
36_0_3_20170119194325042.jpg.chip.jpg,36,Male,Indian
36_0_0_20170116182401789.jpg.chip.jpg,36,Male,White
1_1_2_20161219220348151.jpg.chip.jpg,1,Female,Asian
22_1_4_20170103212717246.jpg.chip.jpg,22,Female,Others
27_1_2_20161219195834107.jpg.chip.jpg,27,Female,Asian
24_0_3_20170119165805454.jpg.chip.jpg,24,Male,Indian
24_1_3_20170109132534202.jpg.chip.jpg,24,Female,Indian
17_1_0_20170109214542387.jpg.chip.jpg,17,Female,White
30_0_0_20170117180449799.jpg.chip.jpg,30,Male,White
31_1_1_20170116023825964.jpg.chip.jpg,31,Female,Black
26_0_2_20170116175514457.jpg.chip.jpg,26,Male,Asian
28_0_4_20170116182445736.jpg.chip.jpg,28,Male,Others
43_0_0_20170117185909851.jpg.chip.jpg,43,Male,White
28_1_2_20170116191639838.jpg.chip.jpg,28,Female,Asian
44_1_0_20170109013358609.jpg.chip.jpg,44,Female,White
66_1_0_20170110141430168.jpg.chip.jpg,66,Female,White
26_1_1_20170116155801198.jpg.chip.jpg,26,Female,Black
44_0_2_20170116193010589.jpg.chip.jpg,44,Male,Asian
61_0_3_20170119211852753.jpg.chip.jpg,61,Male,Indian
10_0_0_20170110225227587.jpg.chip.jpg,10,Male,White
26_1_2_20170116184831737.jpg.chip.jpg,26,Female,Asian
45_0_1_20170113183252060.jpg.chip.jpg,45,Male,Black
70_0_0_20170111171747665.jpg.chip.jpg,70,Male,White
5_1_0_20161219153649716.jpg.chip.jpg,5,Female,White
41_0_0_20170104204845308.jpg.chip.jpg,41,Male,White
65_0_0_20170117171624306.jpg.chip.jpg,65,Male,White
9_0_0_20170110220311291.jpg.chip.jpg,9,Male,White
2_1_0_20170109194054994.jpg.chip.jpg,2,Female,White
21_1_2_20161219211717693.jpg.chip.jpg,21,Female,Asian
80_1_0_20170110153259184.jpg.chip.jpg,80,Female,White
36_0_0_20170104181434717.jpg.chip.jpg,36,Male,White
34_0_0_20170104172731554.jpg.chip.jpg,34,Male,White
20_0_0_20170117151603012.jpg.chip.jpg,20,Male,White
28_1_3_20170117184807423.jpg.chip.jpg,28,Female,Indian
45_0_3_20170119201303715.jpg.chip.jpg,45,Male,Indian
24_1_2_20170116165549493.jpg.chip.jpg,24,Female,Asian
33_1_1_20170113000321114.jpg.chip.jpg,33,Female,Black
34_1_0_20170117182633942.jpg.chip.jpg,34,Female,White
20_1_2_20170104020820934.jpg.chip.jpg,20,Female,Asian
48_0_0_20170111201211982.jpg.chip.jpg,48,Male,White
40_0_2_20170116174744815.jpg.chip.jpg,40,Male,Asian
57_0_0_20170113210319823.jpg.chip.jpg,57,Male,White
53_1_0_20170105000521347.jpg.chip.jpg,53,Female,White
9_1_0_20170109204754719.jpg.chip.jpg,9,Female,White
54_1_0_20170104235913154.jpg.chip.jpg,54,Female,White
54_1_0_20170110160643344.jpg.chip.jpg,54,Female,White
31_0_1_20170113141853748.jpg.chip.jpg,31,Male,Black
27_0_4_20170117202117229.jpg.chip.jpg,27,Male,Others
35_0_3_20170104230642411.jpg.chip.jpg,35,Male,Indian
44_0_3_20170119200840702.jpg.chip.jpg,44,Male,Indian
27_0_1_20170117013745353.jpg.chip.jpg,27,Male,Black
27_1_2_20170116170956198.jpg.chip.jpg,27,Female,Asian
26_0_0_20170117195452420.jpg.chip.jpg,26,Male,White
21_1_4_20170103230000841.jpg.chip.jpg,21,Female,Others
1_1_4_20161221195027223.jpg.chip.jpg,1,Female,Others
61_0_0_20170104212950061.jpg.chip.jpg,61,Male,White
35_0_0_20170117122020502.jpg.chip.jpg,35,Male,White
14_1_1_20170109203225054.jpg.chip.jpg,14,Female,Black
58_1_1_20170117194028702.jpg.chip.jpg,58,Female,Black
71_0_0_20170120225652609.jpg.chip.jpg,71,Male,White
16_1_3_20170104221802006.jpg.chip.jpg,16,Female,Indian
12_0_0_20170110220108459.jpg.chip.jpg,12,Male,White
13_1_0_20170110220422857.jpg.chip.jpg,13,Female,White
1_1_3_20161219224539488.jpg.chip.jpg,1,Female,Indian
56_1_3_20170109141502576.jpg.chip.jpg,56,Female,Indian
32_0_1_20170113152839433.jpg.chip.jpg,32,Male,Black
27_1_0_20170113001007203.jpg.chip.jpg,27,Female,White
19_0_1_20170113193315725.jpg.chip.jpg,19,Male,Black
12_1_0_20170104005520631.jpg.chip.jpg,12,Female,White
24_1_1_20170112234348991.jpg.chip.jpg,24,Female,Black
31_0_1_20170113142352298.jpg.chip.jpg,31,Male,Black
40_0_0_20170117154610956.jpg.chip.jpg,40,Male,White
25_0_2_20170116174816852.jpg.chip.jpg,25,Male,Asian
10_1_0_20170109203218966.jpg.chip.jpg,10,Female,White
26_0_0_20170117173447156.jpg.chip.jpg,26,Male,White
78_1_0_20170120224727472.jpg.chip.jpg,78,Female,White
31_1_0_20170119150929511.jpg.chip.jpg,31,Female,White
26_0_2_20170116183002811.jpg.chip.jpg,26,Male,Asian
7_1_3_20161220222902435.jpg.chip.jpg,7,Female,Indian
50_1_0_20170110123120845.jpg.chip.jpg,50,Female,White
35_0_0_20170117175811427.jpg.chip.jpg,35,Male,White
30_1_0_20170105170137612.jpg.chip.jpg,30,Female,White
39_0_1_20170117165839076.jpg.chip.jpg,39,Male,Black
30_0_1_20170104170359625.jpg.chip.jpg,30,Male,Black
33_1_1_20170117173927950.jpg.chip.jpg,33,Female,Black
32_1_1_20170112223744219.jpg.chip.jpg,32,Female,Black
29_0_4_20170104200625561.jpg.chip.jpg,29,Male,Others
34_0_0_20170116182356566.jpg.chip.jpg,34,Male,White
52_0_3_20170104220829094.jpg.chip.jpg,52,Male,Indian
18_1_1_20170116000609057.jpg.chip.jpg,18,Female,Black
21_0_1_20170113133115864.jpg.chip.jpg,21,Male,Black
60_0_0_20170104213108966.jpg.chip.jpg,60,Male,White
1_0_4_20170103205312818.jpg.chip.jpg,1,Male,Others
45_0_3_20170119200136571.jpg.chip.jpg,45,Male,Indian
26_1_0_20170103181940954.jpg.chip.jpg,26,Female,White
41_0_0_20170120133745342.jpg.chip.jpg,41,Male,White
11_1_0_20170110224810583.jpg.chip.jpg,11,Female,White
28_1_3_20170119194821963.jpg.chip.jpg,28,Female,Indian
26_1_1_20170116225013300.jpg.chip.jpg,26,Female,Black
55_1_3_20170119195255556.jpg.chip.jpg,55,Female,Indian
26_0_3_20170119192320961.jpg.chip.jpg,26,Male,Indian
75_0_0_20170111204808623.jpg.chip.jpg,75,Male,White
30_0_3_20170104220333766.jpg.chip.jpg,30,Male,Indian
29_0_0_20170104165110771.jpg.chip.jpg,29,Male,White
26_1_2_20170116184020867.jpg.chip.jpg,26,Female,Asian
7_1_0_20170109203621621.jpg.chip.jpg,7,Female,White
33_0_4_20170104172723834.jpg.chip.jpg,33,Male,Others
20_1_3_20170117141155272.jpg.chip.jpg,20,Female,Indian
36_0_3_20170119201708181.jpg.chip.jpg,36,Male,Indian
39_1_0_20170103182515161.jpg.chip.jpg,39,Female,White
75_1_0_20170120222715178.jpg.chip.jpg,75,Female,White
54_0_0_20170117191339385.jpg.chip.jpg,54,Male,White
9_0_0_20170110220413289.jpg.chip.jpg,9,Male,White
36_0_0_20170117183118966.jpg.chip.jpg,36,Male,White
24_0_0_20170117091201342.jpg.chip.jpg,24,Male,White
37_0_3_20170119162833204.jpg.chip.jpg,37,Male,Indian
27_1_0_20170103180510792.jpg.chip.jpg,27,Female,White
23_1_0_20170116221829961.jpg.chip.jpg,23,Female,White
24_1_0_20170116214311227.jpg.chip.jpg,24,Female,White
24_1_2_20170116165537446.jpg.chip.jpg,24,Female,Asian
70_1_0_20170110180456347.jpg.chip.jpg,70,Female,White
26_0_1_20170113135416706.jpg.chip.jpg,26,Male,Black
1_0_4_20161221202558993.jpg.chip.jpg,1,Male,Others
25_1_0_20170103180311751.jpg.chip.jpg,25,Female,White
46_1_1_20170113001246891.jpg.chip.jpg,46,Female,Black
30_1_0_20170117135748734.jpg.chip.jpg,30,Female,White
58_1_0_20170109012204899.jpg.chip.jpg,58,Female,White
37_1_0_20170117140111378.jpg.chip.jpg,37,Female,White
62_1_0_20170110160643766.jpg.chip.jpg,62,Female,White
50_0_1_20170113184224648.jpg.chip.jpg,50,Male,Black
50_0_0_20170104184249918.jpg.chip.jpg,50,Male,White
37_0_3_20170119202312469.jpg.chip.jpg,37,Male,Indian
25_1_0_20170116213524092.jpg.chip.jpg,25,Female,White
44_0_3_20170119195216221.jpg.chip.jpg,44,Male,Indian
39_1_1_20170112204540442.jpg.chip.jpg,39,Female,Black
26_0_3_20170119174937595.jpg.chip.jpg,26,Male,Indian
45_1_0_20170108224914419.jpg.chip.jpg,45,Female,White
25_0_0_20170113210127389.jpg.chip.jpg,25,Male,White
40_0_1_20170117173250993.jpg.chip.jpg,40,Male,Black
8_1_0_20170109203200614.jpg.chip.jpg,8,Female,White
30_1_0_20170117181416245.jpg.chip.jpg,30,Female,White
24_1_3_20170119152746104.jpg.chip.jpg,24,Female,Indian
37_1_1_20170116232758932.jpg.chip.jpg,37,Female,Black
4_1_0_20170117201312381.jpg.chip.jpg,4,Female,White
35_1_0_20170117154643574.jpg.chip.jpg,35,Female,White
39_0_1_20170117165939682.jpg.chip.jpg,39,Male,Black
17_1_3_20170104222038870.jpg.chip.jpg,17,Female,Indian
65_1_0_20170110140924521.jpg.chip.jpg,65,Female,White
22_1_4_20170103223649399.jpg.chip.jpg,22,Female,Others
9_1_0_20170103212649164.jpg.chip.jpg,9,Female,White
31_0_1_20170117135511623.jpg.chip.jpg,31,Male,Black
60_0_3_20170117001217178.jpg.chip.jpg,60,Male,Indian
23_0_1_20170114033438130.jpg.chip.jpg,23,Male,Black
33_1_0_20170112211922374.jpg.chip.jpg,33,Female,White
28_0_1_20170112211822909.jpg.chip.jpg,28,Male,Black
4_1_0_20161219154932021.jpg.chip.jpg,4,Female,White
26_0_2_20170116182417422.jpg.chip.jpg,26,Male,Asian
28_1_1_20170117022211139.jpg.chip.jpg,28,Female,Black
24_0_1_20170117145832554.jpg.chip.jpg,24,Male,Black
26_1_3_20170117174556511.jpg.chip.jpg,26,Female,Indian
35_0_1_20170113141808954.jpg.chip.jpg,35,Male,Black
54_1_0_20170110122231385.jpg.chip.jpg,54,Female,White
45_0_0_20170116232936514.jpg.chip.jpg,45,Male,White
62_0_1_20170113190628890.jpg.chip.jpg,62,Male,Black
60_0_0_20170117153701292.jpg.chip.jpg,60,Male,White
47_1_0_20170119205252879.jpg.chip.jpg,47,Female,White
38_0_1_20170114033516210.jpg.chip.jpg,38,Male,Black
26_1_0_20170116225127693.jpg.chip.jpg,26,Female,White
60_0_1_20170117160801279.jpg.chip.jpg,60,Male,Black
72_1_0_20170110120829664.jpg.chip.jpg,72,Female,White
27_1_3_20170119194419338.jpg.chip.jpg,27,Female,Indian
58_1_0_20170120224803945.jpg.chip.jpg,58,Female,White
18_1_0_20170109214813691.jpg.chip.jpg,18,Female,White
45_0_3_20170119203950879.jpg.chip.jpg,45,Male,Indian
70_1_0_20170110122851852.jpg.chip.jpg,70,Female,White
60_0_3_20170119205622888.jpg.chip.jpg,60,Male,Indian
37_1_0_20170117203545246.jpg.chip.jpg,37,Female,White
64_1_0_20170110160643892.jpg.chip.jpg,64,Female,White
24_0_2_20170116170629539.jpg.chip.jpg,24,Male,Asian
7_0_0_20170110220552025.jpg.chip.jpg,7,Male,White
54_0_0_20170117171516004.jpg.chip.jpg,54,Male,White
25_0_0_20170113210319573.jpg.chip.jpg,25,Male,White
58_0_0_20170117143055861.jpg.chip.jpg,58,Male,White
43_1_1_20170116003503143.jpg.chip.jpg,43,Female,Black
26_0_1_20170113151515272.jpg.chip.jpg,26,Male,Black
20_0_1_20170113132355967.jpg.chip.jpg,20,Male,Black
7_0_0_20170110225139511.jpg.chip.jpg,7,Male,White
53_1_0_20170110122634608.jpg.chip.jpg,53,Female,White
55_0_2_20170104023159589.jpg.chip.jpg,55,Male,Asian
21_1_1_20170114032154585.jpg.chip.jpg,21,Female,Black
26_1_2_20170116175512769.jpg.chip.jpg,26,Female,Asian
26_1_0_20170117200517726.jpg.chip.jpg,26,Female,White
35_0_0_20170120223710300.jpg.chip.jpg,35,Male,White
26_0_0_20170116232418087.jpg.chip.jpg,26,Male,White
62_0_1_20170113154852003.jpg.chip.jpg,62,Male,Black
68_1_0_20170110183125200.jpg.chip.jpg,68,Female,White
54_1_0_20170117171555172.jpg.chip.jpg,54,Female,White
26_0_1_20170113181549340.jpg.chip.jpg,26,Male,Black
42_0_0_20170116224637121.jpg.chip.jpg,42,Male,White
34_0_1_20170117182640204.jpg.chip.jpg,34,Male,Black
30_0_0_20170119145340944.jpg.chip.jpg,30,Male,White
27_0_2_20170119193331082.jpg.chip.jpg,27,Male,Asian
25_0_2_20170116175216129.jpg.chip.jpg,25,Male,Asian
9_0_2_20161219193430531.jpg.chip.jpg,9,Male,Asian
55_0_3_20170119154102401.jpg.chip.jpg,55,Male,Indian
65_1_0_20170110150303627.jpg.chip.jpg,65,Female,White
3_1_2_20161219160836485.jpg.chip.jpg,3,Female,Asian
65_0_0_20170112222116553.jpg.chip.jpg,65,Male,White
27_0_0_20170117144431762.jpg.chip.jpg,27,Male,White
26_0_4_20170117153015117.jpg.chip.jpg,26,Male,Others
5_1_0_20170109191938064.jpg.chip.jpg,5,Female,White
25_0_1_20170102233534138.jpg.chip.jpg,25,Male,Black
7_0_0_20170110215736826.jpg.chip.jpg,7,Male,White
24_1_1_20170112234558855.jpg.chip.jpg,24,Female,Black
76_0_0_20170116233204210.jpg.chip.jpg,76,Male,White
40_0_1_20170113161517669.jpg.chip.jpg,40,Male,Black
28_0_0_20170113132803105.jpg.chip.jpg,28,Male,White
26_1_4_20170117153828843.jpg.chip.jpg,26,Female,Others
80_0_2_20170112224623307.jpg.chip.jpg,80,Male,Asian
2_1_4_20161221202243153.jpg.chip.jpg,2,Female,Others
25_1_3_20170119155132282.jpg.chip.jpg,25,Female,Indian
40_0_2_20170116222954442.jpg.chip.jpg,40,Male,Asian
23_1_4_20170103233615355.jpg.chip.jpg,23,Female,Others
3_0_2_20161219141016496.jpg.chip.jpg,3,Male,Asian
26_1_3_20170119193118067.jpg.chip.jpg,26,Female,Indian
29_1_1_20170117190515909.jpg.chip.jpg,29,Female,Black
58_0_0_20170111200444658.jpg.chip.jpg,58,Male,White
14_1_0_20170109213221821.jpg.chip.jpg,14,Female,White
28_0_2_20170116170855714.jpg.chip.jpg,28,Male,Asian
30_0_2_20170116193710051.jpg.chip.jpg,30,Male,Asian
35_1_0_20170117135422687.jpg.chip.jpg,35,Female,White
28_0_1_20170117020025404.jpg.chip.jpg,28,Male,Black
3_0_0_20161219154705684.jpg.chip.jpg,3,Male,White
40_1_1_20170116162028041.jpg.chip.jpg,40,Female,Black
51_0_0_20170117130112885.jpg.chip.jpg,51,Male,White
13_1_0_20170109204128684.jpg.chip.jpg,13,Female,White
29_0_1_20170116203358423.jpg.chip.jpg,29,Male,Black
66_0_1_20170113185346153.jpg.chip.jpg,66,Male,Black
23_1_2_20170116172959302.jpg.chip.jpg,23,Female,Asian
26_1_3_20170104222810087.jpg.chip.jpg,26,Female,Indian
53_0_0_20170109012723533.jpg.chip.jpg,53,Male,White
12_1_2_20170103201240488.jpg.chip.jpg,12,Female,Asian
49_1_0_20170110125307207.jpg.chip.jpg,49,Female,White
60_0_0_20170117001131850.jpg.chip.jpg,60,Male,White
61_0_3_20170119211851937.jpg.chip.jpg,61,Male,Indian
34_0_3_20170119194902451.jpg.chip.jpg,34,Male,Indian
4_0_0_20170110213536030.jpg.chip.jpg,4,Male,White
72_0_0_20170120225636180.jpg.chip.jpg,72,Male,White
8_1_0_20170109204534346.jpg.chip.jpg,8,Female,White
53_1_3_20170119200419883.jpg.chip.jpg,53,Female,Indian
26_1_3_20170119193107971.jpg.chip.jpg,26,Female,Indian
26_0_1_20170113151606607.jpg.chip.jpg,26,Male,Black
24_1_1_20170112204507818.jpg.chip.jpg,24,Female,Black
38_1_1_20170113012901907.jpg.chip.jpg,38,Female,Black
28_1_1_20170112211124102.jpg.chip.jpg,28,Female,Black
1_0_0_20161219211607517.jpg.chip.jpg,1,Male,White
68_0_1_20170111194909799.jpg.chip.jpg,68,Male,Black
21_1_1_20170112233456816.jpg.chip.jpg,21,Female,Black
31_0_4_20170116191637408.jpg.chip.jpg,31,Male,Others
70_1_0_20170110152916950.jpg.chip.jpg,70,Female,White
59_0_0_20170104185548054.jpg.chip.jpg,59,Male,White
40_0_0_20170116235455068.jpg.chip.jpg,40,Male,White
25_1_0_20170105000803577.jpg.chip.jpg,25,Female,White
26_1_1_20170116170028717.jpg.chip.jpg,26,Female,Black
30_1_2_20170116162002429.jpg.chip.jpg,30,Female,Asian
26_0_4_20170120140013888.jpg.chip.jpg,26,Male,Others
45_0_0_20170117135621471.jpg.chip.jpg,45,Male,White
69_1_0_20170110141527783.jpg.chip.jpg,69,Female,White
5_0_0_20170110215925587.jpg.chip.jpg,5,Male,White
22_0_4_20161221202100745.jpg.chip.jpg,22,Male,Others
56_1_1_20170105163352795.jpg.chip.jpg,56,Female,Black
22_0_3_20170104230121056.jpg.chip.jpg,22,Male,Indian
22_1_3_20170119163715917.jpg.chip.jpg,22,Female,Indian
10_0_0_20170120220628194.jpg.chip.jpg,10,Male,White
78_1_0_20170120230432160.jpg.chip.jpg,78,Female,White
28_0_3_20170119194436435.jpg.chip.jpg,28,Male,Indian
5_0_1_20170103205158426.jpg.chip.jpg,5,Male,Black
26_0_3_20170119180331459.jpg.chip.jpg,26,Male,Indian
42_0_0_20170117171657481.jpg.chip.jpg,42,Male,White
1_1_0_20161219154506229.jpg.chip.jpg,1,Female,White
39_1_3_20170104233629347.jpg.chip.jpg,39,Female,Indian
20_0_0_20170117141041394.jpg.chip.jpg,20,Male,White
17_1_3_20170117143037796.jpg.chip.jpg,17,Female,Indian
35_1_0_20170117145000436.jpg.chip.jpg,35,Female,White
1_0_0_20170110213005631.jpg.chip.jpg,1,Male,White
4_0_1_20170110213631827.jpg.chip.jpg,4,Male,Black
27_1_2_20161219204245668.jpg.chip.jpg,27,Female,Asian
1_1_0_20170109191518278.jpg.chip.jpg,1,Female,White
4_1_4_20161221193352350.jpg.chip.jpg,4,Female,Others
38_1_1_20170112211132925.jpg.chip.jpg,38,Female,Black
23_1_2_20170116172803446.jpg.chip.jpg,23,Female,Asian
27_0_0_20170116194225517.jpg.chip.jpg,27,Male,White
23_0_1_20170117194052028.jpg.chip.jpg,23,Male,Black
16_0_0_20170110231230149.jpg.chip.jpg,16,Male,White
25_1_3_20161220221516834.jpg.chip.jpg,25,Female,Indian
5_0_0_20170110212804775.jpg.chip.jpg,5,Male,White
24_1_0_20170119170936274.jpg.chip.jpg,24,Female,White
27_1_2_20170116172712326.jpg.chip.jpg,27,Female,Asian
51_1_3_20170105001344652.jpg.chip.jpg,51,Female,Indian
80_0_0_20170117173059810.jpg.chip.jpg,80,Male,White
15_1_4_20170104005847968.jpg.chip.jpg,15,Female,Others
24_1_1_20170112234551513.jpg.chip.jpg,24,Female,Black
28_1_1_20170116231836061.jpg.chip.jpg,28,Female,Black
1_0_2_20161219161822166.jpg.chip.jpg,1,Male,Asian
32_1_1_20170116153759560.jpg.chip.jpg,32,Female,Black
2_1_3_20161219230048688.jpg.chip.jpg,2,Female,Indian
26_0_1_20170113133259775.jpg.chip.jpg,26,Male,Black
26_1_0_20170116184824361.jpg.chip.jpg,26,Female,White
14_0_2_20170110232701995.jpg.chip.jpg,14,Male,Asian
32_1_2_20170104165057208.jpg.chip.jpg,32,Female,Asian
28_0_1_20170113141507985.jpg.chip.jpg,28,Male,Black
26_1_1_20170116154727986.jpg.chip.jpg,26,Female,Black
3_1_2_20161219204943868.jpg.chip.jpg,3,Female,Asian
32_0_0_20170117133751253.jpg.chip.jpg,32,Male,White
21_0_3_20170104225826937.jpg.chip.jpg,21,Male,Indian
27_1_0_20170117010449413.jpg.chip.jpg,27,Female,White
37_0_3_20170119153105041.jpg.chip.jpg,37,Male,Indian
75_1_0_20170110181540242.jpg.chip.jpg,75,Female,White
22_1_2_20170116170405273.jpg.chip.jpg,22,Female,Asian
42_0_2_20170112192928782.jpg.chip.jpg,42,Male,Asian
23_1_1_20170103212737732.jpg.chip.jpg,23,Female,Black
25_1_2_20170116174847586.jpg.chip.jpg,25,Female,Asian
40_1_0_20170103163152623.jpg.chip.jpg,40,Female,White
75_0_0_20170117174632541.jpg.chip.jpg,75,Male,White
5_1_2_20161219163010238.jpg.chip.jpg,5,Female,Asian
31_1_3_20170119195945900.jpg.chip.jpg,31,Female,Indian
26_1_1_20170116183008326.jpg.chip.jpg,26,Female,Black
24_0_1_20170113180916549.jpg.chip.jpg,24,Male,Black
42_0_0_20170113012441401.jpg.chip.jpg,42,Male,White
53_0_0_20170104184207950.jpg.chip.jpg,53,Male,White
24_1_2_20170116193511273.jpg.chip.jpg,24,Female,Asian
34_0_4_20170105165000683.jpg.chip.jpg,34,Male,Others
26_1_1_20170112233445111.jpg.chip.jpg,26,Female,Black
30_1_0_20170117170425322.jpg.chip.jpg,30,Female,White
39_0_1_20170117142622304.jpg.chip.jpg,39,Male,Black
47_1_0_20170103183432930.jpg.chip.jpg,47,Female,White
53_0_0_20170104212413221.jpg.chip.jpg,53,Male,White
52_1_2_20170116183832074.jpg.chip.jpg,52,Female,Asian
25_0_1_20170116001049632.jpg.chip.jpg,25,Male,Black
44_0_3_20170119155521690.jpg.chip.jpg,44,Male,Indian
38_1_1_20170116024040944.jpg.chip.jpg,38,Female,Black
2_1_3_20161219225738912.jpg.chip.jpg,2,Female,Indian
7_1_0_20170104005339735.jpg.chip.jpg,7,Female,White
36_0_0_20170117181851709.jpg.chip.jpg,36,Male,White
52_0_3_20170113190623929.jpg.chip.jpg,52,Male,Indian
1_0_0_20161219163425847.jpg.chip.jpg,1,Male,White
45_0_0_20170120221308125.jpg.chip.jpg,45,Male,White
14_1_4_20170109205457235.jpg.chip.jpg,14,Female,Others
76_0_0_20170111222035117.jpg.chip.jpg,76,Male,White
28_1_2_20170116163327403.jpg.chip.jpg,28,Female,Asian
50_0_0_20170117172254068.jpg.chip.jpg,50,Male,White
23_0_1_20170113133840296.jpg.chip.jpg,23,Male,Black
34_0_0_20170117134927863.jpg.chip.jpg,34,Male,White
36_0_1_20170113142408744.jpg.chip.jpg,36,Male,Black
4_1_2_20161219141536392.jpg.chip.jpg,4,Female,Asian
3_1_0_20161219204602748.jpg.chip.jpg,3,Female,White
55_0_0_20170117190811698.jpg.chip.jpg,55,Male,White
8_1_0_20170109205028805.jpg.chip.jpg,8,Female,White
54_0_3_20170119210123256.jpg.chip.jpg,54,Male,Indian
4_1_2_20161219154415701.jpg.chip.jpg,4,Female,Asian
56_0_2_20170111202058310.jpg.chip.jpg,56,Male,Asian
48_0_1_20170117172159893.jpg.chip.jpg,48,Male,Black
9_1_0_20170109203410981.jpg.chip.jpg,9,Female,White
26_0_1_20170116235506865.jpg.chip.jpg,26,Male,Black
35_0_4_20170117195110413.jpg.chip.jpg,35,Male,Others
41_1_3_20170104234715675.jpg.chip.jpg,41,Female,Indian
62_0_0_20170117154834952.jpg.chip.jpg,62,Male,White
38_0_4_20170103230436562.jpg.chip.jpg,38,Male,Others
38_1_1_20170116012120261.jpg.chip.jpg,38,Female,Black
38_0_2_20170116175206365.jpg.chip.jpg,38,Male,Asian
32_0_0_20170117121634502.jpg.chip.jpg,32,Male,White
26_1_0_20170117170217033.jpg.chip.jpg,26,Female,White
52_0_0_20170117161013430.jpg.chip.jpg,52,Male,White
11_0_0_20170110225254975.jpg.chip.jpg,11,Male,White
35_0_1_20170113134747002.jpg.chip.jpg,35,Male,Black
22_1_2_20170116162938834.jpg.chip.jpg,22,Female,Asian
29_1_1_20170117194236505.jpg.chip.jpg,29,Female,Black
54_0_0_20170120223348956.jpg.chip.jpg,54,Male,White
29_1_0_20170113000811442.jpg.chip.jpg,29,Female,White
34_0_3_20170119200547004.jpg.chip.jpg,34,Male,Indian
30_1_2_20170116162039101.jpg.chip.jpg,30,Female,Asian
9_0_0_20170110220236260.jpg.chip.jpg,9,Male,White
30_0_0_20170117120709730.jpg.chip.jpg,30,Male,White
38_0_3_20170119202715190.jpg.chip.jpg,38,Male,Indian
24_1_4_20170116222729168.jpg.chip.jpg,24,Female,Others
35_0_3_20170117171648788.jpg.chip.jpg,35,Male,Indian
3_1_0_20170109192006973.jpg.chip.jpg,3,Female,White
27_0_3_20170104214555317.jpg.chip.jpg,27,Male,Indian
26_0_0_20170120134036223.jpg.chip.jpg,26,Male,White
49_0_0_20170117160559335.jpg.chip.jpg,49,Male,White
10_0_0_20170110225442428.jpg.chip.jpg,10,Male,White
20_1_0_20170117140146900.jpg.chip.jpg,20,Female,White
26_1_0_20170116184725493.jpg.chip.jpg,26,Female,White
49_0_1_20170116191717345.jpg.chip.jpg,49,Male,Black
19_1_0_20170109212458403.jpg.chip.jpg,19,Female,White
23_1_3_20170119164504597.jpg.chip.jpg,23,Female,Indian
2_1_2_20161219162336446.jpg.chip.jpg,2,Female,Asian
20_0_0_20170113180905699.jpg.chip.jpg,20,Male,White
28_0_1_20170113154949665.jpg.chip.jpg,28,Male,Black
27_0_1_20170117125937977.jpg.chip.jpg,27,Male,Black
6_1_1_20170109192734062.jpg.chip.jpg,6,Female,Black
59_0_0_20170120223101163.jpg.chip.jpg,59,Male,White
26_0_1_20170116184632849.jpg.chip.jpg,26,Male,Black
21_1_3_20170104222653479.jpg.chip.jpg,21,Female,Indian
40_1_0_20170117121910432.jpg.chip.jpg,40,Female,White
80_1_0_20170110182353061.jpg.chip.jpg,80,Female,White
26_1_0_20170117094729864.jpg.chip.jpg,26,Female,White
53_0_0_20170104212407239.jpg.chip.jpg,53,Male,White
20_0_1_20170113132703608.jpg.chip.jpg,20,Male,Black
36_0_0_20170117135459790.jpg.chip.jpg,36,Male,White
73_0_0_20170105001507628.jpg.chip.jpg,73,Male,White
70_0_1_20170117174954253.jpg.chip.jpg,70,Male,Black
47_0_3_20170119152344615.jpg.chip.jpg,47,Male,Indian
26_0_3_20170104230323233.jpg.chip.jpg,26,Male,Indian
2_1_4_20170103212142324.jpg.chip.jpg,2,Female,Others
21_0_1_20170113145729669.jpg.chip.jpg,21,Male,Black
28_0_3_20170117121559306.jpg.chip.jpg,28,Male,Indian
35_0_0_20170117170757093.jpg.chip.jpg,35,Male,White
30_1_0_20170117181122764.jpg.chip.jpg,30,Female,White
26_1_4_20161221193657350.jpg.chip.jpg,26,Female,Others
1_1_2_20161219193320219.jpg.chip.jpg,1,Female,Asian
63_0_3_20170119211952608.jpg.chip.jpg,63,Male,Indian
45_0_1_20170117140619918.jpg.chip.jpg,45,Male,Black
21_1_3_20170104221836903.jpg.chip.jpg,21,Female,Indian
8_1_1_20170117170013457.jpg.chip.jpg,8,Female,Black
31_1_4_20170103230330201.jpg.chip.jpg,31,Female,Others
5_1_0_20170109201733901.jpg.chip.jpg,5,Female,White
12_1_3_20161220222343139.jpg.chip.jpg,12,Female,Indian
2_1_1_20170109194606626.jpg.chip.jpg,2,Female,Black
30_1_0_20170117151337477.jpg.chip.jpg,30,Female,White
24_1_3_20170104223551695.jpg.chip.jpg,24,Female,Indian
3_0_0_20170110212855714.jpg.chip.jpg,3,Male,White
25_1_0_20170104234942017.jpg.chip.jpg,25,Female,White
21_0_4_20170103225103768.jpg.chip.jpg,21,Male,Others
28_1_1_20170113012805025.jpg.chip.jpg,28,Female,Black
32_0_3_20170119200204548.jpg.chip.jpg,32,Male,Indian
77_0_0_20170111211341479.jpg.chip.jpg,77,Male,White
1_0_2_20161219195848259.jpg.chip.jpg,1,Male,Asian
25_1_0_20170117195321747.jpg.chip.jpg,25,Female,White
31_0_3_20170119195948571.jpg.chip.jpg,31,Male,Indian
26_0_0_20170117172737876.jpg.chip.jpg,26,Male,White
4_1_0_20170109201611941.jpg.chip.jpg,4,Female,White
46_0_0_20170116192705365.jpg.chip.jpg,46,Male,White
58_0_0_20170120224625496.jpg.chip.jpg,58,Male,White
28_1_2_20170116164200987.jpg.chip.jpg,28,Female,Asian
40_0_1_20170117170126359.jpg.chip.jpg,40,Male,Black
6_1_0_20170109201058867.jpg.chip.jpg,6,Female,White
72_0_0_20170111204451925.jpg.chip.jpg,72,Male,White
26_1_3_20170104222922568.jpg.chip.jpg,26,Female,Indian
23_0_1_20170117012400519.jpg.chip.jpg,23,Male,Black
26_0_1_20170113181814396.jpg.chip.jpg,26,Male,Black
1_1_2_20161219155356357.jpg.chip.jpg,1,Female,Asian
28_1_1_20170109132733613.jpg.chip.jpg,28,Female,Black
29_0_2_20170116182206717.jpg.chip.jpg,29,Male,Asian
52_0_0_20170104212331895.jpg.chip.jpg,52,Male,White
60_0_3_20170119204356982.jpg.chip.jpg,60,Male,Indian
50_0_0_20170116192855160.jpg.chip.jpg,50,Male,White
31_0_0_20170117135213674.jpg.chip.jpg,31,Male,White
10_0_0_20170110220539329.jpg.chip.jpg,10,Male,White
28_0_0_20170117202618479.jpg.chip.jpg,28,Male,White
26_1_2_20170116173312689.jpg.chip.jpg,26,Female,Asian
28_0_3_20170119194512051.jpg.chip.jpg,28,Male,Indian
26_1_3_20170117173915821.jpg.chip.jpg,26,Female,Indian
32_0_0_20170104173023034.jpg.chip.jpg,32,Male,White
24_1_2_20170116171557699.jpg.chip.jpg,24,Female,Asian
23_1_1_20170113010514727.jpg.chip.jpg,23,Female,Black
27_1_2_20170116170714855.jpg.chip.jpg,27,Female,Asian
36_0_0_20170105171802956.jpg.chip.jpg,36,Male,White
25_0_3_20170119171838936.jpg.chip.jpg,25,Male,Indian
35_1_0_20170116222143959.jpg.chip.jpg,35,Female,White
9_0_0_20170110225344511.jpg.chip.jpg,9,Male,White
1_1_0_20170109193717283.jpg.chip.jpg,1,Female,White
42_0_1_20170116193736397.jpg.chip.jpg,42,Male,Black
26_1_2_20170116184523693.jpg.chip.jpg,26,Female,Asian
37_1_1_20170117014034055.jpg.chip.jpg,37,Female,Black
39_1_3_20170104235854833.jpg.chip.jpg,39,Female,Indian
23_1_4_20170117194240867.jpg.chip.jpg,23,Female,Others
32_0_3_20170104204208194.jpg.chip.jpg,32,Male,Indian
38_0_0_20170117191429314.jpg.chip.jpg,38,Male,White
42_0_0_20170117185725872.jpg.chip.jpg,42,Male,White
5_1_2_20161219194248395.jpg.chip.jpg,5,Female,Asian
55_0_0_20170120222352831.jpg.chip.jpg,55,Male,White
50_0_0_20170111171747253.jpg.chip.jpg,50,Male,White
50_0_3_20170119205530376.jpg.chip.jpg,50,Male,Indian
24_1_4_20170103230420760.jpg.chip.jpg,24,Female,Others
22_1_4_20170103234706499.jpg.chip.jpg,22,Female,Others
7_1_4_20161223232252196.jpg.chip.jpg,7,Female,Others
25_0_0_20170104004136182.jpg.chip.jpg,25,Male,White
28_1_1_20170113012030016.jpg.chip.jpg,28,Female,Black
35_1_3_20170117183045293.jpg.chip.jpg,35,Female,Indian
27_0_0_20170116204141166.jpg.chip.jpg,27,Male,White
42_1_1_20170113013004135.jpg.chip.jpg,42,Female,Black
27_0_1_20170113135628651.jpg.chip.jpg,27,Male,Black
26_1_0_20170117175240971.jpg.chip.jpg,26,Female,White
80_1_0_20170120223534893.jpg.chip.jpg,80,Female,White
35_1_1_20170112211938516.jpg.chip.jpg,35,Female,Black
60_1_0_20170110143517260.jpg.chip.jpg,60,Female,White
34_1_0_20170112203838660.jpg.chip.jpg,34,Female,White
43_1_3_20170109142242047.jpg.chip.jpg,43,Female,Indian
70_0_1_20170113184357359.jpg.chip.jpg,70,Male,Black
26_0_1_20170113133950129.jpg.chip.jpg,26,Male,Black
30_0_2_20170113132649300.jpg.chip.jpg,30,Male,Asian
2_0_0_20170110213051007.jpg.chip.jpg,2,Male,White
9_0_0_20170110224736067.jpg.chip.jpg,9,Male,White
48_0_2_20170117160518496.jpg.chip.jpg,48,Male,Asian
4_1_3_20161219225056888.jpg.chip.jpg,4,Female,Indian
35_1_0_20170117141002650.jpg.chip.jpg,35,Female,White
49_0_2_20170104021434588.jpg.chip.jpg,49,Male,Asian
40_0_3_20170104203137444.jpg.chip.jpg,40,Male,Indian
26_1_4_20170103230455729.jpg.chip.jpg,26,Female,Others
36_0_1_20170113141753251.jpg.chip.jpg,36,Male,Black
60_0_3_20170111203540060.jpg.chip.jpg,60,Male,Indian
2_0_4_20170103211006898.jpg.chip.jpg,2,Male,Others
31_1_0_20170104181343268.jpg.chip.jpg,31,Female,White
51_0_0_20170117154738754.jpg.chip.jpg,51,Male,White
60_0_2_20170116190207532.jpg.chip.jpg,60,Male,Asian
14_1_0_20170103200819591.jpg.chip.jpg,14,Female,White
1_0_0_20161219195753899.jpg.chip.jpg,1,Male,White
22_1_4_20161223225936076.jpg.chip.jpg,22,Female,Others
15_0_0_20170110232331351.jpg.chip.jpg,15,Male,White
25_0_0_20170116213510820.jpg.chip.jpg,25,Male,White
35_0_0_20170108235715593.jpg.chip.jpg,35,Male,White
26_0_0_20170117184723591.jpg.chip.jpg,26,Male,White
52_1_0_20170104184406094.jpg.chip.jpg,52,Female,White
1_1_0_20161219205534526.jpg.chip.jpg,1,Female,White
31_0_2_20161219192759515.jpg.chip.jpg,31,Male,Asian
32_0_0_20170116191419267.jpg.chip.jpg,32,Male,White
42_0_0_20170117154803642.jpg.chip.jpg,42,Male,White
47_1_0_20170109142251314.jpg.chip.jpg,47,Female,White
68_0_1_20170117172339634.jpg.chip.jpg,68,Male,Black
4_1_0_20170119144520789.jpg.chip.jpg,4,Female,White
44_0_3_20170119195144674.jpg.chip.jpg,44,Male,Indian
50_0_3_20170113190305936.jpg.chip.jpg,50,Male,Indian
57_0_0_20170104184213430.jpg.chip.jpg,57,Male,White
58_0_0_20170111204009616.jpg.chip.jpg,58,Male,White
26_0_2_20170116182451477.jpg.chip.jpg,26,Male,Asian
30_1_1_20170113012657328.jpg.chip.jpg,30,Female,Black
58_0_0_20170105173636909.jpg.chip.jpg,58,Male,White
25_0_2_20170116174836155.jpg.chip.jpg,25,Male,Asian
26_1_3_20161220221501954.jpg.chip.jpg,26,Female,Indian
26_0_1_20170116192453842.jpg.chip.jpg,26,Male,Black
10_0_0_20170103200329407.jpg.chip.jpg,10,Male,White
13_1_0_20170109204117086.jpg.chip.jpg,13,Female,White
21_1_3_20170104222046054.jpg.chip.jpg,21,Female,Indian
40_0_0_20170116222342864.jpg.chip.jpg,40,Male,White
28_1_0_20170117180704448.jpg.chip.jpg,28,Female,White
54_0_0_20170113210319475.jpg.chip.jpg,54,Male,White
40_0_1_20170113135423609.jpg.chip.jpg,40,Male,Black
1_1_2_20161219195732971.jpg.chip.jpg,1,Female,Asian
36_0_0_20170117090959247.jpg.chip.jpg,36,Male,White
32_1_0_20170104165842857.jpg.chip.jpg,32,Female,White
64_0_0_20170105183706463.jpg.chip.jpg,64,Male,White
51_0_3_20170119205630063.jpg.chip.jpg,51,Male,Indian
35_0_1_20170116011302449.jpg.chip.jpg,35,Male,Black
20_0_0_20170104230048181.jpg.chip.jpg,20,Male,White
35_0_2_20170116201218449.jpg.chip.jpg,35,Male,Asian
28_0_3_20170116223108046.jpg.chip.jpg,28,Male,Indian
43_0_0_20170120222409079.jpg.chip.jpg,43,Male,White
42_1_0_20170117154806950.jpg.chip.jpg,42,Female,White
40_1_0_20170105172407051.jpg.chip.jpg,40,Female,White
49_0_0_20170109001612820.jpg.chip.jpg,49,Male,White
26_0_3_20170117153930604.jpg.chip.jpg,26,Male,Indian
54_0_0_20170113210127075.jpg.chip.jpg,54,Male,White
50_1_0_20170104184846062.jpg.chip.jpg,50,Female,White
30_1_4_20170117092306526.jpg.chip.jpg,30,Female,Others
42_1_0_20170117183347285.jpg.chip.jpg,42,Female,White
58_0_0_20170120224606727.jpg.chip.jpg,58,Male,White
1_0_0_20170103210548852.jpg.chip.jpg,1,Male,White
25_1_0_20170116223859777.jpg.chip.jpg,25,Female,White
46_1_0_20170109220530862.jpg.chip.jpg,46,Female,White
60_0_1_20170117194137742.jpg.chip.jpg,60,Male,Black
78_1_1_20170120225425945.jpg.chip.jpg,78,Female,Black
26_0_0_20170113210126348.jpg.chip.jpg,26,Male,White
1_1_1_20161219155940125.jpg.chip.jpg,1,Female,Black
68_1_0_20170110155156093.jpg.chip.jpg,68,Female,White
38_1_1_20170112231516417.jpg.chip.jpg,38,Female,Black
2_1_4_20170103205810354.jpg.chip.jpg,2,Female,Others
24_1_0_20170105183641479.jpg.chip.jpg,24,Female,White
19_1_0_20170103201812887.jpg.chip.jpg,19,Female,White
20_0_0_20170104230051977.jpg.chip.jpg,20,Male,White
29_1_0_20170117130631165.jpg.chip.jpg,29,Female,White
30_0_0_20170117125941072.jpg.chip.jpg,30,Male,White
47_0_0_20170116204145373.jpg.chip.jpg,47,Male,White
6_1_2_20161219190053203.jpg.chip.jpg,6,Female,Asian
40_0_2_20170116193717434.jpg.chip.jpg,40,Male,Asian
25_1_1_20170116003311354.jpg.chip.jpg,25,Female,Black
74_1_0_20170110131502622.jpg.chip.jpg,74,Female,White
18_1_4_20170117193229357.jpg.chip.jpg,18,Female,Others
14_0_0_20170103200615511.jpg.chip.jpg,14,Male,White
23_1_4_20161223230008236.jpg.chip.jpg,23,Female,Others
28_0_1_20170117020050133.jpg.chip.jpg,28,Male,Black
25_1_3_20170119172106986.jpg.chip.jpg,25,Female,Indian
25_0_1_20170116003121821.jpg.chip.jpg,25,Male,Black
56_1_1_20170116230711681.jpg.chip.jpg,56,Female,Black
4_0_4_20161221193320742.jpg.chip.jpg,4,Male,Others
18_0_0_20170110232621309.jpg.chip.jpg,18,Male,White
31_1_4_20170112235052769.jpg.chip.jpg,31,Female,Others
48_1_1_20170109220301068.jpg.chip.jpg,48,Female,Black
45_0_2_20170116164410975.jpg.chip.jpg,45,Male,Asian
36_1_3_20170119154411650.jpg.chip.jpg,36,Female,Indian
65_1_1_20170117010316709.jpg.chip.jpg,65,Female,Black
26_0_0_20170113210126743.jpg.chip.jpg,26,Male,White
71_0_1_20170117135455600.jpg.chip.jpg,71,Male,Black
56_0_0_20170113182426934.jpg.chip.jpg,56,Male,White
25_0_4_20170116001358842.jpg.chip.jpg,25,Male,Others
2_0_2_20161219142704833.jpg.chip.jpg,2,Male,Asian
45_1_0_20170117181407564.jpg.chip.jpg,45,Female,White
37_0_0_20170116200540241.jpg.chip.jpg,37,Male,White
53_0_3_20170119205827904.jpg.chip.jpg,53,Male,Indian
56_0_0_20170111195908482.jpg.chip.jpg,56,Male,White
3_1_1_20170109191427473.jpg.chip.jpg,3,Female,Black
2_0_2_20161219205542789.jpg.chip.jpg,2,Male,Asian
77_1_0_20170110132442352.jpg.chip.jpg,77,Female,White
27_0_0_20170104194530608.jpg.chip.jpg,27,Male,White
1_0_3_20161219230534953.jpg.chip.jpg,1,Male,Indian
62_1_1_20170113001915427.jpg.chip.jpg,62,Female,Black
45_1_1_20170112215309242.jpg.chip.jpg,45,Female,Black
25_1_3_20170117152019467.jpg.chip.jpg,25,Female,Indian
26_1_0_20170117175315496.jpg.chip.jpg,26,Female,White
38_1_0_20170103163147600.jpg.chip.jpg,38,Female,White
3_1_0_20170109191833465.jpg.chip.jpg,3,Female,White
32_1_4_20170117203121712.jpg.chip.jpg,32,Female,Others
34_0_3_20170119165834583.jpg.chip.jpg,34,Male,Indian
24_0_4_20170117145152514.jpg.chip.jpg,24,Male,Others
18_1_1_20170114030339628.jpg.chip.jpg,18,Female,Black
17_0_0_20170110231210547.jpg.chip.jpg,17,Male,White
37_0_3_20170119194851635.jpg.chip.jpg,37,Male,Indian
80_0_0_20170111210305500.jpg.chip.jpg,80,Male,White
53_0_0_20170104184617629.jpg.chip.jpg,53,Male,White
35_1_0_20170117203256352.jpg.chip.jpg,35,Female,White
45_0_3_20170119195829723.jpg.chip.jpg,45,Male,Indian
63_0_0_20170111171747618.jpg.chip.jpg,63,Male,White
43_0_0_20170105173013443.jpg.chip.jpg,43,Male,White
29_0_3_20170117180739306.jpg.chip.jpg,29,Male,Indian
26_1_0_20170104021504132.jpg.chip.jpg,26,Female,White
34_0_0_20170116215618294.jpg.chip.jpg,34,Male,White
1_0_4_20161221201833209.jpg.chip.jpg,1,Male,Others
66_0_0_20170111210358051.jpg.chip.jpg,66,Male,White
34_0_0_20170119151435927.jpg.chip.jpg,34,Male,White
26_0_3_20170119175252145.jpg.chip.jpg,26,Male,Indian
69_0_1_20170111203711198.jpg.chip.jpg,69,Male,Black
45_1_0_20170117135025030.jpg.chip.jpg,45,Female,White
39_1_3_20170104234641563.jpg.chip.jpg,39,Female,Indian
46_1_2_20170109011159798.jpg.chip.jpg,46,Female,Asian
21_1_0_20170117142329848.jpg.chip.jpg,21,Female,White
1_0_2_20161219205702141.jpg.chip.jpg,1,Male,Asian
10_1_0_20170109204502951.jpg.chip.jpg,10,Female,White
45_0_3_20170117121740949.jpg.chip.jpg,45,Male,Indian
36_1_1_20170116014023777.jpg.chip.jpg,36,Female,Black
68_0_0_20170117172643040.jpg.chip.jpg,68,Male,White
2_0_2_20161219141236632.jpg.chip.jpg,2,Male,Asian
38_0_1_20170116003739269.jpg.chip.jpg,38,Male,Black
22_0_0_20170104002331117.jpg.chip.jpg,22,Male,White
27_1_2_20170104021735596.jpg.chip.jpg,27,Female,Asian
26_0_3_20170119184129122.jpg.chip.jpg,26,Male,Indian
3_1_4_20161221192908158.jpg.chip.jpg,3,Female,Others
65_0_0_20170120221840421.jpg.chip.jpg,65,Male,White
17_0_4_20170103234633420.jpg.chip.jpg,17,Male,Others
77_0_0_20170111202327200.jpg.chip.jpg,77,Male,White
47_0_0_20170111181750437.jpg.chip.jpg,47,Male,White
78_0_2_20170112205320579.jpg.chip.jpg,78,Male,Asian
17_1_4_20161223214728028.jpg.chip.jpg,17,Female,Others
50_1_1_20170113002034412.jpg.chip.jpg,50,Female,Black
20_1_0_20170109214618635.jpg.chip.jpg,20,Female,White
29_0_0_20170104165350776.jpg.chip.jpg,29,Male,White
9_0_0_20170110225510191.jpg.chip.jpg,9,Male,White
35_0_0_20170103182703466.jpg.chip.jpg,35,Male,White
58_0_0_20170105173628294.jpg.chip.jpg,58,Male,White
50_0_0_20170109003412066.jpg.chip.jpg,50,Male,White
26_1_4_20170117154442702.jpg.chip.jpg,26,Female,Others
66_0_0_20170104184857950.jpg.chip.jpg,66,Male,White
26_0_1_20170113152741498.jpg.chip.jpg,26,Male,Black
30_1_2_20170104020950540.jpg.chip.jpg,30,Female,Asian
25_1_4_20170117152015997.jpg.chip.jpg,25,Female,Others
1_1_3_20161219225543960.jpg.chip.jpg,1,Female,Indian
58_0_0_20170113185223064.jpg.chip.jpg,58,Male,White
28_1_2_20170116164230103.jpg.chip.jpg,28,Female,Asian
26_0_1_20170113135559835.jpg.chip.jpg,26,Male,Black
32_0_1_20170113135620561.jpg.chip.jpg,32,Male,Black
2_0_0_20161219154439741.jpg.chip.jpg,2,Male,White
22_1_2_20170114033415747.jpg.chip.jpg,22,Female,Asian
27_1_1_20170112231925888.jpg.chip.jpg,27,Female,Black
40_1_0_20170116235736541.jpg.chip.jpg,40,Female,White
28_1_0_20170103181535329.jpg.chip.jpg,28,Female,White
30_0_0_20170117123740914.jpg.chip.jpg,30,Male,White
26_0_1_20170117200408766.jpg.chip.jpg,26,Male,Black
26_0_2_20170119184055239.jpg.chip.jpg,26,Male,Asian
50_0_3_20170119205546104.jpg.chip.jpg,50,Male,Indian
24_1_3_20170117145444188.jpg.chip.jpg,24,Female,Indian
1_0_2_20161219142039985.jpg.chip.jpg,1,Male,Asian
53_1_3_20170109140354667.jpg.chip.jpg,53,Female,Indian
60_0_3_20170117155910858.jpg.chip.jpg,60,Male,Indian
55_0_3_20170119181035677.jpg.chip.jpg,55,Male,Indian
50_1_0_20170117092157802.jpg.chip.jpg,50,Female,White
10_1_0_20170109204259563.jpg.chip.jpg,10,Female,White
26_1_2_20170116180246581.jpg.chip.jpg,26,Female,Asian
26_1_2_20170116180014046.jpg.chip.jpg,26,Female,Asian
35_0_0_20170117180543647.jpg.chip.jpg,35,Male,White
31_0_1_20170116024257506.jpg.chip.jpg,31,Male,Black
26_0_2_20170116182237706.jpg.chip.jpg,26,Male,Asian
21_0_1_20170116214828919.jpg.chip.jpg,21,Male,Black
2_1_2_20161219212252310.jpg.chip.jpg,2,Female,Asian
25_1_3_20170119172151113.jpg.chip.jpg,25,Female,Indian
40_0_0_20170116200949831.jpg.chip.jpg,40,Male,White
28_1_2_20170116164524917.jpg.chip.jpg,28,Female,Asian
72_0_0_20170120225150033.jpg.chip.jpg,72,Male,White
60_1_0_20170110143332456.jpg.chip.jpg,60,Female,White
23_1_2_20170116173157614.jpg.chip.jpg,23,Female,Asian
47_0_3_20170119205121919.jpg.chip.jpg,47,Male,Indian
26_1_0_20170117175227641.jpg.chip.jpg,26,Female,White
28_0_2_20170116164233720.jpg.chip.jpg,28,Male,Asian
20_0_4_20170117193437251.jpg.chip.jpg,20,Male,Others
37_0_0_20170117140011191.jpg.chip.jpg,37,Male,White
27_0_1_20170117013658301.jpg.chip.jpg,27,Male,Black
35_0_3_20170119201209708.jpg.chip.jpg,35,Male,Indian
35_0_0_20170117193222963.jpg.chip.jpg,35,Male,White
67_0_0_20170109002521701.jpg.chip.jpg,67,Male,White
26_1_1_20170116155754189.jpg.chip.jpg,26,Female,Black
3_1_2_20161219141511144.jpg.chip.jpg,3,Female,Asian
20_1_3_20170104231536521.jpg.chip.jpg,20,Female,Indian
50_0_0_20170111181750470.jpg.chip.jpg,50,Male,White
10_1_3_20170109205323078.jpg.chip.jpg,10,Female,Indian
25_1_1_20170112191319941.jpg.chip.jpg,25,Female,Black
35_0_3_20170119201417013.jpg.chip.jpg,35,Male,Indian
15_0_4_20170103233214059.jpg.chip.jpg,15,Male,Others
45_0_3_20170119202720533.jpg.chip.jpg,45,Male,Indian
77_0_1_20170117173757948.jpg.chip.jpg,77,Male,Black
40_0_4_20170117175639103.jpg.chip.jpg,40,Male,Others
29_0_0_20170104165947522.jpg.chip.jpg,29,Male,White
74_1_1_20170120223559844.jpg.chip.jpg,74,Female,Black
24_0_1_20170113181434238.jpg.chip.jpg,24,Male,Black
67_0_3_20170105181005916.jpg.chip.jpg,67,Male,Indian
27_1_2_20170116184848621.jpg.chip.jpg,27,Female,Asian
32_1_4_20170103225837104.jpg.chip.jpg,32,Female,Others
80_1_0_20170110131953974.jpg.chip.jpg,80,Female,White
31_0_2_20170116193441821.jpg.chip.jpg,31,Male,Asian
1_0_3_20161220220154425.jpg.chip.jpg,1,Male,Indian
26_1_3_20170119193111657.jpg.chip.jpg,26,Female,Indian
45_1_0_20170110154650451.jpg.chip.jpg,45,Female,White
23_1_0_20170116221813922.jpg.chip.jpg,23,Female,White
4_1_4_20161223232228388.jpg.chip.jpg,4,Female,Others
26_0_0_20170113210127209.jpg.chip.jpg,26,Male,White
45_0_0_20170113190343889.jpg.chip.jpg,45,Male,White
26_0_1_20170114031743417.jpg.chip.jpg,26,Male,Black
56_0_0_20170116235429950.jpg.chip.jpg,56,Male,White
26_0_1_20170116200951477.jpg.chip.jpg,26,Male,Black
41_1_1_20170117194317075.jpg.chip.jpg,41,Female,Black
58_0_3_20170112205528628.jpg.chip.jpg,58,Male,Indian
27_1_3_20170119194425057.jpg.chip.jpg,27,Female,Indian
39_1_0_20170104185134518.jpg.chip.jpg,39,Female,White
32_1_4_20170103225047472.jpg.chip.jpg,32,Female,Others
30_1_3_20170104214339133.jpg.chip.jpg,30,Female,Indian
38_0_0_20170116224644283.jpg.chip.jpg,38,Male,White
35_0_1_20170113155255651.jpg.chip.jpg,35,Male,Black
26_0_3_20170117153628556.jpg.chip.jpg,26,Male,Indian
44_1_0_20170104171556786.jpg.chip.jpg,44,Female,White
80_0_1_20170116003703261.jpg.chip.jpg,80,Male,Black
32_0_0_20170117182320245.jpg.chip.jpg,32,Male,White
59_1_0_20170104185826390.jpg.chip.jpg,59,Female,White
24_0_2_20170116170746007.jpg.chip.jpg,24,Male,Asian
55_0_3_20170119205515441.jpg.chip.jpg,55,Male,Indian
26_1_2_20170109012525167.jpg.chip.jpg,26,Female,Asian
30_1_0_20170116214239576.jpg.chip.jpg,30,Female,White
38_0_0_20170104202333304.jpg.chip.jpg,38,Male,White
26_1_3_20170104223139599.jpg.chip.jpg,26,Female,Indian
23_0_2_20170108224712804.jpg.chip.jpg,23,Male,Asian
26_0_0_20170117172824779.jpg.chip.jpg,26,Male,White
75_0_0_20170117192234922.jpg.chip.jpg,75,Male,White
23_1_0_20170112234315344.jpg.chip.jpg,23,Female,White
48_0_3_20170119211330007.jpg.chip.jpg,48,Male,Indian
14_1_4_20170103201207132.jpg.chip.jpg,14,Female,Others
72_1_0_20170110153738448.jpg.chip.jpg,72,Female,White
34_0_0_20170104204349707.jpg.chip.jpg,34,Male,White
2_0_2_20161219212403166.jpg.chip.jpg,2,Male,Asian
49_1_0_20170103181021153.jpg.chip.jpg,49,Female,White
26_1_1_20170113000317146.jpg.chip.jpg,26,Female,Black
67_0_0_20170120225206184.jpg.chip.jpg,67,Male,White
74_1_0_20170117171813979.jpg.chip.jpg,74,Female,White
55_1_0_20170117200221382.jpg.chip.jpg,55,Female,White
1_1_0_20170109190532650.jpg.chip.jpg,1,Female,White
22_1_0_20170120133804390.jpg.chip.jpg,22,Female,White
4_1_3_20161219224504392.jpg.chip.jpg,4,Female,Indian
20_1_0_20170103201716816.jpg.chip.jpg,20,Female,White
40_1_0_20170117135420797.jpg.chip.jpg,40,Female,White
50_0_0_20170117190559865.jpg.chip.jpg,50,Male,White
28_0_0_20170114024909834.jpg.chip.jpg,28,Male,White
35_1_1_20170112193019582.jpg.chip.jpg,35,Female,Black
35_0_0_20170117182947982.jpg.chip.jpg,35,Male,White
39_0_2_20170104201921434.jpg.chip.jpg,39,Male,Asian
52_0_3_20170104202143258.jpg.chip.jpg,52,Male,Indian
1_1_2_20161219212720270.jpg.chip.jpg,1,Female,Asian
30_1_0_20170117181542323.jpg.chip.jpg,30,Female,White
24_1_0_20170104022714148.jpg.chip.jpg,24,Female,White
22_0_0_20170117143335098.jpg.chip.jpg,22,Male,White
11_1_0_20170109204030951.jpg.chip.jpg,11,Female,White
32_0_0_20170116192811043.jpg.chip.jpg,32,Male,White
55_0_0_20170104201309249.jpg.chip.jpg,55,Male,White
26_0_1_20170116182126537.jpg.chip.jpg,26,Male,Black
28_0_0_20170117180609562.jpg.chip.jpg,28,Male,White
57_0_0_20170109015522309.jpg.chip.jpg,57,Male,White
49_0_0_20170104205813820.jpg.chip.jpg,49,Male,White
2_0_2_20161219190253835.jpg.chip.jpg,2,Male,Asian
24_0_0_20170116214204433.jpg.chip.jpg,24,Male,White
46_1_3_20170119202150389.jpg.chip.jpg,46,Female,Indian
8_1_3_20161220222610115.jpg.chip.jpg,8,Female,Indian
26_0_4_20170117153243021.jpg.chip.jpg,26,Male,Others
47_1_0_20170117160427895.jpg.chip.jpg,47,Female,White
28_1_2_20170116163407435.jpg.chip.jpg,28,Female,Asian
27_0_1_20170117013654319.jpg.chip.jpg,27,Male,Black
31_0_4_20170105161451773.jpg.chip.jpg,31,Male,Others
76_0_1_20170116204915499.jpg.chip.jpg,76,Male,Black
24_1_1_20170112234505777.jpg.chip.jpg,24,Female,Black
30_0_4_20170117154305388.jpg.chip.jpg,30,Male,Others
31_0_3_20170119200052268.jpg.chip.jpg,31,Male,Indian
11_1_3_20170104223632543.jpg.chip.jpg,11,Female,Indian
21_1_2_20170116170952380.jpg.chip.jpg,21,Female,Asian
23_0_3_20170119164205782.jpg.chip.jpg,23,Male,Indian
34_0_1_20170104173008466.jpg.chip.jpg,34,Male,Black
7_1_0_20170109205356415.jpg.chip.jpg,7,Female,White
56_1_0_20170109220552870.jpg.chip.jpg,56,Female,White
50_0_0_20170113184526311.jpg.chip.jpg,50,Male,White
4_0_2_20161219141202384.jpg.chip.jpg,4,Male,Asian
19_1_0_20170116201120465.jpg.chip.jpg,19,Female,White
30_0_1_20170113134217498.jpg.chip.jpg,30,Male,Black
42_0_0_20170117154753026.jpg.chip.jpg,42,Male,White
25_1_0_20170117140624359.jpg.chip.jpg,25,Female,White
45_0_0_20170104202058505.jpg.chip.jpg,45,Male,White
21_1_1_20170112232020295.jpg.chip.jpg,21,Female,Black
2_0_4_20161221202316873.jpg.chip.jpg,2,Male,Others
75_0_0_20170117174808021.jpg.chip.jpg,75,Male,White
26_1_2_20170116184248819.jpg.chip.jpg,26,Female,Asian
35_0_2_20170116175138888.jpg.chip.jpg,35,Male,Asian
1_0_4_20161221202006449.jpg.chip.jpg,1,Male,Others
28_1_0_20170116222126409.jpg.chip.jpg,28,Female,White
32_0_0_20170116224855059.jpg.chip.jpg,32,Male,White
30_0_2_20170116163429712.jpg.chip.jpg,30,Male,Asian
65_1_0_20170110140804905.jpg.chip.jpg,65,Female,White
38_1_4_20170109003326675.jpg.chip.jpg,38,Female,Others
2_1_3_20161219224725248.jpg.chip.jpg,2,Female,Indian
36_0_3_20170119181320605.jpg.chip.jpg,36,Male,Indian
32_0_0_20170117120718633.jpg.chip.jpg,32,Male,White
61_1_0_20170117192059259.jpg.chip.jpg,61,Female,White
3_1_0_20161219154514612.jpg.chip.jpg,3,Female,White
41_0_1_20170114033620952.jpg.chip.jpg,41,Male,Black
28_0_1_20170116213517627.jpg.chip.jpg,28,Male,Black
72_0_1_20170113184626575.jpg.chip.jpg,72,Male,Black
58_0_3_20170119211702050.jpg.chip.jpg,58,Male,Indian
21_1_2_20170116163813584.jpg.chip.jpg,21,Female,Asian
24_0_1_20170113195713509.jpg.chip.jpg,24,Male,Black
26_1_4_20170117201953681.jpg.chip.jpg,26,Female,Others
24_1_2_20170116165511429.jpg.chip.jpg,24,Female,Asian
15_1_0_20170116201351655.jpg.chip.jpg,15,Female,White
26_1_0_20170117201635534.jpg.chip.jpg,26,Female,White
29_0_0_20170117180729137.jpg.chip.jpg,29,Male,White
14_1_3_20170104221901782.jpg.chip.jpg,14,Female,Indian
45_0_2_20170116183829254.jpg.chip.jpg,45,Male,Asian
38_0_0_20170117140605859.jpg.chip.jpg,38,Male,White
28_0_0_20170117180535344.jpg.chip.jpg,28,Male,White
27_0_3_20170119211717281.jpg.chip.jpg,27,Male,Indian
36_1_3_20170109141816261.jpg.chip.jpg,36,Female,Indian
30_1_0_20170117145129099.jpg.chip.jpg,30,Female,White
79_0_2_20170112224730972.jpg.chip.jpg,79,Male,Asian
58_0_0_20170113180611940.jpg.chip.jpg,58,Male,White
1_0_2_20161219194716652.jpg.chip.jpg,1,Male,Asian
28_1_4_20170103230506947.jpg.chip.jpg,28,Female,Others
42_0_3_20170117135542270.jpg.chip.jpg,42,Male,Indian
38_0_0_20170105184043687.jpg.chip.jpg,38,Male,White
23_1_0_20170111182452759.jpg.chip.jpg,23,Female,White
30_1_2_20170116170703197.jpg.chip.jpg,30,Female,Asian
28_0_0_20170117202330366.jpg.chip.jpg,28,Male,White
30_1_2_20170116165039591.jpg.chip.jpg,30,Female,Asian
26_0_2_20170116183029241.jpg.chip.jpg,26,Male,Asian
40_0_0_20170117135204149.jpg.chip.jpg,40,Male,White
26_1_0_20170117201944942.jpg.chip.jpg,26,Female,White
36_0_0_20170116011210805.jpg.chip.jpg,36,Male,White
38_0_3_20170117184516041.jpg.chip.jpg,38,Male,Indian
26_1_0_20170109141214949.jpg.chip.jpg,26,Female,White
27_0_2_20170116172745659.jpg.chip.jpg,27,Male,Asian
15_1_1_20170112230538604.jpg.chip.jpg,15,Female,Black
24_1_3_20170117150549883.jpg.chip.jpg,24,Female,Indian
24_1_2_20170116174406776.jpg.chip.jpg,24,Female,Asian
2_0_4_20161221195216736.jpg.chip.jpg,2,Male,Others
55_0_0_20170117190253859.jpg.chip.jpg,55,Male,White
75_0_0_20170111201623183.jpg.chip.jpg,75,Male,White
31_1_1_20170116231912509.jpg.chip.jpg,31,Female,Black
45_0_1_20170117193756181.jpg.chip.jpg,45,Male,Black
1_0_2_20161219194859803.jpg.chip.jpg,1,Male,Asian
37_1_3_20170117183437046.jpg.chip.jpg,37,Female,Indian
80_0_0_20170111222138149.jpg.chip.jpg,80,Male,White
10_1_0_20161220222001459.jpg.chip.jpg,10,Female,White
20_1_4_20170103224354767.jpg.chip.jpg,20,Female,Others
8_1_3_20161220220233122.jpg.chip.jpg,8,Female,Indian
26_0_1_20170113134355472.jpg.chip.jpg,26,Male,Black
27_1_3_20170104223000127.jpg.chip.jpg,27,Female,Indian
39_1_1_20170113012940833.jpg.chip.jpg,39,Female,Black
28_0_1_20170113145417934.jpg.chip.jpg,28,Male,Black
51_0_0_20170119205617887.jpg.chip.jpg,51,Male,White
34_0_2_20170116191649461.jpg.chip.jpg,34,Male,Asian
40_1_3_20170117151929587.jpg.chip.jpg,40,Female,Indian
80_0_2_20170116233216420.jpg.chip.jpg,80,Male,Asian
40_1_1_20170116231256970.jpg.chip.jpg,40,Female,Black
14_0_0_20170110225056665.jpg.chip.jpg,14,Male,White
5_1_2_20161219194328354.jpg.chip.jpg,5,Female,Asian
53_0_1_20170120222553113.jpg.chip.jpg,53,Male,Black
24_1_3_20170117150307141.jpg.chip.jpg,24,Female,Indian
54_0_0_20170111203603354.jpg.chip.jpg,54,Male,White
27_0_1_20170117005928329.jpg.chip.jpg,27,Male,Black
51_0_0_20170120222902121.jpg.chip.jpg,51,Male,White
26_0_0_20170117153056836.jpg.chip.jpg,26,Male,White
39_1_0_20170103182742753.jpg.chip.jpg,39,Female,White
20_1_4_20170103212722908.jpg.chip.jpg,20,Female,Others
1_1_2_20170109193557242.jpg.chip.jpg,1,Female,Asian
41_1_0_20170109132156624.jpg.chip.jpg,41,Female,White
21_1_0_20170112233433959.jpg.chip.jpg,21,Female,White
45_0_4_20170117194230527.jpg.chip.jpg,45,Male,Others
45_0_3_20170119203905073.jpg.chip.jpg,45,Male,Indian
23_0_0_20170114034609023.jpg.chip.jpg,23,Male,White
49_0_0_20170104204827251.jpg.chip.jpg,49,Male,White
8_1_0_20170109205030055.jpg.chip.jpg,8,Female,White
2_0_1_20170110205407227.jpg.chip.jpg,2,Male,Black
54_0_0_20170120223258396.jpg.chip.jpg,54,Male,White
75_0_0_20170111204958277.jpg.chip.jpg,75,Male,White
24_0_2_20170117141025894.jpg.chip.jpg,24,Male,Asian
41_1_0_20170109133809164.jpg.chip.jpg,41,Female,White
28_0_1_20170113150719161.jpg.chip.jpg,28,Male,Black
30_0_2_20170116164436658.jpg.chip.jpg,30,Male,Asian
56_1_0_20170109002302955.jpg.chip.jpg,56,Female,White
38_0_1_20170116200942002.jpg.chip.jpg,38,Male,Black
28_0_0_20170117144444595.jpg.chip.jpg,28,Male,White
26_1_3_20170104232952337.jpg.chip.jpg,26,Female,Indian
37_1_1_20170117172409586.jpg.chip.jpg,37,Female,Black
24_0_1_20170117150107644.jpg.chip.jpg,24,Male,Black
32_1_1_20170116160935586.jpg.chip.jpg,32,Female,Black
60_0_1_20170113174854844.jpg.chip.jpg,60,Male,Black
24_1_2_20170116172645816.jpg.chip.jpg,24,Female,Asian
38_1_0_20170117154127675.jpg.chip.jpg,38,Female,White
15_1_0_20170109204203014.jpg.chip.jpg,15,Female,White
68_0_0_20170120224541303.jpg.chip.jpg,68,Male,White
31_0_0_20170117181923333.jpg.chip.jpg,31,Male,White
47_0_3_20170119193252674.jpg.chip.jpg,47,Male,Indian
65_0_0_20170117162825204.jpg.chip.jpg,65,Male,White
32_0_4_20170104172421138.jpg.chip.jpg,32,Male,Others
46_0_0_20170104200811706.jpg.chip.jpg,46,Male,White
29_0_4_20170103234728788.jpg.chip.jpg,29,Male,Others
32_0_1_20170117140342322.jpg.chip.jpg,32,Male,Black
1_0_4_20161221202331737.jpg.chip.jpg,1,Male,Others
55_0_0_20170117135556303.jpg.chip.jpg,55,Male,White
2_1_1_20170109190720964.jpg.chip.jpg,2,Female,Black
23_1_1_20170114034152328.jpg.chip.jpg,23,Female,Black
26_1_2_20170116180016937.jpg.chip.jpg,26,Female,Asian
26_0_3_20170117154604988.jpg.chip.jpg,26,Male,Indian
29_1_2_20170109133107871.jpg.chip.jpg,29,Female,Asian
34_0_0_20170117141607879.jpg.chip.jpg,34,Male,White
3_1_0_20170109193043837.jpg.chip.jpg,3,Female,White
7_1_2_20161219160329535.jpg.chip.jpg,7,Female,Asian
1_1_3_20161219230626530.jpg.chip.jpg,1,Female,Indian
26_0_3_20170119183150981.jpg.chip.jpg,26,Male,Indian
34_0_1_20170117014101849.jpg.chip.jpg,34,Male,Black
14_1_0_20170109204200483.jpg.chip.jpg,14,Female,White
21_0_0_20170117193733557.jpg.chip.jpg,21,Male,White
40_0_2_20170116233718823.jpg.chip.jpg,40,Male,Asian
61_1_3_20170109142555460.jpg.chip.jpg,61,Female,Indian
30_1_0_20170117131121016.jpg.chip.jpg,30,Female,White
32_0_0_20170111181750357.jpg.chip.jpg,32,Male,White
69_1_0_20170110153039020.jpg.chip.jpg,69,Female,White
25_1_1_20170116003320107.jpg.chip.jpg,25,Female,Black
24_1_0_20170117150424339.jpg.chip.jpg,24,Female,White
1_0_3_20161219230320824.jpg.chip.jpg,1,Male,Indian
35_1_0_20170103182759530.jpg.chip.jpg,35,Female,White
78_0_0_20170111221844550.jpg.chip.jpg,78,Male,White
29_0_0_20170117120414669.jpg.chip.jpg,29,Male,White
24_1_0_20170105183445456.jpg.chip.jpg,24,Female,White
44_0_3_20170119194637443.jpg.chip.jpg,44,Male,Indian
36_0_0_20170117135445816.jpg.chip.jpg,36,Male,White
18_1_4_20161223232148173.jpg.chip.jpg,18,Female,Others
1_1_2_20161219210324181.jpg.chip.jpg,1,Female,Asian
66_1_0_20170110131639960.jpg.chip.jpg,66,Female,White
26_1_0_20170103182026289.jpg.chip.jpg,26,Female,White
26_0_1_20170116143037391.jpg.chip.jpg,26,Male,Black
50_1_1_20170120220813715.jpg.chip.jpg,50,Female,Black
28_1_0_20170116220243853.jpg.chip.jpg,28,Female,White
35_1_0_20170117203328856.jpg.chip.jpg,35,Female,White
30_0_3_20170119150736157.jpg.chip.jpg,30,Male,Indian
25_1_0_20170116223848612.jpg.chip.jpg,25,Female,White
30_0_0_20170117003435100.jpg.chip.jpg,30,Male,White
65_1_0_20170110131531222.jpg.chip.jpg,65,Female,White
1_0_3_20161220220358441.jpg.chip.jpg,1,Male,Indian
36_0_0_20170104181520477.jpg.chip.jpg,36,Male,White
38_1_1_20170116154709016.jpg.chip.jpg,38,Female,Black
28_1_1_20170113150922335.jpg.chip.jpg,28,Female,Black
32_1_1_20170117140855418.jpg.chip.jpg,32,Female,Black
61_0_1_20170116030045810.jpg.chip.jpg,61,Male,Black
26_1_2_20170116184447374.jpg.chip.jpg,26,Female,Asian
15_1_4_20170104005807401.jpg.chip.jpg,15,Female,Others
18_1_0_20170109212905543.jpg.chip.jpg,18,Female,White
64_0_1_20170120224617161.jpg.chip.jpg,64,Male,Black
34_0_0_20170117152424716.jpg.chip.jpg,34,Male,White
58_0_3_20170119211651056.jpg.chip.jpg,58,Male,Indian
40_0_0_20170109012159348.jpg.chip.jpg,40,Male,White
4_1_4_20161221202257809.jpg.chip.jpg,4,Female,Others
53_1_1_20170117155117307.jpg.chip.jpg,53,Female,Black
40_0_0_20170117202859896.jpg.chip.jpg,40,Male,White
55_0_0_20170120221851229.jpg.chip.jpg,55,Male,White
25_0_1_20170116002332648.jpg.chip.jpg,25,Male,Black
2_1_1_20170117133919045.jpg.chip.jpg,2,Female,Black
1_1_2_20161219161814470.jpg.chip.jpg,1,Female,Asian
41_0_0_20170117185342291.jpg.chip.jpg,41,Male,White
2_1_3_20161219225740952.jpg.chip.jpg,2,Female,Indian
30_0_2_20170116192739617.jpg.chip.jpg,30,Male,Asian
26_0_0_20170116181050820.jpg.chip.jpg,26,Male,White
39_1_1_20170112234541208.jpg.chip.jpg,39,Female,Black
26_1_3_20170104235414180.jpg.chip.jpg,26,Female,Indian
58_0_0_20170109010225320.jpg.chip.jpg,58,Male,White
1_1_0_20170109190512041.jpg.chip.jpg,1,Female,White
64_0_0_20170109015151096.jpg.chip.jpg,64,Male,White
28_0_0_20170117180607705.jpg.chip.jpg,28,Male,White
28_1_4_20170117202550286.jpg.chip.jpg,28,Female,Others
26_0_0_20170117172649700.jpg.chip.jpg,26,Male,White
22_0_0_20170117193916436.jpg.chip.jpg,22,Male,White
11_1_0_20170109204614249.jpg.chip.jpg,11,Female,White
25_1_2_20170116175239383.jpg.chip.jpg,25,Female,Asian
13_1_0_20170109204849625.jpg.chip.jpg,13,Female,White
26_0_3_20170119181302068.jpg.chip.jpg,26,Male,Indian
39_1_3_20170104214549390.jpg.chip.jpg,39,Female,Indian
49_1_0_20170109221102358.jpg.chip.jpg,49,Female,White
28_0_0_20170117180405191.jpg.chip.jpg,28,Male,White
40_0_3_20170117154542505.jpg.chip.jpg,40,Male,Indian
5_1_3_20161220221527498.jpg.chip.jpg,5,Female,Indian
65_0_0_20170111202227430.jpg.chip.jpg,65,Male,White
14_0_0_20170120133332421.jpg.chip.jpg,14,Male,White
70_0_0_20170104185854046.jpg.chip.jpg,70,Male,White
48_0_0_20170117174428789.jpg.chip.jpg,48,Male,White
29_0_1_20170113134101015.jpg.chip.jpg,29,Male,Black
70_0_0_20170111200516733.jpg.chip.jpg,70,Male,White
39_0_0_20170117154216307.jpg.chip.jpg,39,Male,White
26_1_1_20170112210636630.jpg.chip.jpg,26,Female,Black
26_1_2_20170113000516258.jpg.chip.jpg,26,Female,Asian
27_0_4_20170103234827428.jpg.chip.jpg,27,Male,Others
26_1_3_20170119193104905.jpg.chip.jpg,26,Female,Indian
28_0_3_20170119144359718.jpg.chip.jpg,28,Male,Indian
30_0_2_20170116172536135.jpg.chip.jpg,30,Male,Asian
76_1_0_20170110182941342.jpg.chip.jpg,76,Female,White
1_0_0_20170110213518456.jpg.chip.jpg,1,Male,White
58_0_0_20170109015156022.jpg.chip.jpg,58,Male,White
45_1_0_20170103163617968.jpg.chip.jpg,45,Female,White
2_1_2_20161219155732445.jpg.chip.jpg,2,Female,Asian
53_0_0_20170113184718824.jpg.chip.jpg,53,Male,White
2_0_2_20161219151045020.jpg.chip.jpg,2,Male,Asian
21_1_2_20170116171702825.jpg.chip.jpg,21,Female,Asian
25_1_1_20170116003157389.jpg.chip.jpg,25,Female,Black
50_1_2_20170107212204715.jpg.chip.jpg,50,Female,Asian
72_1_0_20170110184104942.jpg.chip.jpg,72,Female,White
54_0_4_20170117171439011.jpg.chip.jpg,54,Male,Others
65_0_0_20170120222816177.jpg.chip.jpg,65,Male,White
23_0_3_20170119164313321.jpg.chip.jpg,23,Male,Indian
53_0_0_20170111201629101.jpg.chip.jpg,53,Male,White
25_0_0_20170120222735442.jpg.chip.jpg,25,Male,White
31_0_1_20170116011033268.jpg.chip.jpg,31,Male,Black
35_0_2_20170116172921158.jpg.chip.jpg,35,Male,Asian
26_1_1_20170116153221266.jpg.chip.jpg,26,Female,Black
30_0_3_20170105164853052.jpg.chip.jpg,30,Male,Indian
33_1_0_20170109001602570.jpg.chip.jpg,33,Female,White
35_0_0_20170117180552033.jpg.chip.jpg,35,Male,White
4_0_2_20161219140938368.jpg.chip.jpg,4,Male,Asian
26_0_2_20170104022626733.jpg.chip.jpg,26,Male,Asian
30_1_1_20170117125922762.jpg.chip.jpg,30,Female,Black
20_1_0_20170109212842300.jpg.chip.jpg,20,Female,White
50_0_4_20170117204204793.jpg.chip.jpg,50,Male,Others
46_0_3_20170119200749075.jpg.chip.jpg,46,Male,Indian
30_1_1_20170112210348446.jpg.chip.jpg,30,Female,Black
52_0_2_20170116192904934.jpg.chip.jpg,52,Male,Asian
27_0_0_20170117175631490.jpg.chip.jpg,27,Male,White
42_1_0_20170112235933106.jpg.chip.jpg,42,Female,White
26_0_3_20170119183103830.jpg.chip.jpg,26,Male,Indian
26_1_4_20170117153657309.jpg.chip.jpg,26,Female,Others
48_0_3_20170119201847821.jpg.chip.jpg,48,Male,Indian
27_1_3_20170119194424402.jpg.chip.jpg,27,Female,Indian
55_1_1_20170112220123609.jpg.chip.jpg,55,Female,Black
50_1_0_20170117155921969.jpg.chip.jpg,50,Female,White
65_0_0_20170117204724913.jpg.chip.jpg,65,Male,White
43_1_0_20170120222412663.jpg.chip.jpg,43,Female,White
35_0_2_20170116161858517.jpg.chip.jpg,35,Male,Asian
30_0_1_20170120220639355.jpg.chip.jpg,30,Male,Black
28_0_3_20170119162805164.jpg.chip.jpg,28,Male,Indian
29_0_1_20170104172519610.jpg.chip.jpg,29,Male,Black
33_1_3_20170109133043550.jpg.chip.jpg,33,Female,Indian
2_1_0_20170109194711891.jpg.chip.jpg,2,Female,White
39_1_2_20170105001325620.jpg.chip.jpg,39,Female,Asian
45_1_0_20170110160643106.jpg.chip.jpg,45,Female,White
18_1_0_20170109213623055.jpg.chip.jpg,18,Female,White
32_0_2_20170116193536503.jpg.chip.jpg,32,Male,Asian
32_1_4_20170117203123744.jpg.chip.jpg,32,Female,Others
62_0_0_20170109013752925.jpg.chip.jpg,62,Male,White
1_1_0_20161219203420685.jpg.chip.jpg,1,Female,White
32_0_4_20170105163336092.jpg.chip.jpg,32,Male,Others
27_1_3_20170104231549626.jpg.chip.jpg,27,Female,Indian
27_1_4_20170103230557794.jpg.chip.jpg,27,Female,Others
26_1_0_20170103180649464.jpg.chip.jpg,26,Female,White
71_0_2_20170112224020396.jpg.chip.jpg,71,Male,Asian
20_1_3_20170119153820321.jpg.chip.jpg,20,Female,Indian
40_0_0_20170117133133334.jpg.chip.jpg,40,Male,White
45_1_0_20170104211742180.jpg.chip.jpg,45,Female,White
3_1_2_20161219190200060.jpg.chip.jpg,3,Female,Asian
43_1_1_20170117010132729.jpg.chip.jpg,43,Female,Black
58_0_1_20170113185358000.jpg.chip.jpg,58,Male,Black
26_1_2_20170116180003876.jpg.chip.jpg,26,Female,Asian
23_1_3_20170119164605108.jpg.chip.jpg,23,Female,Indian
25_1_3_20170104231534609.jpg.chip.jpg,25,Female,Indian
61_0_0_20170104213323109.jpg.chip.jpg,61,Male,White
80_0_2_20170112222101890.jpg.chip.jpg,80,Male,Asian
24_1_3_20170119165930967.jpg.chip.jpg,24,Female,Indian
8_0_0_20170110220345778.jpg.chip.jpg,8,Male,White
26_1_0_20170117171657311.jpg.chip.jpg,26,Female,White
6_1_3_20170104222204751.jpg.chip.jpg,6,Female,Indian
26_1_1_20170116153255355.jpg.chip.jpg,26,Female,Black
34_1_1_20170113000209880.jpg.chip.jpg,34,Female,Black
35_0_1_20170117172007523.jpg.chip.jpg,35,Male,Black
40_0_2_20170116183858838.jpg.chip.jpg,40,Male,Asian
26_1_0_20170119192657178.jpg.chip.jpg,26,Female,White
21_0_0_20170117141435314.jpg.chip.jpg,21,Male,White
26_0_2_20170116181354956.jpg.chip.jpg,26,Male,Asian
40_0_0_20170104201930209.jpg.chip.jpg,40,Male,White
54_1_0_20170105173508749.jpg.chip.jpg,54,Female,White
9_0_0_20170110215848132.jpg.chip.jpg,9,Male,White
54_0_1_20170117191348426.jpg.chip.jpg,54,Male,Black
49_0_4_20170104205251139.jpg.chip.jpg,49,Male,Others
27_1_2_20170116171630835.jpg.chip.jpg,27,Female,Asian
21_1_2_20170116170754019.jpg.chip.jpg,21,Female,Asian
57_1_0_20170110131940730.jpg.chip.jpg,57,Female,White
26_1_3_20170117174606847.jpg.chip.jpg,26,Female,Indian
24_0_1_20170113181343686.jpg.chip.jpg,24,Male,Black
45_0_0_20170117191556772.jpg.chip.jpg,45,Male,White
30_1_0_20170117181335004.jpg.chip.jpg,30,Female,White
26_1_0_20170116170915992.jpg.chip.jpg,26,Female,White
26_0_4_20170117152801765.jpg.chip.jpg,26,Male,Others
24_1_0_20170105003235308.jpg.chip.jpg,24,Female,White
56_1_3_20170119181445803.jpg.chip.jpg,56,Female,Indian
31_1_0_20170103181436000.jpg.chip.jpg,31,Female,White
35_1_0_20170116201535811.jpg.chip.jpg,35,Female,White
1_1_2_20161219211512447.jpg.chip.jpg,1,Female,Asian
58_0_0_20170105173550604.jpg.chip.jpg,58,Male,White
26_1_1_20170117173603334.jpg.chip.jpg,26,Female,Black
54_0_3_20170119210115168.jpg.chip.jpg,54,Male,Indian
2_1_3_20161219225435504.jpg.chip.jpg,2,Female,Indian
25_1_1_20170112233635032.jpg.chip.jpg,25,Female,Black
28_0_0_20170117133953048.jpg.chip.jpg,28,Male,White
73_1_0_20170110141129145.jpg.chip.jpg,73,Female,White
18_0_1_20170113175555906.jpg.chip.jpg,18,Male,Black
26_0_3_20170119180514197.jpg.chip.jpg,26,Male,Indian
36_1_0_20170103183128874.jpg.chip.jpg,36,Female,White
42_1_1_20170113012800201.jpg.chip.jpg,42,Female,Black
30_1_0_20170104185111694.jpg.chip.jpg,30,Female,White
1_1_2_20161219222758263.jpg.chip.jpg,1,Female,Asian
31_0_1_20170113142511604.jpg.chip.jpg,31,Male,Black
53_1_0_20170110140721731.jpg.chip.jpg,53,Female,White
26_0_0_20170117003342340.jpg.chip.jpg,26,Male,White
50_0_3_20170119204542975.jpg.chip.jpg,50,Male,Indian
58_0_0_20170113210319952.jpg.chip.jpg,58,Male,White
46_0_0_20170105173017060.jpg.chip.jpg,46,Male,White
50_0_1_20170113142149603.jpg.chip.jpg,50,Male,Black
23_0_4_20170103180302079.jpg.chip.jpg,23,Male,Others
27_0_3_20170104214439206.jpg.chip.jpg,27,Male,Indian
28_0_2_20170116191441850.jpg.chip.jpg,28,Male,Asian
24_1_0_20170117150731090.jpg.chip.jpg,24,Female,White
18_0_3_20170104230409040.jpg.chip.jpg,18,Male,Indian
56_1_0_20170110160643563.jpg.chip.jpg,56,Female,White
68_0_0_20170109015134679.jpg.chip.jpg,68,Male,White
26_0_0_20170117152804731.jpg.chip.jpg,26,Male,White
60_0_3_20170119211748888.jpg.chip.jpg,60,Male,Indian
26_1_1_20170113011732808.jpg.chip.jpg,26,Female,Black
50_0_1_20170113184607014.jpg.chip.jpg,50,Male,Black
40_1_1_20170113012546137.jpg.chip.jpg,40,Female,Black
30_0_0_20170117181207964.jpg.chip.jpg,30,Male,White
3_1_0_20170109192346475.jpg.chip.jpg,3,Female,White
26_1_2_20170116163413372.jpg.chip.jpg,26,Female,Asian
30_0_2_20170116165112157.jpg.chip.jpg,30,Male,Asian
56_1_0_20170110152858178.jpg.chip.jpg,56,Female,White
4_0_3_20161219230501650.jpg.chip.jpg,4,Male,Indian
30_1_0_20170116220947988.jpg.chip.jpg,30,Female,White
32_0_1_20170113155159833.jpg.chip.jpg,32,Male,Black
63_0_0_20170109012604793.jpg.chip.jpg,63,Male,White
28_1_0_20170116211818606.jpg.chip.jpg,28,Female,White
24_0_3_20170117145945091.jpg.chip.jpg,24,Male,Indian
26_1_3_20170104222933607.jpg.chip.jpg,26,Female,Indian
60_0_2_20170112222005682.jpg.chip.jpg,60,Male,Asian
61_0_0_20170117194409073.jpg.chip.jpg,61,Male,White
72_1_0_20170110184007710.jpg.chip.jpg,72,Female,White
40_0_0_20170117135440354.jpg.chip.jpg,40,Male,White
42_1_2_20170104201224233.jpg.chip.jpg,42,Female,Asian
20_0_1_20170113132411433.jpg.chip.jpg,20,Male,Black
29_0_1_20170113174703843.jpg.chip.jpg,29,Male,Black
26_0_1_20170113152819985.jpg.chip.jpg,26,Male,Black
26_1_1_20170116232324000.jpg.chip.jpg,26,Female,Black
35_1_2_20170116191711286.jpg.chip.jpg,35,Female,Asian
48_0_0_20170111200118842.jpg.chip.jpg,48,Male,White
50_0_0_20170119205549384.jpg.chip.jpg,50,Male,White
1_0_3_20161219230728256.jpg.chip.jpg,1,Male,Indian
26_0_1_20170117170851628.jpg.chip.jpg,26,Male,Black
58_0_0_20170117191947021.jpg.chip.jpg,58,Male,White
15_1_1_20170104011851042.jpg.chip.jpg,15,Female,Black
27_1_0_20170117120649662.jpg.chip.jpg,27,Female,White
18_0_0_20170110231625906.jpg.chip.jpg,18,Male,White
1_1_2_20161219204430596.jpg.chip.jpg,1,Female,Asian
40_0_1_20170116143000824.jpg.chip.jpg,40,Male,Black
30_1_2_20170116184317110.jpg.chip.jpg,30,Female,Asian
18_1_0_20170109213550274.jpg.chip.jpg,18,Female,White
75_1_0_20170109132033628.jpg.chip.jpg,75,Female,White
43_0_1_20170117175231213.jpg.chip.jpg,43,Male,Black
29_0_2_20170116172041615.jpg.chip.jpg,29,Male,Asian
50_1_1_20170112210916132.jpg.chip.jpg,50,Female,Black
26_0_0_20170113135336472.jpg.chip.jpg,26,Male,White
54_0_1_20170113185030984.jpg.chip.jpg,54,Male,Black
51_0_0_20170104212200845.jpg.chip.jpg,51,Male,White
45_0_0_20170117173552477.jpg.chip.jpg,45,Male,White
50_0_2_20170116173539623.jpg.chip.jpg,50,Male,Asian
17_0_4_20170103210008641.jpg.chip.jpg,17,Male,Others
25_1_0_20170109214731480.jpg.chip.jpg,25,Female,White
65_0_0_20170117171619354.jpg.chip.jpg,65,Male,White
15_0_0_20170116201246071.jpg.chip.jpg,15,Male,White
59_0_0_20170111205324096.jpg.chip.jpg,59,Male,White
22_1_2_20170116172613537.jpg.chip.jpg,22,Female,Asian
20_1_0_20170105183447816.jpg.chip.jpg,20,Female,White
54_1_0_20170110124144003.jpg.chip.jpg,54,Female,White
24_1_3_20170104223152030.jpg.chip.jpg,24,Female,Indian
29_0_3_20170119152247249.jpg.chip.jpg,29,Male,Indian
35_1_0_20170103230424865.jpg.chip.jpg,35,Female,White
21_0_4_20161223214837442.jpg.chip.jpg,21,Male,Others
35_0_0_20170116201759726.jpg.chip.jpg,35,Male,White
32_1_0_20170117154910644.jpg.chip.jpg,32,Female,White
23_1_2_20170116173253789.jpg.chip.jpg,23,Female,Asian
36_0_0_20170116002905632.jpg.chip.jpg,36,Male,White
43_0_3_20170119180619699.jpg.chip.jpg,43,Male,Indian
7_1_3_20161220222847210.jpg.chip.jpg,7,Female,Indian
26_0_1_20170117091506354.jpg.chip.jpg,26,Male,Black
10_1_1_20170109204636561.jpg.chip.jpg,10,Female,Black
28_0_3_20170104215616229.jpg.chip.jpg,28,Male,Indian
26_0_0_20170116232936514.jpg.chip.jpg,26,Male,White
20_0_0_20170113133053319.jpg.chip.jpg,20,Male,White
31_1_4_20170103224732417.jpg.chip.jpg,31,Female,Others
15_0_0_20170110232646170.jpg.chip.jpg,15,Male,White
22_0_2_20170104020041910.jpg.chip.jpg,22,Male,Asian
8_1_2_20161219163614671.jpg.chip.jpg,8,Female,Asian
57_0_0_20170117172532619.jpg.chip.jpg,57,Male,White
13_1_0_20170109204055232.jpg.chip.jpg,13,Female,White
24_1_3_20170119165945055.jpg.chip.jpg,24,Female,Indian
1_1_4_20161221192800604.jpg.chip.jpg,1,Female,Others
9_0_0_20170110220134026.jpg.chip.jpg,9,Male,White
15_1_0_20170109213613605.jpg.chip.jpg,15,Female,White
25_1_3_20170109132228225.jpg.chip.jpg,25,Female,Indian
26_0_3_20170117154557054.jpg.chip.jpg,26,Male,Indian
26_1_0_20170103224921463.jpg.chip.jpg,26,Female,White
34_0_4_20170117163546730.jpg.chip.jpg,34,Male,Others
42_1_2_20170107212130951.jpg.chip.jpg,42,Female,Asian
56_1_0_20170104212444956.jpg.chip.jpg,56,Female,White
29_0_0_20170104235501676.jpg.chip.jpg,29,Male,White
18_1_0_20170109214116215.jpg.chip.jpg,18,Female,White
3_0_3_20161220222209691.jpg.chip.jpg,3,Male,Indian
70_0_0_20170117155935122.jpg.chip.jpg,70,Male,White
54_0_3_20170117171122244.jpg.chip.jpg,54,Male,Indian
16_0_0_20170110231636100.jpg.chip.jpg,16,Male,White
26_1_4_20170117174529702.jpg.chip.jpg,26,Female,Others
60_0_2_20170116164453106.jpg.chip.jpg,60,Male,Asian
35_0_2_20170116233726860.jpg.chip.jpg,35,Male,Asian
26_1_2_20170116184134921.jpg.chip.jpg,26,Female,Asian
1_1_4_20161221202135073.jpg.chip.jpg,1,Female,Others
26_1_1_20170112213041903.jpg.chip.jpg,26,Female,Black
26_1_1_20170112205907548.jpg.chip.jpg,26,Female,Black
6_1_0_20170109201925765.jpg.chip.jpg,6,Female,White
6_1_3_20161220222405139.jpg.chip.jpg,6,Female,Indian
76_0_2_20170117194539514.jpg.chip.jpg,76,Male,Asian
45_0_2_20170120222541001.jpg.chip.jpg,45,Male,Asian
55_1_0_20170117172131755.jpg.chip.jpg,55,Female,White
24_1_0_20170103180635111.jpg.chip.jpg,24,Female,White
30_0_4_20170105170010108.jpg.chip.jpg,30,Male,Others
18_1_0_20170109213624244.jpg.chip.jpg,18,Female,White
15_1_4_20170103200935782.jpg.chip.jpg,15,Female,Others
35_1_1_20170117190443525.jpg.chip.jpg,35,Female,Black
18_1_3_20170109213214718.jpg.chip.jpg,18,Female,Indian
24_1_4_20170103224910931.jpg.chip.jpg,24,Female,Others
17_0_0_20170110232017297.jpg.chip.jpg,17,Male,White
48_1_1_20170109221012363.jpg.chip.jpg,48,Female,Black
58_0_0_20170105173557845.jpg.chip.jpg,58,Male,White
26_0_3_20170119180707115.jpg.chip.jpg,26,Male,Indian
28_0_3_20170117120959404.jpg.chip.jpg,28,Male,Indian
33_0_0_20170120221754125.jpg.chip.jpg,33,Male,White
41_0_0_20170116010754652.jpg.chip.jpg,41,Male,White
36_0_0_20170116225145916.jpg.chip.jpg,36,Male,White
45_0_0_20170117135037969.jpg.chip.jpg,45,Male,White
2_0_2_20161219162357438.jpg.chip.jpg,2,Male,Asian
14_0_3_20170104012427337.jpg.chip.jpg,14,Male,Indian
26_0_1_20170104170637953.jpg.chip.jpg,26,Male,Black
30_1_2_20170117092239284.jpg.chip.jpg,30,Female,Asian
22_1_1_20170113010402343.jpg.chip.jpg,22,Female,Black
30_0_3_20170119153044871.jpg.chip.jpg,30,Male,Indian
27_1_0_20170117150925811.jpg.chip.jpg,27,Female,White
3_1_0_20170109192746527.jpg.chip.jpg,3,Female,White
26_1_3_20170117144854965.jpg.chip.jpg,26,Female,Indian
32_0_2_20170116183717004.jpg.chip.jpg,32,Male,Asian
39_1_1_20170113012723081.jpg.chip.jpg,39,Female,Black
5_1_2_20161219160435701.jpg.chip.jpg,5,Female,Asian
46_0_3_20170104210508188.jpg.chip.jpg,46,Male,Indian
50_0_0_20170104212118221.jpg.chip.jpg,50,Male,White
54_0_4_20170117204308977.jpg.chip.jpg,54,Male,Others
37_1_0_20170103183019306.jpg.chip.jpg,37,Female,White
26_1_3_20170119180937252.jpg.chip.jpg,26,Female,Indian
26_1_1_20170112230643812.jpg.chip.jpg,26,Female,Black
23_1_4_20170117194303197.jpg.chip.jpg,23,Female,Others
24_0_4_20170117194435668.jpg.chip.jpg,24,Male,Others
55_1_3_20170119192720664.jpg.chip.jpg,55,Female,Indian
25_0_1_20170117140732133.jpg.chip.jpg,25,Male,Black
15_1_3_20170104221725742.jpg.chip.jpg,15,Female,Indian
4_0_2_20170110225135002.jpg.chip.jpg,4,Male,Asian
2_0_4_20170103213256420.jpg.chip.jpg,2,Male,Others
18_0_1_20170116204909922.jpg.chip.jpg,18,Male,Black
32_0_0_20170120220858579.jpg.chip.jpg,32,Male,White
45_0_3_20170119204725919.jpg.chip.jpg,45,Male,Indian
35_0_1_20170113133712152.jpg.chip.jpg,35,Male,Black
28_0_0_20170117180137421.jpg.chip.jpg,28,Male,White
65_0_0_20170117162901325.jpg.chip.jpg,65,Male,White
26_1_2_20170116184042449.jpg.chip.jpg,26,Female,Asian
25_1_4_20170103212758572.jpg.chip.jpg,25,Female,Others
2_1_1_20170109194517710.jpg.chip.jpg,2,Female,Black
28_1_0_20170116192508046.jpg.chip.jpg,28,Female,White
25_1_1_20170117195334509.jpg.chip.jpg,25,Female,Black
52_1_0_20170110143721250.jpg.chip.jpg,52,Female,White
42_0_0_20170117154809285.jpg.chip.jpg,42,Male,White
53_0_0_20170109012810348.jpg.chip.jpg,53,Male,White
34_1_0_20170117171540757.jpg.chip.jpg,34,Female,White
15_0_0_20170110232730918.jpg.chip.jpg,15,Male,White
43_1_4_20170117204026648.jpg.chip.jpg,43,Female,Others
38_1_4_20170109002426534.jpg.chip.jpg,38,Female,Others
55_0_1_20170113184610639.jpg.chip.jpg,55,Male,Black
35_1_3_20170109140914004.jpg.chip.jpg,35,Female,Indian
29_0_1_20170117103813080.jpg.chip.jpg,29,Male,Black
63_0_0_20170102233622267.jpg.chip.jpg,63,Male,White
26_1_3_20170104214731389.jpg.chip.jpg,26,Female,Indian
3_1_1_20170109194619954.jpg.chip.jpg,3,Female,Black
6_1_3_20161220223138171.jpg.chip.jpg,6,Female,Indian
26_1_3_20170104215610550.jpg.chip.jpg,26,Female,Indian
40_0_0_20170117182908711.jpg.chip.jpg,40,Male,White
35_0_4_20170117194209748.jpg.chip.jpg,35,Male,Others
42_0_0_20170117185759113.jpg.chip.jpg,42,Male,White
28_0_0_20170117120912350.jpg.chip.jpg,28,Male,White
20_1_0_20170117141304848.jpg.chip.jpg,20,Female,White
36_1_1_20170116022026435.jpg.chip.jpg,36,Female,Black
20_1_0_20170117193616027.jpg.chip.jpg,20,Female,White
28_0_3_20170113153014880.jpg.chip.jpg,28,Male,Indian
1_1_4_20161221192629892.jpg.chip.jpg,1,Female,Others
30_0_2_20170116173409625.jpg.chip.jpg,30,Male,Asian
71_1_0_20170117194649889.jpg.chip.jpg,71,Female,White
26_1_3_20170104215629245.jpg.chip.jpg,26,Female,Indian
22_1_0_20170116220934918.jpg.chip.jpg,22,Female,White
31_0_2_20170116170844078.jpg.chip.jpg,31,Male,Asian
26_0_3_20170117154913436.jpg.chip.jpg,26,Male,Indian
37_0_3_20170119202310776.jpg.chip.jpg,37,Male,Indian
14_0_3_20170117181642515.jpg.chip.jpg,14,Male,Indian
50_0_0_20170117170208411.jpg.chip.jpg,50,Male,White
75_1_2_20170112224034603.jpg.chip.jpg,75,Female,Asian
22_1_0_20170112192301390.jpg.chip.jpg,22,Female,White
53_0_0_20170117191002777.jpg.chip.jpg,53,Male,White
44_1_0_20170116222635275.jpg.chip.jpg,44,Female,White
70_0_0_20170120223341037.jpg.chip.jpg,70,Male,White
6_1_3_20161220222552857.jpg.chip.jpg,6,Female,Indian
63_1_0_20170110151426496.jpg.chip.jpg,63,Female,White
2_0_2_20161219222109319.jpg.chip.jpg,2,Male,Asian
37_0_3_20170119192056728.jpg.chip.jpg,37,Male,Indian
1_1_3_20161219225015272.jpg.chip.jpg,1,Female,Indian
28_1_0_20170103182305562.jpg.chip.jpg,28,Female,White
53_0_0_20170113184941808.jpg.chip.jpg,53,Male,White
36_1_1_20170113000900081.jpg.chip.jpg,36,Female,Black
30_0_2_20170116180745378.jpg.chip.jpg,30,Male,Asian
30_1_0_20170117144819225.jpg.chip.jpg,30,Female,White
1_0_4_20161221202132305.jpg.chip.jpg,1,Male,Others
45_0_1_20170120223517421.jpg.chip.jpg,45,Male,Black
30_1_0_20170117193709509.jpg.chip.jpg,30,Female,White
24_0_4_20170103210052027.jpg.chip.jpg,24,Male,Others
45_0_3_20170119165318518.jpg.chip.jpg,45,Male,Indian
8_1_3_20170104222709156.jpg.chip.jpg,8,Female,Indian
3_0_0_20170110212651258.jpg.chip.jpg,3,Male,White
54_0_0_20170109013343077.jpg.chip.jpg,54,Male,White
9_0_0_20170110225419379.jpg.chip.jpg,9,Male,White
36_0_3_20170119175242539.jpg.chip.jpg,36,Male,Indian
34_0_0_20170116232927836.jpg.chip.jpg,34,Male,White
29_1_2_20170116191203271.jpg.chip.jpg,29,Female,Asian
65_0_0_20170111205148232.jpg.chip.jpg,65,Male,White
24_1_2_20170112204741443.jpg.chip.jpg,24,Female,Asian
50_0_0_20170120221659635.jpg.chip.jpg,50,Male,White
26_1_1_20170116014143675.jpg.chip.jpg,26,Female,Black
26_1_1_20170113000509698.jpg.chip.jpg,26,Female,Black
55_0_1_20170117170627262.jpg.chip.jpg,55,Male,Black
15_1_0_20170109212807412.jpg.chip.jpg,15,Female,White
32_0_1_20170113175300325.jpg.chip.jpg,32,Male,Black
36_0_3_20170119202127415.jpg.chip.jpg,36,Male,Indian
2_1_4_20161221201556929.jpg.chip.jpg,2,Female,Others
32_1_2_20170117134739830.jpg.chip.jpg,32,Female,Asian
26_1_3_20170117154510952.jpg.chip.jpg,26,Female,Indian
24_0_2_20170116163855503.jpg.chip.jpg,24,Male,Asian
22_0_2_20170104021348142.jpg.chip.jpg,22,Male,Asian
60_1_0_20170110131716428.jpg.chip.jpg,60,Female,White
20_0_0_20170113184350758.jpg.chip.jpg,20,Male,White
54_0_0_20170117163733561.jpg.chip.jpg,54,Male,White
68_1_0_20170110122621083.jpg.chip.jpg,68,Female,White
33_1_1_20170116024027298.jpg.chip.jpg,33,Female,Black
3_1_2_20161219190344451.jpg.chip.jpg,3,Female,Asian
23_0_4_20170103234915411.jpg.chip.jpg,23,Male,Others
42_0_1_20170117171122662.jpg.chip.jpg,42,Male,Black
31_1_2_20170104234746818.jpg.chip.jpg,31,Female,Asian
32_1_0_20170105162332267.jpg.chip.jpg,32,Female,White
22_1_3_20170119163028157.jpg.chip.jpg,22,Female,Indian
33_1_0_20170103181128408.jpg.chip.jpg,33,Female,White
4_0_0_20170110213211374.jpg.chip.jpg,4,Male,White
28_0_1_20170113151805863.jpg.chip.jpg,28,Male,Black
36_0_1_20170116205444602.jpg.chip.jpg,36,Male,Black
37_0_3_20170117183448630.jpg.chip.jpg,37,Male,Indian
1_1_2_20161219195318220.jpg.chip.jpg,1,Female,Asian
3_0_4_20161221193406126.jpg.chip.jpg,3,Male,Others
59_0_0_20170109143000485.jpg.chip.jpg,59,Male,White
24_1_2_20170116173405460.jpg.chip.jpg,24,Female,Asian
21_0_1_20170113133218153.jpg.chip.jpg,21,Male,Black
35_1_1_20170112211524197.jpg.chip.jpg,35,Female,Black
14_1_0_20170109214349442.jpg.chip.jpg,14,Female,White
37_0_1_20170113174433771.jpg.chip.jpg,37,Male,Black
28_1_0_20170117121842806.jpg.chip.jpg,28,Female,White
26_1_1_20170116153816328.jpg.chip.jpg,26,Female,Black
31_0_1_20170116024204398.jpg.chip.jpg,31,Male,Black
24_0_2_20170116172518044.jpg.chip.jpg,24,Male,Asian
26_1_2_20170116184133814.jpg.chip.jpg,26,Female,Asian
40_0_1_20170113142425444.jpg.chip.jpg,40,Male,Black
2_1_4_20170103210746899.jpg.chip.jpg,2,Female,Others
40_0_0_20170117134708024.jpg.chip.jpg,40,Male,White
23_0_2_20170116172927637.jpg.chip.jpg,23,Male,Asian
29_0_1_20170117183551382.jpg.chip.jpg,29,Male,Black
21_0_3_20170119153827185.jpg.chip.jpg,21,Male,Indian
2_1_2_20161219203800420.jpg.chip.jpg,2,Female,Asian
28_0_4_20170103235814852.jpg.chip.jpg,28,Male,Others
35_1_1_20170117005839967.jpg.chip.jpg,35,Female,Black
30_0_0_20170117132538273.jpg.chip.jpg,30,Male,White
56_1_0_20170110141656511.jpg.chip.jpg,56,Female,White
26_1_3_20170117174028333.jpg.chip.jpg,26,Female,Indian
56_0_0_20170104203949915.jpg.chip.jpg,56,Male,White
43_0_0_20170114034306574.jpg.chip.jpg,43,Male,White
26_1_3_20170104235019355.jpg.chip.jpg,26,Female,Indian
35_1_0_20170103163357623.jpg.chip.jpg,35,Female,White
14_1_0_20170109204135732.jpg.chip.jpg,14,Female,White
27_0_0_20170113210126713.jpg.chip.jpg,27,Male,White
28_0_0_20170116212026440.jpg.chip.jpg,28,Male,White
25_0_1_20170117165420219.jpg.chip.jpg,25,Male,Black
54_0_0_20170117171047997.jpg.chip.jpg,54,Male,White
29_1_0_20170117005833085.jpg.chip.jpg,29,Female,White
28_1_2_20170116164719711.jpg.chip.jpg,28,Female,Asian
26_0_0_20170119180652115.jpg.chip.jpg,26,Male,White
52_1_1_20170113000549723.jpg.chip.jpg,52,Female,Black
27_0_3_20170119194317923.jpg.chip.jpg,27,Male,Indian
64_0_0_20170120222952994.jpg.chip.jpg,64,Male,White
44_1_3_20170119192758593.jpg.chip.jpg,44,Female,Indian
2_1_3_20161219224729352.jpg.chip.jpg,2,Female,Indian
50_0_3_20170119205237303.jpg.chip.jpg,50,Male,Indian
25_0_0_20170117143507210.jpg.chip.jpg,25,Male,White
26_1_2_20170116180214166.jpg.chip.jpg,26,Female,Asian
23_0_3_20170119164028527.jpg.chip.jpg,23,Male,Indian
2_0_2_20161219151847379.jpg.chip.jpg,2,Male,Asian
44_0_3_20170119172207729.jpg.chip.jpg,44,Male,Indian
23_1_3_20170119164432343.jpg.chip.jpg,23,Female,Indian
31_0_0_20170104165835728.jpg.chip.jpg,31,Male,White
46_0_3_20170119181027204.jpg.chip.jpg,46,Male,Indian
26_1_2_20170116182615565.jpg.chip.jpg,26,Female,Asian
26_0_0_20170113210605280.jpg.chip.jpg,26,Male,White
25_1_0_20170117140418545.jpg.chip.jpg,25,Female,White
19_1_4_20170103224609304.jpg.chip.jpg,19,Female,Others
29_1_0_20170117130627761.jpg.chip.jpg,29,Female,White
65_0_0_20170111200004259.jpg.chip.jpg,65,Male,White
40_0_2_20170116182746808.jpg.chip.jpg,40,Male,Asian
75_0_2_20170112224347901.jpg.chip.jpg,75,Male,Asian
23_1_2_20170116173239323.jpg.chip.jpg,23,Female,Asian
36_1_0_20170105161643483.jpg.chip.jpg,36,Female,White
9_0_1_20170110223920908.jpg.chip.jpg,9,Male,Black
28_1_0_20170117164649676.jpg.chip.jpg,28,Female,White
26_0_3_20170119183051629.jpg.chip.jpg,26,Male,Indian
11_1_0_20170103200517422.jpg.chip.jpg,11,Female,White
10_0_1_20170104010841239.jpg.chip.jpg,10,Male,Black
54_1_0_20170103180708902.jpg.chip.jpg,54,Female,White
65_0_0_20170113185234983.jpg.chip.jpg,65,Male,White
29_0_3_20170119195313651.jpg.chip.jpg,29,Male,Indian
1_0_0_20170110212603790.jpg.chip.jpg,1,Male,White
35_0_4_20170117153804765.jpg.chip.jpg,35,Male,Others
32_1_1_20170117203130815.jpg.chip.jpg,32,Female,Black
17_0_0_20170116182812470.jpg.chip.jpg,17,Male,White
26_0_1_20170113152835192.jpg.chip.jpg,26,Male,Black
29_1_3_20170119152650912.jpg.chip.jpg,29,Female,Indian
1_1_2_20161219161751262.jpg.chip.jpg,1,Female,Asian
45_0_0_20170117172129436.jpg.chip.jpg,45,Male,White
14_0_3_20170104225533201.jpg.chip.jpg,14,Male,Indian
75_0_0_20170117174833509.jpg.chip.jpg,75,Male,White
1_1_3_20161219224619703.jpg.chip.jpg,1,Female,Indian
1_0_2_20161219205016902.jpg.chip.jpg,1,Male,Asian
35_0_1_20170116222350690.jpg.chip.jpg,35,Male,Black
2_1_2_20161219140853880.jpg.chip.jpg,2,Female,Asian
63_0_0_20170109011137735.jpg.chip.jpg,63,Male,White
27_0_1_20170117202122150.jpg.chip.jpg,27,Male,Black
62_0_0_20170117192210458.jpg.chip.jpg,62,Male,White
53_1_0_20170116200916159.jpg.chip.jpg,53,Female,White
1_1_0_20170109192245647.jpg.chip.jpg,1,Female,White
60_0_1_20170113182850495.jpg.chip.jpg,60,Male,Black
22_1_1_20170112203855123.jpg.chip.jpg,22,Female,Black
26_0_3_20170119162753492.jpg.chip.jpg,26,Male,Indian
4_1_3_20161219224906705.jpg.chip.jpg,4,Female,Indian
45_0_1_20170113173605450.jpg.chip.jpg,45,Male,Black
35_1_3_20170117173702817.jpg.chip.jpg,35,Female,Indian
40_1_1_20170112231359349.jpg.chip.jpg,40,Female,Black
36_0_0_20170117120755229.jpg.chip.jpg,36,Male,White
30_1_2_20170116192643744.jpg.chip.jpg,30,Female,Asian
32_1_1_20170115234837392.jpg.chip.jpg,32,Female,Black
1_1_2_20161219161741126.jpg.chip.jpg,1,Female,Asian
80_0_2_20170111201008732.jpg.chip.jpg,80,Male,Asian
80_1_0_20170117175612764.jpg.chip.jpg,80,Female,White
37_1_3_20170109132653966.jpg.chip.jpg,37,Female,Indian
75_0_1_20170111200107131.jpg.chip.jpg,75,Male,Black
29_0_2_20170116190156845.jpg.chip.jpg,29,Male,Asian
58_0_2_20170116193712612.jpg.chip.jpg,58,Male,Asian
18_1_2_20170109213146944.jpg.chip.jpg,18,Female,Asian
26_1_2_20170116184657144.jpg.chip.jpg,26,Female,Asian
50_1_0_20170109012444348.jpg.chip.jpg,50,Female,White
26_1_0_20170117200604086.jpg.chip.jpg,26,Female,White
36_0_0_20170117135436708.jpg.chip.jpg,36,Male,White
35_1_1_20170113012005143.jpg.chip.jpg,35,Female,Black
1_0_3_20161219225032897.jpg.chip.jpg,1,Male,Indian
24_1_3_20170119165528950.jpg.chip.jpg,24,Female,Indian
34_0_1_20170113173021417.jpg.chip.jpg,34,Male,Black
54_1_3_20170109140625083.jpg.chip.jpg,54,Female,Indian
27_0_4_20170103235026964.jpg.chip.jpg,27,Male,Others
65_1_0_20170110143540983.jpg.chip.jpg,65,Female,White
29_1_4_20170103230119816.jpg.chip.jpg,29,Female,Others
19_1_4_20170103233712235.jpg.chip.jpg,19,Female,Others
21_0_3_20170117141644440.jpg.chip.jpg,21,Male,Indian
28_1_4_20170103225950647.jpg.chip.jpg,28,Female,Others
26_1_1_20170109134519311.jpg.chip.jpg,26,Female,Black
4_1_2_20161219153328036.jpg.chip.jpg,4,Female,Asian
27_0_0_20170117013702526.jpg.chip.jpg,27,Male,White
49_1_0_20170104235655316.jpg.chip.jpg,49,Female,White
29_1_2_20170116175313289.jpg.chip.jpg,29,Female,Asian
55_0_0_20170117135625808.jpg.chip.jpg,55,Male,White
20_1_2_20170116163800040.jpg.chip.jpg,20,Female,Asian
1_0_0_20161219154956869.jpg.chip.jpg,1,Male,White
1_1_4_20161221195449497.jpg.chip.jpg,1,Female,Others
10_0_0_20170110225451638.jpg.chip.jpg,10,Male,White
51_0_0_20170117172522285.jpg.chip.jpg,51,Male,White
57_0_1_20170117164415527.jpg.chip.jpg,57,Male,Black
60_0_3_20170119205739654.jpg.chip.jpg,60,Male,Indian
18_1_3_20170104221922679.jpg.chip.jpg,18,Female,Indian
35_0_3_20170119201257884.jpg.chip.jpg,35,Male,Indian
7_1_4_20170103201832231.jpg.chip.jpg,7,Female,Others
35_0_1_20170117135003701.jpg.chip.jpg,35,Male,Black
14_1_0_20170109203625481.jpg.chip.jpg,14,Female,White
32_1_0_20170117182450222.jpg.chip.jpg,32,Female,White
24_1_4_20170103223954911.jpg.chip.jpg,24,Female,Others
65_0_1_20170117193640771.jpg.chip.jpg,65,Male,Black
35_0_1_20170116194427309.jpg.chip.jpg,35,Male,Black
67_0_0_20170120224558687.jpg.chip.jpg,67,Male,White
54_0_0_20170120223234975.jpg.chip.jpg,54,Male,White
39_0_1_20170113174638723.jpg.chip.jpg,39,Male,Black
30_0_2_20170117134906136.jpg.chip.jpg,30,Male,Asian
21_0_3_20170119154249810.jpg.chip.jpg,21,Male,Indian
33_0_1_20170116215201422.jpg.chip.jpg,33,Male,Black
26_1_3_20170119180544051.jpg.chip.jpg,26,Female,Indian
22_1_0_20170103235726923.jpg.chip.jpg,22,Female,White
36_0_3_20170119194703786.jpg.chip.jpg,36,Male,Indian
56_0_0_20170113150436903.jpg.chip.jpg,56,Male,White
15_1_3_20170104222618503.jpg.chip.jpg,15,Female,Indian
26_1_0_20170117175124289.jpg.chip.jpg,26,Female,White
24_1_3_20170119171014400.jpg.chip.jpg,24,Female,Indian
22_1_4_20170104001853773.jpg.chip.jpg,22,Female,Others
24_0_0_20170117170357643.jpg.chip.jpg,24,Male,White
22_1_4_20170103225112465.jpg.chip.jpg,22,Female,Others
22_1_1_20170105183837056.jpg.chip.jpg,22,Female,Black
20_0_1_20170113133041441.jpg.chip.jpg,20,Male,Black
25_1_2_20170116175242392.jpg.chip.jpg,25,Female,Asian
24_1_3_20170104231931545.jpg.chip.jpg,24,Female,Indian
26_1_1_20170112210553412.jpg.chip.jpg,26,Female,Black
28_1_3_20170117180646529.jpg.chip.jpg,28,Female,Indian
35_0_0_20170108224654643.jpg.chip.jpg,35,Male,White
65_0_0_20170111210257547.jpg.chip.jpg,65,Male,White
54_1_1_20170117204543384.jpg.chip.jpg,54,Female,Black
60_1_0_20170110152954671.jpg.chip.jpg,60,Female,White
35_0_1_20170117142612894.jpg.chip.jpg,35,Male,Black
30_1_0_20170103183908075.jpg.chip.jpg,30,Female,White
7_0_0_20170110215645684.jpg.chip.jpg,7,Male,White
67_0_1_20170117190207133.jpg.chip.jpg,67,Male,Black
34_0_0_20170117182621262.jpg.chip.jpg,34,Male,White
24_1_4_20170103224804680.jpg.chip.jpg,24,Female,Others
36_0_0_20170105163342059.jpg.chip.jpg,36,Male,White
58_1_0_20170109150657263.jpg.chip.jpg,58,Female,White
33_0_0_20170120225727019.jpg.chip.jpg,33,Male,White
27_1_2_20170109132133665.jpg.chip.jpg,27,Female,Asian
30_1_2_20170104020413511.jpg.chip.jpg,30,Female,Asian
29_0_3_20170119153035762.jpg.chip.jpg,29,Male,Indian
52_0_3_20170119200407188.jpg.chip.jpg,52,Male,Indian
1_1_1_20170109194554835.jpg.chip.jpg,1,Female,Black
36_0_3_20170119201742501.jpg.chip.jpg,36,Male,Indian
32_0_0_20170116213549300.jpg.chip.jpg,32,Male,White
58_0_0_20170117193308276.jpg.chip.jpg,58,Male,White
26_0_3_20170119184304951.jpg.chip.jpg,26,Male,Indian
1_0_3_20161220221612859.jpg.chip.jpg,1,Male,Indian
53_1_0_20170109220746274.jpg.chip.jpg,53,Female,White
36_0_0_20170113210318892.jpg.chip.jpg,36,Male,White
18_0_1_20170113132629362.jpg.chip.jpg,18,Male,Black
58_0_1_20170117193630275.jpg.chip.jpg,58,Male,Black
34_1_0_20170103163503653.jpg.chip.jpg,34,Female,White
35_1_3_20170104235558235.jpg.chip.jpg,35,Female,Indian
32_0_1_20170116003725128.jpg.chip.jpg,32,Male,Black
29_0_4_20170117180914972.jpg.chip.jpg,29,Male,Others
76_1_0_20170110181611591.jpg.chip.jpg,76,Female,White
3_1_0_20170109193421750.jpg.chip.jpg,3,Female,White
24_0_3_20170119165932823.jpg.chip.jpg,24,Male,Indian
25_0_0_20170116222920399.jpg.chip.jpg,25,Male,White
54_0_0_20170117191341090.jpg.chip.jpg,54,Male,White
28_1_1_20170116021913149.jpg.chip.jpg,28,Female,Black
26_1_3_20170117174016693.jpg.chip.jpg,26,Female,Indian
26_1_0_20170103181326336.jpg.chip.jpg,26,Female,White
33_1_0_20170112235509832.jpg.chip.jpg,33,Female,White
38_1_0_20170108230255020.jpg.chip.jpg,38,Female,White
66_1_0_20170110124457390.jpg.chip.jpg,66,Female,White
43_0_0_20170104183504030.jpg.chip.jpg,43,Male,White
26_1_3_20170104223054575.jpg.chip.jpg,26,Female,Indian
49_1_3_20170104231642491.jpg.chip.jpg,49,Female,Indian
32_0_1_20170117140609238.jpg.chip.jpg,32,Male,Black
16_0_0_20170110231527285.jpg.chip.jpg,16,Male,White
22_0_2_20170116172148714.jpg.chip.jpg,22,Male,Asian
26_0_0_20170112205800959.jpg.chip.jpg,26,Male,White
26_0_0_20170117195443924.jpg.chip.jpg,26,Male,White
26_1_1_20170117153740629.jpg.chip.jpg,26,Female,Black
2_1_2_20161219140650888.jpg.chip.jpg,2,Female,Asian
78_0_0_20170111204704023.jpg.chip.jpg,78,Male,White
23_1_1_20170114030249007.jpg.chip.jpg,23,Female,Black
44_1_1_20170109003554162.jpg.chip.jpg,44,Female,Black
23_1_3_20170119164456070.jpg.chip.jpg,23,Female,Indian
24_1_4_20170103235745076.jpg.chip.jpg,24,Female,Others
61_0_0_20170117193447568.jpg.chip.jpg,61,Male,White
24_1_2_20170116171024225.jpg.chip.jpg,24,Female,Asian
26_1_0_20170117200514416.jpg.chip.jpg,26,Female,White
36_0_3_20170119201953309.jpg.chip.jpg,36,Male,Indian
24_1_0_20170119211426377.jpg.chip.jpg,24,Female,White
2_0_2_20161219204916820.jpg.chip.jpg,2,Male,Asian
3_0_1_20170110213755346.jpg.chip.jpg,3,Male,Black
26_0_0_20170116181255495.jpg.chip.jpg,26,Male,White
65_0_1_20170113184825438.jpg.chip.jpg,65,Male,Black
39_1_1_20170117184932055.jpg.chip.jpg,39,Female,Black
1_1_0_20170109190811756.jpg.chip.jpg,1,Female,White
57_1_0_20170117160411871.jpg.chip.jpg,57,Female,White
35_1_3_20170117180204756.jpg.chip.jpg,35,Female,Indian
61_0_0_20170117192103475.jpg.chip.jpg,61,Male,White
30_1_1_20170117123854164.jpg.chip.jpg,30,Female,Black
34_0_3_20170119172218345.jpg.chip.jpg,34,Male,Indian
27_0_1_20170113135657435.jpg.chip.jpg,27,Male,Black
53_1_0_20170110160643282.jpg.chip.jpg,53,Female,White
52_0_3_20170119205717649.jpg.chip.jpg,52,Male,Indian
23_1_1_20170117175829359.jpg.chip.jpg,23,Female,Black
31_1_2_20170104020444076.jpg.chip.jpg,31,Female,Asian
25_1_1_20170112205157395.jpg.chip.jpg,25,Female,Black
22_0_2_20170104015701971.jpg.chip.jpg,22,Male,Asian
42_1_1_20170113012041287.jpg.chip.jpg,42,Female,Black
1_0_3_20161219230132696.jpg.chip.jpg,1,Male,Indian
43_0_0_20170104210618508.jpg.chip.jpg,43,Male,White
20_1_0_20170114031424981.jpg.chip.jpg,20,Female,White
26_0_4_20170117195717237.jpg.chip.jpg,26,Male,Others
49_0_3_20170104214709125.jpg.chip.jpg,49,Male,Indian
13_1_0_20170109204325267.jpg.chip.jpg,13,Female,White
28_1_2_20170116164552683.jpg.chip.jpg,28,Female,Asian
63_0_0_20170117192213796.jpg.chip.jpg,63,Male,White
32_0_2_20170116190057472.jpg.chip.jpg,32,Male,Asian
45_1_0_20170105173156493.jpg.chip.jpg,45,Female,White
24_1_2_20170116173426810.jpg.chip.jpg,24,Female,Asian
28_0_0_20170109141837163.jpg.chip.jpg,28,Male,White
4_1_0_20161219230409176.jpg.chip.jpg,4,Female,White
1_0_2_20161219161944926.jpg.chip.jpg,1,Male,Asian
45_0_3_20170117165700077.jpg.chip.jpg,45,Male,Indian
32_1_0_20170103163347255.jpg.chip.jpg,32,Female,White
28_1_2_20170116190120209.jpg.chip.jpg,28,Female,Asian
4_0_0_20161220220926474.jpg.chip.jpg,4,Male,White
30_0_1_20170117202828582.jpg.chip.jpg,30,Male,Black
38_0_0_20170117125958451.jpg.chip.jpg,38,Male,White
2_1_0_20170109194419285.jpg.chip.jpg,2,Female,White
67_0_0_20170104185241950.jpg.chip.jpg,67,Male,White
5_1_0_20170109193852084.jpg.chip.jpg,5,Female,White
26_1_0_20170117174119845.jpg.chip.jpg,26,Female,White
1_1_2_20161219162523262.jpg.chip.jpg,1,Female,Asian
5_0_4_20161221200001464.jpg.chip.jpg,5,Male,Others
62_0_0_20170111171747583.jpg.chip.jpg,62,Male,White
2_0_0_20170110212901886.jpg.chip.jpg,2,Male,White
80_0_3_20170117174541085.jpg.chip.jpg,80,Male,Indian
1_0_3_20161219225149888.jpg.chip.jpg,1,Male,Indian
32_0_3_20170119154229786.jpg.chip.jpg,32,Male,Indian
25_0_3_20170119152752375.jpg.chip.jpg,25,Male,Indian
58_0_0_20170104185539454.jpg.chip.jpg,58,Male,White
58_1_0_20170117173717097.jpg.chip.jpg,58,Female,White
35_0_2_20170116191807393.jpg.chip.jpg,35,Male,Asian
54_0_0_20170120223241564.jpg.chip.jpg,54,Male,White
24_0_2_20170116165212955.jpg.chip.jpg,24,Male,Asian
54_1_3_20170109141510546.jpg.chip.jpg,54,Female,Indian
21_1_1_20170112193102422.jpg.chip.jpg,21,Female,Black
28_0_4_20170103235312020.jpg.chip.jpg,28,Male,Others
62_0_1_20170113175129604.jpg.chip.jpg,62,Male,Black
42_0_0_20170117135614403.jpg.chip.jpg,42,Male,White
35_0_0_20170119201458029.jpg.chip.jpg,35,Male,White
1_0_3_20161220143042511.jpg.chip.jpg,1,Male,Indian
37_1_0_20170104172432171.jpg.chip.jpg,37,Female,White
27_0_0_20170117184509194.jpg.chip.jpg,27,Male,White
28_1_1_20170112211545692.jpg.chip.jpg,28,Female,Black
36_1_0_20170105163423874.jpg.chip.jpg,36,Female,White
32_0_2_20170116201214616.jpg.chip.jpg,32,Male,Asian
15_0_0_20170116201248395.jpg.chip.jpg,15,Male,White
53_1_0_20170110153042034.jpg.chip.jpg,53,Female,White
59_0_2_20170113190433215.jpg.chip.jpg,59,Male,Asian
26_0_3_20170119181428332.jpg.chip.jpg,26,Male,Indian
36_0_1_20170117194044752.jpg.chip.jpg,36,Male,Black
39_1_1_20170116021758628.jpg.chip.jpg,39,Female,Black
52_1_0_20170110153654447.jpg.chip.jpg,52,Female,White
26_0_4_20170103235338373.jpg.chip.jpg,26,Male,Others
24_1_4_20170105183531601.jpg.chip.jpg,24,Female,Others
30_0_0_20170117120219701.jpg.chip.jpg,30,Male,White
36_0_3_20170119195452698.jpg.chip.jpg,36,Male,Indian
26_1_4_20170117200105003.jpg.chip.jpg,26,Female,Others
39_1_0_20170104171537233.jpg.chip.jpg,39,Female,White
53_0_1_20170116191725055.jpg.chip.jpg,53,Male,Black
36_0_1_20170120140727849.jpg.chip.jpg,36,Male,Black
24_1_0_20170112231916526.jpg.chip.jpg,24,Female,White
32_1_1_20170112210316260.jpg.chip.jpg,32,Female,Black
24_0_2_20170116164343289.jpg.chip.jpg,24,Male,Asian
60_1_0_20170110140900329.jpg.chip.jpg,60,Female,White
8_1_4_20170103210016155.jpg.chip.jpg,8,Female,Others
80_0_1_20170111205621738.jpg.chip.jpg,80,Male,Black
22_1_2_20170116165942740.jpg.chip.jpg,22,Female,Asian
24_1_2_20170116174503300.jpg.chip.jpg,24,Female,Asian
40_1_0_20170116221748584.jpg.chip.jpg,40,Female,White
22_0_0_20170104003948607.jpg.chip.jpg,22,Male,White
28_0_0_20170117021411463.jpg.chip.jpg,28,Male,White
47_0_0_20170117135932141.jpg.chip.jpg,47,Male,White
24_1_1_20170112234600841.jpg.chip.jpg,24,Female,Black
27_1_2_20170116162015711.jpg.chip.jpg,27,Female,Asian
24_1_1_20170112231819332.jpg.chip.jpg,24,Female,Black
26_0_0_20170117195448787.jpg.chip.jpg,26,Male,White
31_0_1_20170113175708996.jpg.chip.jpg,31,Male,Black
39_1_1_20170113011538935.jpg.chip.jpg,39,Female,Black
30_1_2_20170116165139757.jpg.chip.jpg,30,Female,Asian
65_1_0_20170110160643923.jpg.chip.jpg,65,Female,White
5_1_3_20161219225746112.jpg.chip.jpg,5,Female,Indian
59_1_0_20170110122554230.jpg.chip.jpg,59,Female,White
50_1_1_20170117185827827.jpg.chip.jpg,50,Female,Black
26_1_1_20170112210842781.jpg.chip.jpg,26,Female,Black
31_1_1_20170116170826913.jpg.chip.jpg,31,Female,Black
25_1_1_20170112205059883.jpg.chip.jpg,25,Female,Black
2_1_4_20170103210934483.jpg.chip.jpg,2,Female,Others
26_1_0_20170117152442875.jpg.chip.jpg,26,Female,White
31_0_4_20170108235352933.jpg.chip.jpg,31,Male,Others
40_1_2_20170117121945324.jpg.chip.jpg,40,Female,Asian
22_1_2_20170116172700901.jpg.chip.jpg,22,Female,Asian
25_1_2_20170116175248545.jpg.chip.jpg,25,Female,Asian
1_1_0_20161220220143105.jpg.chip.jpg,1,Female,White
7_0_0_20170110225126086.jpg.chip.jpg,7,Male,White
26_1_1_20170112230436478.jpg.chip.jpg,26,Female,Black
26_1_0_20170117200657181.jpg.chip.jpg,26,Female,White
66_1_0_20170110123144558.jpg.chip.jpg,66,Female,White
32_1_1_20170113000704411.jpg.chip.jpg,32,Female,Black
31_0_3_20170104230610969.jpg.chip.jpg,31,Male,Indian
31_0_2_20170104021231011.jpg.chip.jpg,31,Male,Asian
42_1_1_20170113000652498.jpg.chip.jpg,42,Female,Black
36_0_0_20170119155816042.jpg.chip.jpg,36,Male,White
26_1_1_20170112213308487.jpg.chip.jpg,26,Female,Black
28_1_1_20170116232347382.jpg.chip.jpg,28,Female,Black
54_1_0_20170110122243471.jpg.chip.jpg,54,Female,White
28_1_4_20170103182235849.jpg.chip.jpg,28,Female,Others
60_1_3_20170119204012575.jpg.chip.jpg,60,Female,Indian
34_1_3_20170105002136348.jpg.chip.jpg,34,Female,Indian
26_1_1_20170116160229813.jpg.chip.jpg,26,Female,Black
31_1_0_20170116021126334.jpg.chip.jpg,31,Female,White
42_1_0_20170110160632965.jpg.chip.jpg,42,Female,White
45_0_3_20170119175445883.jpg.chip.jpg,45,Male,Indian
60_0_2_20170120221617188.jpg.chip.jpg,60,Male,Asian
56_0_2_20170116183749477.jpg.chip.jpg,56,Male,Asian
50_1_3_20170104235532885.jpg.chip.jpg,50,Female,Indian
36_0_1_20170113184204256.jpg.chip.jpg,36,Male,Black
36_0_0_20170117105105170.jpg.chip.jpg,36,Male,White
41_1_0_20170103163256248.jpg.chip.jpg,41,Female,White
1_0_0_20170110212759695.jpg.chip.jpg,1,Male,White
45_1_0_20170109221158465.jpg.chip.jpg,45,Female,White
46_1_0_20170109002625012.jpg.chip.jpg,46,Female,White
31_0_1_20170116160725854.jpg.chip.jpg,31,Male,Black
52_0_0_20170104212228222.jpg.chip.jpg,52,Male,White
50_1_1_20170103182211471.jpg.chip.jpg,50,Female,Black
26_0_1_20170116182311719.jpg.chip.jpg,26,Male,Black
1_0_0_20161219154724341.jpg.chip.jpg,1,Male,White
4_0_3_20161220222705570.jpg.chip.jpg,4,Male,Indian
45_0_1_20170117175348238.jpg.chip.jpg,45,Male,Black
35_0_0_20170117145856290.jpg.chip.jpg,35,Male,White
29_1_4_20170105171748652.jpg.chip.jpg,29,Female,Others
8_1_3_20161220222527146.jpg.chip.jpg,8,Female,Indian
1_0_2_20161219153055452.jpg.chip.jpg,1,Male,Asian
8_1_0_20170109202316791.jpg.chip.jpg,8,Female,White
28_0_2_20170116164225550.jpg.chip.jpg,28,Male,Asian
36_1_0_20170116222807886.jpg.chip.jpg,36,Female,White
20_0_1_20170117012858687.jpg.chip.jpg,20,Male,Black
28_1_0_20170116164616853.jpg.chip.jpg,28,Female,White
8_1_4_20170109202358152.jpg.chip.jpg,8,Female,Others
66_1_0_20170110141312880.jpg.chip.jpg,66,Female,White
32_0_1_20170113151436071.jpg.chip.jpg,32,Male,Black
5_0_0_20170109193414770.jpg.chip.jpg,5,Male,White
32_1_1_20170113012739969.jpg.chip.jpg,32,Female,Black
14_1_0_20170109203330417.jpg.chip.jpg,14,Female,White
59_0_0_20170111171747533.jpg.chip.jpg,59,Male,White
30_1_2_20170116191239121.jpg.chip.jpg,30,Female,Asian
47_0_0_20170111181750442.jpg.chip.jpg,47,Male,White
22_1_2_20161219153940196.jpg.chip.jpg,22,Female,Asian
54_0_0_20170111171747448.jpg.chip.jpg,54,Male,White
1_0_3_20161220222459155.jpg.chip.jpg,1,Male,Indian
51_0_4_20170104211801364.jpg.chip.jpg,51,Male,Others
1_0_3_20161220142921293.jpg.chip.jpg,1,Male,Indian
26_1_0_20170103234817732.jpg.chip.jpg,26,Female,White
70_0_1_20170109150936134.jpg.chip.jpg,70,Male,Black
32_1_2_20170109135928794.jpg.chip.jpg,32,Female,Asian
46_0_2_20170116192700927.jpg.chip.jpg,46,Male,Asian
26_1_3_20170119193116354.jpg.chip.jpg,26,Female,Indian
67_1_0_20170110140434646.jpg.chip.jpg,67,Female,White
32_1_1_20170116164417371.jpg.chip.jpg,32,Female,Black
56_0_0_20170109012703197.jpg.chip.jpg,56,Male,White
26_1_3_20170104235016242.jpg.chip.jpg,26,Female,Indian
56_0_0_20170111200430322.jpg.chip.jpg,56,Male,White
45_0_0_20170117203724896.jpg.chip.jpg,45,Male,White
1_0_2_20161219141529089.jpg.chip.jpg,1,Male,Asian
24_0_2_20170112192345078.jpg.chip.jpg,24,Male,Asian
29_1_2_20170105164315483.jpg.chip.jpg,29,Female,Asian
65_0_0_20170104185405486.jpg.chip.jpg,65,Male,White
46_0_0_20170117190127107.jpg.chip.jpg,46,Male,White
1_0_3_20161220215945524.jpg.chip.jpg,1,Male,Indian
23_1_0_20170112234313416.jpg.chip.jpg,23,Female,White
23_0_3_20170119164051638.jpg.chip.jpg,23,Male,Indian
13_0_0_20170104012320089.jpg.chip.jpg,13,Male,White
56_0_0_20170116183723573.jpg.chip.jpg,56,Male,White
9_0_0_20170110225249086.jpg.chip.jpg,9,Male,White
15_0_0_20170104012102240.jpg.chip.jpg,15,Male,White
21_1_1_20170114031445759.jpg.chip.jpg,21,Female,Black
45_1_3_20170119162710051.jpg.chip.jpg,45,Female,Indian
29_0_4_20170117180903787.jpg.chip.jpg,29,Male,Others
28_0_1_20170113134041024.jpg.chip.jpg,28,Male,Black
11_1_0_20170109203400684.jpg.chip.jpg,11,Female,White
48_1_0_20170109220537701.jpg.chip.jpg,48,Female,White
27_1_1_20170113001034770.jpg.chip.jpg,27,Female,Black
27_0_0_20170117175751139.jpg.chip.jpg,27,Male,White
24_1_0_20170117194800876.jpg.chip.jpg,24,Female,White
26_0_4_20170117153648990.jpg.chip.jpg,26,Male,Others
32_0_1_20170115230958202.jpg.chip.jpg,32,Male,Black
25_0_1_20170117195045410.jpg.chip.jpg,25,Male,Black
24_0_2_20170116170600895.jpg.chip.jpg,24,Male,Asian
26_0_2_20170104015801932.jpg.chip.jpg,26,Male,Asian
30_0_1_20170117130041873.jpg.chip.jpg,30,Male,Black
40_0_3_20170119204141439.jpg.chip.jpg,40,Male,Indian
38_1_3_20170105001035965.jpg.chip.jpg,38,Female,Indian
2_0_3_20161220143058738.jpg.chip.jpg,2,Male,Indian
8_1_4_20170109202334991.jpg.chip.jpg,8,Female,Others
16_1_0_20170109213440225.jpg.chip.jpg,16,Female,White
56_0_3_20170119180916188.jpg.chip.jpg,56,Male,Indian
28_0_0_20170117180516071.jpg.chip.jpg,28,Male,White
40_0_0_20170104170254385.jpg.chip.jpg,40,Male,White
43_1_0_20170111182452890.jpg.chip.jpg,43,Female,White
6_0_4_20161221192637277.jpg.chip.jpg,6,Male,Others
22_1_3_20170117183653190.jpg.chip.jpg,22,Female,Indian
61_0_1_20170113161234148.jpg.chip.jpg,61,Male,Black
61_0_3_20170119211849977.jpg.chip.jpg,61,Male,Indian
50_1_1_20170110120147003.jpg.chip.jpg,50,Female,Black
53_0_2_20170119205816456.jpg.chip.jpg,53,Male,Asian
7_1_0_20170104005639246.jpg.chip.jpg,7,Female,White
28_0_2_20170116190048260.jpg.chip.jpg,28,Male,Asian
26_1_4_20170103225129568.jpg.chip.jpg,26,Female,Others
34_1_3_20170104235729572.jpg.chip.jpg,34,Female,Indian
31_1_1_20170117135704010.jpg.chip.jpg,31,Female,Black
52_0_0_20170111203259661.jpg.chip.jpg,52,Male,White
65_0_1_20170117162906228.jpg.chip.jpg,65,Male,Black
26_0_3_20170119181315374.jpg.chip.jpg,26,Male,Indian
29_1_0_20170109002758865.jpg.chip.jpg,29,Female,White
26_1_1_20170116234835737.jpg.chip.jpg,26,Female,Black
29_1_3_20170104223010439.jpg.chip.jpg,29,Female,Indian
35_0_2_20170116191801122.jpg.chip.jpg,35,Male,Asian
24_1_0_20170119171026777.jpg.chip.jpg,24,Female,White
45_0_4_20170104194522552.jpg.chip.jpg,45,Male,Others
72_0_0_20170111205848815.jpg.chip.jpg,72,Male,White
34_0_3_20170117134903926.jpg.chip.jpg,34,Male,Indian
8_1_0_20170109204450889.jpg.chip.jpg,8,Female,White
31_1_2_20170104023111549.jpg.chip.jpg,31,Female,Asian
27_0_1_20170117134943088.jpg.chip.jpg,27,Male,Black
43_1_1_20170117193944155.jpg.chip.jpg,43,Female,Black
2_1_0_20170109190758562.jpg.chip.jpg,2,Female,White
35_1_3_20170119201055428.jpg.chip.jpg,35,Female,Indian
26_1_1_20170113193249379.jpg.chip.jpg,26,Female,Black
23_1_1_20170114033456731.jpg.chip.jpg,23,Female,Black
9_0_0_20170110220237634.jpg.chip.jpg,9,Male,White
41_0_0_20170104202153954.jpg.chip.jpg,41,Male,White
40_0_2_20170116191436037.jpg.chip.jpg,40,Male,Asian
24_1_1_20170115235804280.jpg.chip.jpg,24,Female,Black
26_1_0_20170117174948312.jpg.chip.jpg,26,Female,White
27_1_0_20170105183347327.jpg.chip.jpg,27,Female,White
1_0_3_20161219224544080.jpg.chip.jpg,1,Male,Indian
38_1_3_20170119202728862.jpg.chip.jpg,38,Female,Indian
60_0_2_20170116192532074.jpg.chip.jpg,60,Male,Asian
40_0_0_20170117090946200.jpg.chip.jpg,40,Male,White
42_0_0_20170117185621339.jpg.chip.jpg,42,Male,White
57_0_0_20170105173211517.jpg.chip.jpg,57,Male,White
41_1_0_20170116235150272.jpg.chip.jpg,41,Female,White
35_1_1_20170116165647705.jpg.chip.jpg,35,Female,Black
35_0_0_20170113184039072.jpg.chip.jpg,35,Male,White
24_1_2_20170116173503713.jpg.chip.jpg,24,Female,Asian
24_1_1_20170115234919997.jpg.chip.jpg,24,Female,Black
28_0_1_20170113133358713.jpg.chip.jpg,28,Male,Black
58_0_3_20170119211657945.jpg.chip.jpg,58,Male,Indian
62_0_1_20170111203832046.jpg.chip.jpg,62,Male,Black
41_0_3_20170104215454077.jpg.chip.jpg,41,Male,Indian
41_0_0_20170113005316069.jpg.chip.jpg,41,Male,White
30_0_4_20170113133601952.jpg.chip.jpg,30,Male,Others
72_1_0_20170110140945561.jpg.chip.jpg,72,Female,White
47_0_3_20170119202404381.jpg.chip.jpg,47,Male,Indian
13_0_0_20170110225059227.jpg.chip.jpg,13,Male,White
25_1_2_20170116175241325.jpg.chip.jpg,25,Female,Asian
28_1_1_20170112234526480.jpg.chip.jpg,28,Female,Black
26_1_3_20170104222725472.jpg.chip.jpg,26,Female,Indian
6_1_0_20170109204828030.jpg.chip.jpg,6,Female,White
40_1_4_20170117154246036.jpg.chip.jpg,40,Female,Others
12_1_0_20170109205130906.jpg.chip.jpg,12,Female,White
38_0_3_20170119212105475.jpg.chip.jpg,38,Male,Indian
2_0_3_20161219225707719.jpg.chip.jpg,2,Male,Indian
30_0_1_20170117132535262.jpg.chip.jpg,30,Male,Black
4_0_0_20161219203817325.jpg.chip.jpg,4,Male,White
26_1_1_20170112211326509.jpg.chip.jpg,26,Female,Black
27_0_1_20170117012341879.jpg.chip.jpg,27,Male,Black
26_1_3_20170119192522130.jpg.chip.jpg,26,Female,Indian
2_0_2_20161219142522753.jpg.chip.jpg,2,Male,Asian
40_0_4_20170116213431880.jpg.chip.jpg,40,Male,Others
73_0_0_20170105173752749.jpg.chip.jpg,73,Male,White
8_1_0_20170109203437340.jpg.chip.jpg,8,Female,White
32_0_1_20170117140225687.jpg.chip.jpg,32,Male,Black
50_1_0_20170104205235021.jpg.chip.jpg,50,Female,White
3_1_0_20170109191344231.jpg.chip.jpg,3,Female,White
25_1_3_20170119171917192.jpg.chip.jpg,25,Female,Indian
31_0_1_20170116192548730.jpg.chip.jpg,31,Male,Black
72_1_0_20170110183657201.jpg.chip.jpg,72,Female,White
2_0_4_20161221202339874.jpg.chip.jpg,2,Male,Others
23_0_2_20170116172947652.jpg.chip.jpg,23,Male,Asian
30_0_1_20170117123902427.jpg.chip.jpg,30,Male,Black
32_1_3_20170119200442740.jpg.chip.jpg,32,Female,Indian
8_1_0_20170109205351904.jpg.chip.jpg,8,Female,White
30_0_1_20170117123820956.jpg.chip.jpg,30,Male,Black
29_0_1_20170116192214658.jpg.chip.jpg,29,Male,Black
40_0_2_20170104170505569.jpg.chip.jpg,40,Male,Asian
32_0_2_20170116180251900.jpg.chip.jpg,32,Male,Asian
36_0_1_20170120221302965.jpg.chip.jpg,36,Male,Black
37_1_1_20170116160528038.jpg.chip.jpg,37,Female,Black
24_0_4_20170117145146997.jpg.chip.jpg,24,Male,Others
54_0_1_20170117183554529.jpg.chip.jpg,54,Male,Black
28_1_0_20170108225857948.jpg.chip.jpg,28,Female,White
27_1_1_20170116214220570.jpg.chip.jpg,27,Female,Black
8_1_2_20161219153017828.jpg.chip.jpg,8,Female,Asian
35_1_0_20170120140127200.jpg.chip.jpg,35,Female,White
45_0_0_20170117135817875.jpg.chip.jpg,45,Male,White
28_1_0_20170116202056699.jpg.chip.jpg,28,Female,White
24_1_4_20170117150615516.jpg.chip.jpg,24,Female,Others
76_1_0_20170110131744527.jpg.chip.jpg,76,Female,White
76_0_0_20170111201015692.jpg.chip.jpg,76,Male,White
22_0_1_20170110223418177.jpg.chip.jpg,22,Male,Black
24_1_4_20161223231327524.jpg.chip.jpg,24,Female,Others
26_0_3_20170119192402842.jpg.chip.jpg,26,Male,Indian
28_1_2_20170116163110033.jpg.chip.jpg,28,Female,Asian
1_1_3_20161220220548777.jpg.chip.jpg,1,Female,Indian
2_0_0_20161219161216590.jpg.chip.jpg,2,Male,White
45_0_0_20170117170513474.jpg.chip.jpg,45,Male,White
30_0_2_20170116192711273.jpg.chip.jpg,30,Male,Asian
18_0_4_20170103234736836.jpg.chip.jpg,18,Male,Others
45_0_0_20170105172822861.jpg.chip.jpg,45,Male,White
10_0_2_20170110224230094.jpg.chip.jpg,10,Male,Asian
2_0_2_20161219162132342.jpg.chip.jpg,2,Male,Asian
6_1_2_20161219192421499.jpg.chip.jpg,6,Female,Asian
2_0_4_20161221202237961.jpg.chip.jpg,2,Male,Others
18_1_2_20170102234919571.jpg.chip.jpg,18,Female,Asian
4_1_2_20161219142742801.jpg.chip.jpg,4,Female,Asian
39_1_0_20170104205624580.jpg.chip.jpg,39,Female,White
40_0_3_20170119205959119.jpg.chip.jpg,40,Male,Indian
60_0_0_20170117162852563.jpg.chip.jpg,60,Male,White
16_1_1_20170109214053896.jpg.chip.jpg,16,Female,Black
29_0_1_20170113181956517.jpg.chip.jpg,29,Male,Black
28_1_1_20170117022228379.jpg.chip.jpg,28,Female,Black
60_0_0_20170117135546570.jpg.chip.jpg,60,Male,White
1_0_2_20170109191209991.jpg.chip.jpg,1,Male,Asian
72_1_0_20170110132145439.jpg.chip.jpg,72,Female,White
13_1_0_20170109214635943.jpg.chip.jpg,13,Female,White
43_0_0_20170117155042830.jpg.chip.jpg,43,Male,White
28_0_0_20170117120925622.jpg.chip.jpg,28,Male,White
68_0_3_20170113185529025.jpg.chip.jpg,68,Male,Indian
72_1_0_20170110122329893.jpg.chip.jpg,72,Female,White
45_0_1_20170117173736387.jpg.chip.jpg,45,Male,Black
51_0_0_20170117190822714.jpg.chip.jpg,51,Male,White
26_1_1_20170116173239454.jpg.chip.jpg,26,Female,Black
29_1_1_20170116195846538.jpg.chip.jpg,29,Female,Black
26_1_1_20170116232655628.jpg.chip.jpg,26,Female,Black
70_0_0_20170119205821287.jpg.chip.jpg,70,Male,White
26_0_3_20170119180445229.jpg.chip.jpg,26,Male,Indian
26_0_1_20170113151947665.jpg.chip.jpg,26,Male,Black
30_0_3_20170119195729476.jpg.chip.jpg,30,Male,Indian
3_1_0_20170109193129215.jpg.chip.jpg,3,Female,White
18_1_0_20170109213140139.jpg.chip.jpg,18,Female,White
47_1_3_20170119202206348.jpg.chip.jpg,47,Female,Indian
49_0_0_20170104185007076.jpg.chip.jpg,49,Male,White
17_0_2_20170105183230223.jpg.chip.jpg,17,Male,Asian
65_0_0_20170111203752191.jpg.chip.jpg,65,Male,White
30_1_1_20170116011401203.jpg.chip.jpg,30,Female,Black
35_0_1_20170116225124900.jpg.chip.jpg,35,Male,Black
35_0_0_20170117134954713.jpg.chip.jpg,35,Male,White
31_0_0_20170104170131913.jpg.chip.jpg,31,Male,White
43_0_0_20170119163824508.jpg.chip.jpg,43,Male,White
26_1_2_20170116184456081.jpg.chip.jpg,26,Female,Asian
25_1_0_20170117134403373.jpg.chip.jpg,25,Female,White
45_0_4_20170117200837845.jpg.chip.jpg,45,Male,Others
26_0_0_20170117144510833.jpg.chip.jpg,26,Male,White
7_0_1_20170113145233558.jpg.chip.jpg,7,Male,Black
27_0_0_20170116232646294.jpg.chip.jpg,27,Male,White
65_0_0_20170111201953344.jpg.chip.jpg,65,Male,White
25_0_0_20170117133936015.jpg.chip.jpg,25,Male,White
43_1_1_20170113001944659.jpg.chip.jpg,43,Female,Black
32_0_0_20170105172708084.jpg.chip.jpg,32,Male,White
1_0_2_20161219211107805.jpg.chip.jpg,1,Male,Asian
4_1_3_20161220223310227.jpg.chip.jpg,4,Female,Indian
45_1_1_20170112231623286.jpg.chip.jpg,45,Female,Black
28_1_1_20170112234742977.jpg.chip.jpg,28,Female,Black
45_0_0_20170117171151786.jpg.chip.jpg,45,Male,White
10_0_0_20170110225414790.jpg.chip.jpg,10,Male,White
22_0_1_20170113150443999.jpg.chip.jpg,22,Male,Black
13_0_0_20170110225307195.jpg.chip.jpg,13,Male,White
29_1_1_20170116222853534.jpg.chip.jpg,29,Female,Black
35_1_2_20170116165645870.jpg.chip.jpg,35,Female,Asian
26_1_1_20170116232824362.jpg.chip.jpg,26,Female,Black
24_1_1_20170113011328232.jpg.chip.jpg,24,Female,Black
76_0_4_20170111222611809.jpg.chip.jpg,76,Male,Others
59_1_1_20170116233345047.jpg.chip.jpg,59,Female,Black
26_0_4_20170117152744875.jpg.chip.jpg,26,Male,Others
53_0_0_20170111171747408.jpg.chip.jpg,53,Male,White
21_1_1_20170112202846794.jpg.chip.jpg,21,Female,Black
68_0_0_20170104213632941.jpg.chip.jpg,68,Male,White
19_1_0_20170103201755639.jpg.chip.jpg,19,Female,White
58_0_3_20170119211712697.jpg.chip.jpg,58,Male,Indian
16_1_0_20170116204045849.jpg.chip.jpg,16,Female,White
43_0_0_20170104204257115.jpg.chip.jpg,43,Male,White
34_1_1_20170115235526613.jpg.chip.jpg,34,Female,Black
24_0_1_20170113175213491.jpg.chip.jpg,24,Male,Black
70_1_0_20170117172444338.jpg.chip.jpg,70,Female,White
18_0_0_20170110232049161.jpg.chip.jpg,18,Male,White
24_1_2_20170116171137985.jpg.chip.jpg,24,Female,Asian
34_0_0_20170117134918378.jpg.chip.jpg,34,Male,White
21_1_4_20170103225014665.jpg.chip.jpg,21,Female,Others
1_0_3_20161219230525895.jpg.chip.jpg,1,Male,Indian
30_0_1_20170116213558934.jpg.chip.jpg,30,Male,Black
26_1_2_20170116161912952.jpg.chip.jpg,26,Female,Asian
31_1_0_20170117131145761.jpg.chip.jpg,31,Female,White
37_1_3_20170119202521964.jpg.chip.jpg,37,Female,Indian
50_1_1_20170117001143232.jpg.chip.jpg,50,Female,Black
31_1_3_20170104220156327.jpg.chip.jpg,31,Female,Indian
5_1_4_20170103210023178.jpg.chip.jpg,5,Female,Others
58_0_0_20170113210319275.jpg.chip.jpg,58,Male,White
25_0_0_20170113181534141.jpg.chip.jpg,25,Male,White
15_1_0_20170104013549874.jpg.chip.jpg,15,Female,White
26_1_3_20170104222805519.jpg.chip.jpg,26,Female,Indian
16_0_0_20170110231529568.jpg.chip.jpg,16,Male,White
26_1_1_20170113012032526.jpg.chip.jpg,26,Female,Black
49_1_0_20170104185051510.jpg.chip.jpg,49,Female,White
35_0_3_20170119212039049.jpg.chip.jpg,35,Male,Indian
20_1_4_20170104005353062.jpg.chip.jpg,20,Female,Others
37_0_0_20170117141403657.jpg.chip.jpg,37,Male,White
24_0_3_20170104214521685.jpg.chip.jpg,24,Male,Indian
9_0_0_20170110223425782.jpg.chip.jpg,9,Male,White
5_0_2_20161219140923888.jpg.chip.jpg,5,Male,Asian
24_1_2_20170116170616076.jpg.chip.jpg,24,Female,Asian
32_1_2_20170116175121187.jpg.chip.jpg,32,Female,Asian
26_0_1_20170116205301942.jpg.chip.jpg,26,Male,Black
20_0_1_20170113175209394.jpg.chip.jpg,20,Male,Black
13_1_0_20170109204923296.jpg.chip.jpg,13,Female,White
60_1_4_20170103230632265.jpg.chip.jpg,60,Female,Others
28_1_0_20170117140041948.jpg.chip.jpg,28,Female,White
7_1_4_20161223225914300.jpg.chip.jpg,7,Female,Others
28_1_1_20170112220128599.jpg.chip.jpg,28,Female,Black
47_0_3_20170119205107927.jpg.chip.jpg,47,Male,Indian
26_0_0_20170120134635670.jpg.chip.jpg,26,Male,White
33_0_0_20170104202119290.jpg.chip.jpg,33,Male,White
30_0_0_20170119150440126.jpg.chip.jpg,30,Male,White
2_1_2_20161219154604597.jpg.chip.jpg,2,Female,Asian
16_0_0_20170110232259630.jpg.chip.jpg,16,Male,White
60_1_0_20170110141547583.jpg.chip.jpg,60,Female,White
24_1_3_20170104222339654.jpg.chip.jpg,24,Female,Indian
25_1_3_20170119153501863.jpg.chip.jpg,25,Female,Indian
32_1_1_20170116174204651.jpg.chip.jpg,32,Female,Black
51_1_3_20170109142223564.jpg.chip.jpg,51,Female,Indian
34_1_0_20170117182637062.jpg.chip.jpg,34,Female,White
41_0_3_20170119143544485.jpg.chip.jpg,41,Male,Indian
33_1_0_20170104023047606.jpg.chip.jpg,33,Female,White
3_1_0_20161219230026848.jpg.chip.jpg,3,Female,White
1_1_4_20161221193419158.jpg.chip.jpg,1,Female,Others
33_1_2_20170104022951446.jpg.chip.jpg,33,Female,Asian
36_0_4_20170117183138902.jpg.chip.jpg,36,Male,Others
42_0_3_20170112220259809.jpg.chip.jpg,42,Male,Indian
34_0_3_20170104220329854.jpg.chip.jpg,34,Male,Indian
29_1_0_20170116175630702.jpg.chip.jpg,29,Female,White
26_0_1_20170116024232879.jpg.chip.jpg,26,Male,Black
26_1_1_20170112210539725.jpg.chip.jpg,26,Female,Black
8_0_0_20170103210941483.jpg.chip.jpg,8,Male,White
9_1_0_20170105000600802.jpg.chip.jpg,9,Female,White
25_0_1_20170113133830608.jpg.chip.jpg,25,Male,Black
1_1_2_20161219220519457.jpg.chip.jpg,1,Female,Asian
26_0_1_20170113135256601.jpg.chip.jpg,26,Male,Black
19_1_0_20170105184107718.jpg.chip.jpg,19,Female,White
25_1_0_20170103181255384.jpg.chip.jpg,25,Female,White
59_1_0_20170110160643688.jpg.chip.jpg,59,Female,White
22_1_0_20170112233719345.jpg.chip.jpg,22,Female,White
41_0_1_20170117154304986.jpg.chip.jpg,41,Male,Black
29_1_1_20170116021626058.jpg.chip.jpg,29,Female,Black
26_0_3_20170119192352369.jpg.chip.jpg,26,Male,Indian
25_0_0_20170117203843296.jpg.chip.jpg,25,Male,White
28_1_1_20170116021944520.jpg.chip.jpg,28,Female,Black
5_0_3_20161220223303987.jpg.chip.jpg,5,Male,Indian
35_1_0_20170120220747764.jpg.chip.jpg,35,Female,White
21_0_3_20170119154239873.jpg.chip.jpg,21,Male,Indian
35_1_3_20170117153815997.jpg.chip.jpg,35,Female,Indian
23_0_2_20170116172912257.jpg.chip.jpg,23,Male,Asian
24_1_2_20170116173519270.jpg.chip.jpg,24,Female,Asian
32_0_0_20170105165141556.jpg.chip.jpg,32,Male,White
35_0_1_20170113174546227.jpg.chip.jpg,35,Male,Black
1_0_0_20170110212745529.jpg.chip.jpg,1,Male,White
39_1_3_20170104235351986.jpg.chip.jpg,39,Female,Indian
28_1_2_20170116190131133.jpg.chip.jpg,28,Female,Asian
4_1_4_20161221193328366.jpg.chip.jpg,4,Female,Others
20_1_2_20170112003857668.jpg.chip.jpg,20,Female,Asian
50_0_3_20170119204324047.jpg.chip.jpg,50,Male,Indian
4_0_3_20170119150403983.jpg.chip.jpg,4,Male,Indian
9_1_2_20170102235115156.jpg.chip.jpg,9,Female,Asian
2_1_4_20161221195142095.jpg.chip.jpg,2,Female,Others
52_0_0_20170111171747390.jpg.chip.jpg,52,Male,White
40_1_2_20170116180536184.jpg.chip.jpg,40,Female,Asian
45_1_4_20170117150756260.jpg.chip.jpg,45,Female,Others
32_1_2_20170116191408835.jpg.chip.jpg,32,Female,Asian
42_1_1_20170116021841454.jpg.chip.jpg,42,Female,Black
28_0_3_20170119194818178.jpg.chip.jpg,28,Male,Indian
1_1_0_20161219204750596.jpg.chip.jpg,1,Female,White
33_0_1_20170117200956710.jpg.chip.jpg,33,Male,Black
26_0_0_20170113210605220.jpg.chip.jpg,26,Male,White
26_1_1_20170116223115624.jpg.chip.jpg,26,Female,Black
24_0_0_20170116204032263.jpg.chip.jpg,24,Male,White
23_0_0_20170117194151965.jpg.chip.jpg,23,Male,White
26_0_2_20170116175926376.jpg.chip.jpg,26,Male,Asian
24_0_4_20161219192105922.jpg.chip.jpg,24,Male,Others
24_1_1_20170113003543637.jpg.chip.jpg,24,Female,Black
32_0_2_20170116173434115.jpg.chip.jpg,32,Male,Asian
1_0_0_20170110213138878.jpg.chip.jpg,1,Male,White
27_1_2_20170116171554313.jpg.chip.jpg,27,Female,Asian
32_1_0_20170117174838232.jpg.chip.jpg,32,Female,White
44_1_3_20170119165505207.jpg.chip.jpg,44,Female,Indian
5_1_0_20170109194058911.jpg.chip.jpg,5,Female,White
35_1_2_20170116191815209.jpg.chip.jpg,35,Female,Asian
26_0_1_20170116205549440.jpg.chip.jpg,26,Male,Black
27_0_0_20170117135722872.jpg.chip.jpg,27,Male,White
25_1_0_20170116223905448.jpg.chip.jpg,25,Female,White
30_0_0_20170116221857954.jpg.chip.jpg,30,Male,White
30_1_3_20170104222919855.jpg.chip.jpg,30,Female,Indian
8_1_0_20170109201714114.jpg.chip.jpg,8,Female,White
35_0_2_20170116182409965.jpg.chip.jpg,35,Male,Asian
29_1_1_20170114024736192.jpg.chip.jpg,29,Female,Black
26_1_4_20170117185535633.jpg.chip.jpg,26,Female,Others
24_0_1_20170117130104056.jpg.chip.jpg,24,Male,Black
25_0_0_20170114030416988.jpg.chip.jpg,25,Male,White
34_0_1_20170113190513145.jpg.chip.jpg,34,Male,Black
60_1_0_20170110131759572.jpg.chip.jpg,60,Female,White
16_0_0_20170110231617005.jpg.chip.jpg,16,Male,White
53_1_0_20170117191014323.jpg.chip.jpg,53,Female,White
35_0_1_20170117121610224.jpg.chip.jpg,35,Male,Black
72_0_0_20170111201853033.jpg.chip.jpg,72,Male,White
2_0_2_20161219200225291.jpg.chip.jpg,2,Male,Asian
54_0_0_20170109010040814.jpg.chip.jpg,54,Male,White
21_1_1_20170112193015117.jpg.chip.jpg,21,Female,Black
2_0_0_20170110224730142.jpg.chip.jpg,2,Male,White
54_0_0_20170117163724762.jpg.chip.jpg,54,Male,White
20_1_0_20170109132033628.jpg.chip.jpg,20,Female,White
40_0_2_20170117133430387.jpg.chip.jpg,40,Male,Asian
75_0_0_20170111205052872.jpg.chip.jpg,75,Male,White
26_1_3_20170119193114418.jpg.chip.jpg,26,Female,Indian
18_1_0_20170109212422272.jpg.chip.jpg,18,Female,White
25_1_3_20170116200907622.jpg.chip.jpg,25,Female,Indian
25_1_3_20170104222513085.jpg.chip.jpg,25,Female,Indian
36_1_1_20170113000937962.jpg.chip.jpg,36,Female,Black
32_1_2_20170116174801584.jpg.chip.jpg,32,Female,Asian
35_1_0_20170117135400203.jpg.chip.jpg,35,Female,White
58_0_0_20170117194037923.jpg.chip.jpg,58,Male,White
47_1_0_20170109220517890.jpg.chip.jpg,47,Female,White
45_0_0_20170120134450959.jpg.chip.jpg,45,Male,White
61_1_3_20170105001450436.jpg.chip.jpg,61,Female,Indian
12_1_2_20170109203838187.jpg.chip.jpg,12,Female,Asian
28_0_1_20170116025822052.jpg.chip.jpg,28,Male,Black
31_1_1_20170112235015193.jpg.chip.jpg,31,Female,Black
1_0_3_20161219225616560.jpg.chip.jpg,1,Male,Indian
7_0_0_20170110215648859.jpg.chip.jpg,7,Male,White
21_1_4_20170103233920299.jpg.chip.jpg,21,Female,Others
45_0_3_20170119204212534.jpg.chip.jpg,45,Male,Indian
1_0_2_20161219190530474.jpg.chip.jpg,1,Male,Asian
70_0_3_20161220221943042.jpg.chip.jpg,70,Male,Indian
26_1_1_20170113011845176.jpg.chip.jpg,26,Female,Black
25_1_3_20170104232049890.jpg.chip.jpg,25,Female,Indian
13_0_0_20170104012310089.jpg.chip.jpg,13,Male,White
9_0_0_20170110220351738.jpg.chip.jpg,9,Male,White
65_0_3_20170119203933382.jpg.chip.jpg,65,Male,Indian
2_1_1_20161219155833405.jpg.chip.jpg,2,Female,Black
73_1_0_20170110140417960.jpg.chip.jpg,73,Female,White
15_1_4_20170103230530985.jpg.chip.jpg,15,Female,Others
53_0_2_20170112215433623.jpg.chip.jpg,53,Male,Asian
53_1_3_20170119205926527.jpg.chip.jpg,53,Female,Indian
45_1_0_20170117135009283.jpg.chip.jpg,45,Female,White
39_0_1_20170116200533354.jpg.chip.jpg,39,Male,Black
22_1_3_20170104231709097.jpg.chip.jpg,22,Female,Indian
35_0_0_20170117151812445.jpg.chip.jpg,35,Male,White
30_1_0_20170117114710101.jpg.chip.jpg,30,Female,White
31_0_0_20170105165008674.jpg.chip.jpg,31,Male,White
19_0_0_20170103201406775.jpg.chip.jpg,19,Male,White
21_0_4_20161223214830361.jpg.chip.jpg,21,Male,Others
25_1_0_20170119172033312.jpg.chip.jpg,25,Female,White
26_1_2_20170116180208093.jpg.chip.jpg,26,Female,Asian
73_1_0_20170110125254674.jpg.chip.jpg,73,Female,White
37_0_0_20170105172903283.jpg.chip.jpg,37,Male,White
70_0_0_20170117190327764.jpg.chip.jpg,70,Male,White
1_1_0_20170109194146279.jpg.chip.jpg,1,Female,White
49_1_3_20170109132711133.jpg.chip.jpg,49,Female,Indian
26_1_2_20170116182219997.jpg.chip.jpg,26,Female,Asian
28_1_1_20170116014109875.jpg.chip.jpg,28,Female,Black
41_1_0_20170103183002200.jpg.chip.jpg,41,Female,White
35_0_0_20170120220454138.jpg.chip.jpg,35,Male,White
26_0_0_20170113210126011.jpg.chip.jpg,26,Male,White
34_0_0_20170117121730983.jpg.chip.jpg,34,Male,White
17_1_0_20170116222802508.jpg.chip.jpg,17,Female,White
52_0_3_20170119205639336.jpg.chip.jpg,52,Male,Indian
1_1_1_20161219205055053.jpg.chip.jpg,1,Female,Black
35_0_1_20170113190521337.jpg.chip.jpg,35,Male,Black
54_1_2_20170116192942952.jpg.chip.jpg,54,Female,Asian
1_1_0_20170109192451846.jpg.chip.jpg,1,Female,White
20_1_0_20170119153738075.jpg.chip.jpg,20,Female,White
30_0_1_20170113190459754.jpg.chip.jpg,30,Male,Black
26_0_1_20170116210505191.jpg.chip.jpg,26,Male,Black
64_1_0_20170120223621126.jpg.chip.jpg,64,Female,White
30_0_1_20170113133914136.jpg.chip.jpg,30,Male,Black
29_0_0_20170114032035047.jpg.chip.jpg,29,Male,White
29_1_0_20170117130620465.jpg.chip.jpg,29,Female,White
29_0_0_20170103181910385.jpg.chip.jpg,29,Male,White
27_1_2_20170104020617357.jpg.chip.jpg,27,Female,Asian
27_0_0_20170117012806890.jpg.chip.jpg,27,Male,White
56_1_0_20170117171814213.jpg.chip.jpg,56,Female,White
24_0_0_20170117143518024.jpg.chip.jpg,24,Male,White
40_1_2_20170116161936667.jpg.chip.jpg,40,Female,Asian
49_0_0_20170105172956637.jpg.chip.jpg,49,Male,White
52_0_2_20170104184032470.jpg.chip.jpg,52,Male,Asian
35_0_2_20170116172943457.jpg.chip.jpg,35,Male,Asian
66_1_0_20170110141136857.jpg.chip.jpg,66,Female,White
47_0_3_20170117190214362.jpg.chip.jpg,47,Male,Indian
39_0_3_20170119203900686.jpg.chip.jpg,39,Male,Indian
26_0_1_20170113134739602.jpg.chip.jpg,26,Male,Black
10_0_3_20161220215952636.jpg.chip.jpg,10,Male,Indian
1_0_0_20170103210741492.jpg.chip.jpg,1,Male,White
25_1_2_20170105161718771.jpg.chip.jpg,25,Female,Asian
61_0_1_20170113185412103.jpg.chip.jpg,61,Male,Black
38_0_3_20170119155935681.jpg.chip.jpg,38,Male,Indian
26_1_4_20170116181035930.jpg.chip.jpg,26,Female,Others
1_0_3_20161219230234208.jpg.chip.jpg,1,Male,Indian
4_0_4_20161221195021183.jpg.chip.jpg,4,Male,Others
26_1_1_20170112235250049.jpg.chip.jpg,26,Female,Black
49_1_3_20170109132625049.jpg.chip.jpg,49,Female,Indian
70_0_0_20170111221935159.jpg.chip.jpg,70,Male,White
20_1_0_20170112231826743.jpg.chip.jpg,20,Female,White
2_1_2_20161219151908347.jpg.chip.jpg,2,Female,Asian
20_1_0_20170117141358391.jpg.chip.jpg,20,Female,White
64_0_2_20170116193321184.jpg.chip.jpg,64,Male,Asian
55_0_1_20170117165048545.jpg.chip.jpg,55,Male,Black
3_1_2_20161220220305826.jpg.chip.jpg,3,Female,Asian
39_1_1_20170104174036250.jpg.chip.jpg,39,Female,Black
16_1_0_20170109214719630.jpg.chip.jpg,16,Female,White
30_0_0_20170104201459001.jpg.chip.jpg,30,Male,White
23_1_2_20170116173017785.jpg.chip.jpg,23,Female,Asian
26_1_3_20170104223003860.jpg.chip.jpg,26,Female,Indian
9_0_0_20170110215523228.jpg.chip.jpg,9,Male,White
33_1_1_20170116024837534.jpg.chip.jpg,33,Female,Black
20_1_2_20170116163810477.jpg.chip.jpg,20,Female,Asian
24_1_3_20170117150632348.jpg.chip.jpg,24,Female,Indian
22_1_3_20170119152638326.jpg.chip.jpg,22,Female,Indian
23_1_1_20170112234254088.jpg.chip.jpg,23,Female,Black
1_1_3_20161219230507432.jpg.chip.jpg,1,Female,Indian
39_0_3_20170119160257563.jpg.chip.jpg,39,Male,Indian
27_1_3_20170119144021952.jpg.chip.jpg,27,Female,Indian
35_1_0_20170117185628434.jpg.chip.jpg,35,Female,White
62_1_3_20170105000830708.jpg.chip.jpg,62,Female,Indian
26_0_3_20170119183928432.jpg.chip.jpg,26,Male,Indian
18_1_4_20170103222949566.jpg.chip.jpg,18,Female,Others
26_1_2_20170116175506863.jpg.chip.jpg,26,Female,Asian
1_0_2_20161219162544751.jpg.chip.jpg,1,Male,Asian
50_0_3_20170119204453255.jpg.chip.jpg,50,Male,Indian
8_1_0_20170109201701754.jpg.chip.jpg,8,Female,White
12_1_0_20170109212505669.jpg.chip.jpg,12,Female,White
70_1_0_20170110123134893.jpg.chip.jpg,70,Female,White
33_1_1_20170113012052359.jpg.chip.jpg,33,Female,Black
4_1_2_20161219141808855.jpg.chip.jpg,4,Female,Asian
32_1_0_20170116205329227.jpg.chip.jpg,32,Female,White
36_1_1_20170114030712822.jpg.chip.jpg,36,Female,Black
40_1_1_20170113012648537.jpg.chip.jpg,40,Female,Black
50_0_0_20170111171747287.jpg.chip.jpg,50,Male,White
26_0_3_20170104232246706.jpg.chip.jpg,26,Male,Indian
60_0_0_20170111201520536.jpg.chip.jpg,60,Male,White
32_0_2_20170116191425413.jpg.chip.jpg,32,Male,Asian
15_0_0_20170116201250292.jpg.chip.jpg,15,Male,White
26_1_1_20170112211356292.jpg.chip.jpg,26,Female,Black
28_1_2_20170116192106479.jpg.chip.jpg,28,Female,Asian
12_1_0_20170109200852145.jpg.chip.jpg,12,Female,White
35_0_3_20170119201434358.jpg.chip.jpg,35,Male,Indian
2_0_2_20161219192307618.jpg.chip.jpg,2,Male,Asian
39_1_0_20170104183924038.jpg.chip.jpg,39,Female,White
28_0_1_20170113151347800.jpg.chip.jpg,28,Male,Black
24_0_1_20170116204940167.jpg.chip.jpg,24,Male,Black
45_0_3_20170119202559894.jpg.chip.jpg,45,Male,Indian
24_0_2_20170116165334206.jpg.chip.jpg,24,Male,Asian
26_1_4_20170117201351845.jpg.chip.jpg,26,Female,Others
14_1_0_20170104011842010.jpg.chip.jpg,14,Female,White
28_1_0_20170116214208669.jpg.chip.jpg,28,Female,White
22_0_4_20170104011059408.jpg.chip.jpg,22,Male,Others
49_0_0_20170104184256957.jpg.chip.jpg,49,Male,White
32_1_1_20170117140927443.jpg.chip.jpg,32,Female,Black
2_1_4_20161221202901201.jpg.chip.jpg,2,Female,Others
38_0_1_20170116193927383.jpg.chip.jpg,38,Male,Black
40_1_2_20170116183042122.jpg.chip.jpg,40,Female,Asian
26_1_3_20170104222736351.jpg.chip.jpg,26,Female,Indian
25_0_0_20170117190909786.jpg.chip.jpg,25,Male,White
29_1_1_20170116222451557.jpg.chip.jpg,29,Female,Black
26_1_0_20170117174305030.jpg.chip.jpg,26,Female,White
26_1_1_20170112213354350.jpg.chip.jpg,26,Female,Black
19_1_0_20170116212113630.jpg.chip.jpg,19,Female,White
63_0_1_20170111170153874.jpg.chip.jpg,63,Male,Black
26_1_4_20170117201458974.jpg.chip.jpg,26,Female,Others
1_0_2_20161219201319628.jpg.chip.jpg,1,Male,Asian
26_1_3_20170119193135681.jpg.chip.jpg,26,Female,Indian
40_1_1_20170113012137831.jpg.chip.jpg,40,Female,Black
27_1_2_20170116170004947.jpg.chip.jpg,27,Female,Asian
65_0_1_20170113174805802.jpg.chip.jpg,65,Male,Black
74_0_0_20170120225142161.jpg.chip.jpg,74,Male,White
50_0_2_20170104181606318.jpg.chip.jpg,50,Male,Asian
23_0_3_20170119151313942.jpg.chip.jpg,23,Male,Indian
23_1_0_20170116173236417.jpg.chip.jpg,23,Female,White
54_1_0_20170117171700131.jpg.chip.jpg,54,Female,White
14_0_0_20170110224445654.jpg.chip.jpg,14,Male,White
70_0_0_20170117173832407.jpg.chip.jpg,70,Male,White
26_1_0_20170117174249502.jpg.chip.jpg,26,Female,White
3_0_0_20170110205355795.jpg.chip.jpg,3,Male,White
34_0_3_20170119200815948.jpg.chip.jpg,34,Male,Indian
24_0_1_20170114030108935.jpg.chip.jpg,24,Male,Black
50_0_0_20170104205729700.jpg.chip.jpg,50,Male,White
10_0_0_20161220222308131.jpg.chip.jpg,10,Male,White
23_0_2_20170116172840539.jpg.chip.jpg,23,Male,Asian
33_0_0_20170105165028532.jpg.chip.jpg,33,Male,White
30_1_2_20170116192341274.jpg.chip.jpg,30,Female,Asian
19_0_0_20170117140603777.jpg.chip.jpg,19,Male,White
10_1_0_20170109202346880.jpg.chip.jpg,10,Female,White
54_0_0_20170105173633085.jpg.chip.jpg,54,Male,White
26_1_1_20170116234800903.jpg.chip.jpg,26,Female,Black
26_0_1_20170113135238738.jpg.chip.jpg,26,Male,Black
63_0_0_20170120223104851.jpg.chip.jpg,63,Male,White
35_0_0_20170117172452115.jpg.chip.jpg,35,Male,White
60_1_2_20170105174330388.jpg.chip.jpg,60,Female,Asian
42_1_0_20170117154914871.jpg.chip.jpg,42,Female,White
7_0_0_20170110225232046.jpg.chip.jpg,7,Male,White
45_0_0_20170117183226150.jpg.chip.jpg,45,Male,White
54_0_0_20170104213129446.jpg.chip.jpg,54,Male,White
29_0_0_20170117122023099.jpg.chip.jpg,29,Male,White
46_0_3_20170119183130575.jpg.chip.jpg,46,Male,Indian
26_1_3_20170117174136694.jpg.chip.jpg,26,Female,Indian
43_1_0_20170103183354850.jpg.chip.jpg,43,Female,White
20_0_3_20170119153211097.jpg.chip.jpg,20,Male,Indian
57_0_1_20170117171247961.jpg.chip.jpg,57,Male,Black
14_0_1_20170117133924867.jpg.chip.jpg,14,Male,Black
60_1_0_20170110140645753.jpg.chip.jpg,60,Female,White
65_0_2_20170119205814303.jpg.chip.jpg,65,Male,Asian
23_1_4_20170117194311620.jpg.chip.jpg,23,Female,Others
23_1_3_20170119164532542.jpg.chip.jpg,23,Female,Indian
1_0_2_20161219204418485.jpg.chip.jpg,1,Male,Asian
29_0_2_20170116193337129.jpg.chip.jpg,29,Male,Asian
45_1_3_20170119144758533.jpg.chip.jpg,45,Female,Indian
50_1_0_20170110151412371.jpg.chip.jpg,50,Female,White
26_1_0_20170105163517523.jpg.chip.jpg,26,Female,White
26_1_4_20170117154047070.jpg.chip.jpg,26,Female,Others
20_1_0_20170117141338600.jpg.chip.jpg,20,Female,White
40_0_0_20170113184131287.jpg.chip.jpg,40,Male,White
26_1_1_20170116154712959.jpg.chip.jpg,26,Female,Black
54_0_3_20170119210127256.jpg.chip.jpg,54,Male,Indian
4_1_0_20170109191155398.jpg.chip.jpg,4,Female,White
14_1_0_20170109204918699.jpg.chip.jpg,14,Female,White
55_0_0_20170105164528684.jpg.chip.jpg,55,Male,White
24_1_2_20170112204459483.jpg.chip.jpg,24,Female,Asian
12_0_0_20170117145849076.jpg.chip.jpg,12,Male,White
11_1_0_20170109205211093.jpg.chip.jpg,11,Female,White
49_1_0_20170117160608302.jpg.chip.jpg,49,Female,White
14_0_3_20170104225858160.jpg.chip.jpg,14,Male,Indian
24_1_2_20170116163052645.jpg.chip.jpg,24,Female,Asian
25_1_1_20170112231455093.jpg.chip.jpg,25,Female,Black
26_1_3_20170104222621671.jpg.chip.jpg,26,Female,Indian
39_1_0_20170105164520316.jpg.chip.jpg,39,Female,White
32_0_0_20170117120941859.jpg.chip.jpg,32,Male,White
16_1_0_20170109204349968.jpg.chip.jpg,16,Female,White
28_0_0_20170117180522441.jpg.chip.jpg,28,Male,White
52_0_3_20170119205713544.jpg.chip.jpg,52,Male,Indian
61_0_3_20170109150814971.jpg.chip.jpg,61,Male,Indian
21_1_2_20170116163803744.jpg.chip.jpg,21,Female,Asian
35_0_0_20170117190337506.jpg.chip.jpg,35,Male,White
24_1_2_20170116173552106.jpg.chip.jpg,24,Female,Asian
26_0_4_20170116192438997.jpg.chip.jpg,26,Male,Others
35_0_2_20170117122032979.jpg.chip.jpg,35,Male,Asian
74_0_2_20170105174417462.jpg.chip.jpg,74,Male,Asian
28_0_0_20170117180444192.jpg.chip.jpg,28,Male,White
30_1_2_20170105161432042.jpg.chip.jpg,30,Female,Asian
1_0_4_20170103210731970.jpg.chip.jpg,1,Male,Others
54_1_0_20170117191238426.jpg.chip.jpg,54,Female,White
1_0_2_20161219151117789.jpg.chip.jpg,1,Male,Asian
8_0_0_20170117175629731.jpg.chip.jpg,8,Male,White
26_1_2_20170116184454934.jpg.chip.jpg,26,Female,Asian
22_1_3_20170117143722451.jpg.chip.jpg,22,Female,Indian
1_1_3_20161219225245716.jpg.chip.jpg,1,Female,Indian
65_0_2_20170111205651706.jpg.chip.jpg,65,Male,Asian
40_0_2_20170104192449111.jpg.chip.jpg,40,Male,Asian
49_0_4_20170104210433927.jpg.chip.jpg,49,Male,Others
4_1_2_20161219160314709.jpg.chip.jpg,4,Female,Asian
21_1_3_20170119155737580.jpg.chip.jpg,21,Female,Indian
26_1_1_20170116222824108.jpg.chip.jpg,26,Female,Black
50_0_0_20170120222745802.jpg.chip.jpg,50,Male,White
6_1_4_20161221193230469.jpg.chip.jpg,6,Female,Others
60_1_0_20170110160643704.jpg.chip.jpg,60,Female,White
28_0_1_20170117022120994.jpg.chip.jpg,28,Male,Black
18_1_3_20170119152509320.jpg.chip.jpg,18,Female,Indian
26_0_0_20170116224759206.jpg.chip.jpg,26,Male,White
22_0_3_20170119160342147.jpg.chip.jpg,22,Male,Indian
6_1_3_20161220222516643.jpg.chip.jpg,6,Female,Indian
54_0_3_20170119210222264.jpg.chip.jpg,54,Male,Indian
24_0_3_20170119165935686.jpg.chip.jpg,24,Male,Indian
45_0_0_20170119195628780.jpg.chip.jpg,45,Male,White
1_0_3_20161219230715892.jpg.chip.jpg,1,Male,Indian
44_0_1_20170117142003663.jpg.chip.jpg,44,Male,Black
35_1_0_20170117175131343.jpg.chip.jpg,35,Female,White
36_0_0_20170104173013523.jpg.chip.jpg,36,Male,White
30_1_3_20170109132828919.jpg.chip.jpg,30,Female,Indian
11_0_0_20170110224755272.jpg.chip.jpg,11,Male,White
54_0_0_20170109012848473.jpg.chip.jpg,54,Male,White
58_0_0_20170120224549744.jpg.chip.jpg,58,Male,White
1_0_3_20161220144712431.jpg.chip.jpg,1,Male,Indian
25_1_0_20170116220927378.jpg.chip.jpg,25,Female,White
49_0_3_20170117130537950.jpg.chip.jpg,49,Male,Indian
45_0_3_20170119171853186.jpg.chip.jpg,45,Male,Indian
26_0_4_20170103235645596.jpg.chip.jpg,26,Male,Others
51_0_3_20170119205627558.jpg.chip.jpg,51,Male,Indian
1_1_3_20161220221547970.jpg.chip.jpg,1,Female,Indian
28_0_0_20170120133901719.jpg.chip.jpg,28,Male,White
43_1_1_20170117155119604.jpg.chip.jpg,43,Female,Black
22_1_0_20170116205812305.jpg.chip.jpg,22,Female,White
50_0_2_20170109012247365.jpg.chip.jpg,50,Male,Asian
26_1_1_20170116011413001.jpg.chip.jpg,26,Female,Black
25_0_3_20170105175316102.jpg.chip.jpg,25,Male,Indian
60_0_2_20170116182801456.jpg.chip.jpg,60,Male,Asian
28_1_2_20170116162424590.jpg.chip.jpg,28,Female,Asian
25_1_3_20170119172138225.jpg.chip.jpg,25,Female,Indian
24_1_0_20170117150310308.jpg.chip.jpg,24,Female,White
30_0_2_20170116173645203.jpg.chip.jpg,30,Male,Asian
38_0_1_20170113142113619.jpg.chip.jpg,38,Male,Black
45_0_3_20170119202030421.jpg.chip.jpg,45,Male,Indian
42_1_0_20170117172734743.jpg.chip.jpg,42,Female,White
19_1_2_20170116212110227.jpg.chip.jpg,19,Female,Asian
1_0_2_20161219203105373.jpg.chip.jpg,1,Male,Asian
25_1_1_20170116003230778.jpg.chip.jpg,25,Female,Black
32_0_0_20170120220945196.jpg.chip.jpg,32,Male,White
25_1_4_20170103210241074.jpg.chip.jpg,25,Female,Others
4_1_2_20161219205238948.jpg.chip.jpg,4,Female,Asian
2_1_3_20161219225500961.jpg.chip.jpg,2,Female,Indian
26_1_1_20170116223432216.jpg.chip.jpg,26,Female,Black
32_1_0_20170117093112387.jpg.chip.jpg,32,Female,White
39_0_2_20170104204728132.jpg.chip.jpg,39,Male,Asian
32_1_2_20170116162312021.jpg.chip.jpg,32,Female,Asian
37_0_4_20170116204829478.jpg.chip.jpg,37,Male,Others
66_0_0_20170111222127534.jpg.chip.jpg,66,Male,White
1_0_2_20170109192102236.jpg.chip.jpg,1,Male,Asian
25_0_1_20170113145615148.jpg.chip.jpg,25,Male,Black
26_1_0_20170120134215383.jpg.chip.jpg,26,Female,White
21_0_0_20170116201127126.jpg.chip.jpg,21,Male,White
26_1_1_20170117152602749.jpg.chip.jpg,26,Female,Black
45_1_0_20170109142531078.jpg.chip.jpg,45,Female,White
8_1_1_20170109203252446.jpg.chip.jpg,8,Female,Black
27_1_1_20170117010422359.jpg.chip.jpg,27,Female,Black
32_0_1_20170113185204177.jpg.chip.jpg,32,Male,Black
26_1_2_20170116180230472.jpg.chip.jpg,26,Female,Asian
26_1_0_20170117170417131.jpg.chip.jpg,26,Female,White
25_0_0_20170117153733428.jpg.chip.jpg,25,Male,White
75_0_0_20170116233015609.jpg.chip.jpg,75,Male,White
70_0_0_20170120222625010.jpg.chip.jpg,70,Male,White
34_1_0_20170117134932847.jpg.chip.jpg,34,Female,White
25_1_2_20170116173206933.jpg.chip.jpg,25,Female,Asian
28_0_3_20170119194456586.jpg.chip.jpg,28,Male,Indian
34_1_0_20170113000558603.jpg.chip.jpg,34,Female,White
48_0_4_20170117163407198.jpg.chip.jpg,48,Male,Others
22_1_0_20170114025444380.jpg.chip.jpg,22,Female,White
4_1_4_20161223230120250.jpg.chip.jpg,4,Female,Others
14_1_4_20170103200917543.jpg.chip.jpg,14,Female,Others
2_1_0_20161219224527744.jpg.chip.jpg,2,Female,White
38_1_2_20170116192323993.jpg.chip.jpg,38,Female,Asian
45_0_3_20170119201729135.jpg.chip.jpg,45,Male,Indian
45_1_0_20170120221126908.jpg.chip.jpg,45,Female,White
33_0_4_20170103235213148.jpg.chip.jpg,33,Male,Others
8_1_0_20170109202314510.jpg.chip.jpg,8,Female,White
57_1_0_20170110120803050.jpg.chip.jpg,57,Female,White
70_0_0_20170117171117703.jpg.chip.jpg,70,Male,White
49_0_1_20170113142200613.jpg.chip.jpg,49,Male,Black
29_1_1_20170117184351496.jpg.chip.jpg,29,Female,Black
23_0_1_20170113133721489.jpg.chip.jpg,23,Male,Black
26_1_3_20170104222939159.jpg.chip.jpg,26,Female,Indian
45_0_1_20170117182333220.jpg.chip.jpg,45,Male,Black
40_0_3_20170119153055608.jpg.chip.jpg,40,Male,Indian
38_0_0_20170117091005107.jpg.chip.jpg,38,Male,White
71_1_1_20170117194632791.jpg.chip.jpg,71,Female,Black
31_0_0_20170117133142224.jpg.chip.jpg,31,Male,White
45_0_0_20170116233229437.jpg.chip.jpg,45,Male,White
34_0_4_20170113161453036.jpg.chip.jpg,34,Male,Others
2_1_0_20170109193339281.jpg.chip.jpg,2,Female,White
28_0_1_20170116195816687.jpg.chip.jpg,28,Male,Black
24_1_2_20170116165611580.jpg.chip.jpg,24,Female,Asian
8_1_4_20170109201844552.jpg.chip.jpg,8,Female,Others
53_0_1_20170116024724425.jpg.chip.jpg,53,Male,Black
52_0_1_20170113142156388.jpg.chip.jpg,52,Male,Black
1_1_3_20161219230239192.jpg.chip.jpg,1,Female,Indian
63_1_0_20170117175356028.jpg.chip.jpg,63,Female,White
27_0_1_20170113150706765.jpg.chip.jpg,27,Male,Black
28_0_1_20170117022047979.jpg.chip.jpg,28,Male,Black
29_0_3_20170119195312988.jpg.chip.jpg,29,Male,Indian
58_1_0_20170110132501568.jpg.chip.jpg,58,Female,White
59_1_1_20170113000626569.jpg.chip.jpg,59,Female,Black
30_0_3_20170119204751837.jpg.chip.jpg,30,Male,Indian
27_1_0_20170105000743720.jpg.chip.jpg,27,Female,White
37_0_3_20170119202308661.jpg.chip.jpg,37,Male,Indian
26_0_0_20170116192052348.jpg.chip.jpg,26,Male,White
10_0_0_20170110221719390.jpg.chip.jpg,10,Male,White
43_0_1_20170117191927113.jpg.chip.jpg,43,Male,Black
28_0_1_20170114032935025.jpg.chip.jpg,28,Male,Black
23_1_0_20170103163102400.jpg.chip.jpg,23,Female,White
49_1_1_20170112235151889.jpg.chip.jpg,49,Female,Black
34_0_1_20170116003716387.jpg.chip.jpg,34,Male,Black
25_1_1_20170116001414790.jpg.chip.jpg,25,Female,Black
32_0_2_20170104170204025.jpg.chip.jpg,32,Male,Asian
37_0_1_20170116205703656.jpg.chip.jpg,37,Male,Black
50_0_2_20170116163531048.jpg.chip.jpg,50,Male,Asian
2_1_2_20161219205100213.jpg.chip.jpg,2,Female,Asian
3_1_0_20170104005119728.jpg.chip.jpg,3,Female,White
45_1_3_20170119194955123.jpg.chip.jpg,45,Female,Indian
2_0_2_20161219190735147.jpg.chip.jpg,2,Male,Asian
21_1_1_20170116020956813.jpg.chip.jpg,21,Female,Black
27_0_1_20170117183610688.jpg.chip.jpg,27,Male,Black
30_1_3_20170119195850724.jpg.chip.jpg,30,Female,Indian
27_1_1_20170117005946474.jpg.chip.jpg,27,Female,Black
1_1_0_20170109191225850.jpg.chip.jpg,1,Female,White
1_0_2_20161219222043223.jpg.chip.jpg,1,Male,Asian
31_0_1_20170113175408636.jpg.chip.jpg,31,Male,Black
26_0_0_20170117195505325.jpg.chip.jpg,26,Male,White
73_0_1_20170117195315175.jpg.chip.jpg,73,Male,Black
29_0_1_20170113151036496.jpg.chip.jpg,29,Male,Black
39_1_0_20170109221036374.jpg.chip.jpg,39,Female,White
26_0_3_20170119180329325.jpg.chip.jpg,26,Male,Indian
32_0_1_20170113175620388.jpg.chip.jpg,32,Male,Black
5_1_2_20161219142543345.jpg.chip.jpg,5,Female,Asian
26_1_1_20170117134025403.jpg.chip.jpg,26,Female,Black
23_1_3_20170117144716562.jpg.chip.jpg,23,Female,Indian
17_0_4_20170103201116511.jpg.chip.jpg,17,Male,Others
1_0_0_20161220220135250.jpg.chip.jpg,1,Male,White
60_0_1_20170119204250215.jpg.chip.jpg,60,Male,Black
59_0_4_20170105173702564.jpg.chip.jpg,59,Male,Others
59_1_0_20170113184300134.jpg.chip.jpg,59,Female,White
31_0_1_20170116220207245.jpg.chip.jpg,31,Male,Black
26_0_2_20170116175917452.jpg.chip.jpg,26,Male,Asian
45_1_0_20170117001056094.jpg.chip.jpg,45,Female,White
26_0_1_20170113174249954.jpg.chip.jpg,26,Male,Black
56_0_0_20170111171747473.jpg.chip.jpg,56,Male,White
24_0_1_20170113151045191.jpg.chip.jpg,24,Male,Black
62_1_0_20170110180546671.jpg.chip.jpg,62,Female,White
40_1_4_20170103230416025.jpg.chip.jpg,40,Female,Others
54_0_0_20170120223316292.jpg.chip.jpg,54,Male,White
42_1_0_20170116232623436.jpg.chip.jpg,42,Female,White
28_0_3_20170117180213062.jpg.chip.jpg,28,Male,Indian
35_1_0_20170117191955709.jpg.chip.jpg,35,Female,White
55_0_0_20170112220524560.jpg.chip.jpg,55,Male,White
49_0_0_20170117190513467.jpg.chip.jpg,49,Male,White
50_0_0_20170117172638411.jpg.chip.jpg,50,Male,White
32_1_0_20170103182600698.jpg.chip.jpg,32,Female,White
6_1_3_20161220220051873.jpg.chip.jpg,6,Female,Indian
30_1_2_20170108234540565.jpg.chip.jpg,30,Female,Asian
67_0_1_20170113161329852.jpg.chip.jpg,67,Male,Black
67_0_0_20170109150725032.jpg.chip.jpg,67,Male,White
1_1_3_20161219225730216.jpg.chip.jpg,1,Female,Indian
20_1_0_20170116211743925.jpg.chip.jpg,20,Female,White
3_0_2_20161219162657782.jpg.chip.jpg,3,Male,Asian
20_0_0_20170117141002911.jpg.chip.jpg,20,Male,White
40_0_0_20170117182937462.jpg.chip.jpg,40,Male,White
18_1_0_20170109214251980.jpg.chip.jpg,18,Female,White
27_1_1_20170117165219530.jpg.chip.jpg,27,Female,Black
8_1_0_20170109204251231.jpg.chip.jpg,8,Female,White
34_0_1_20170117020018932.jpg.chip.jpg,34,Male,Black
8_1_1_20170117135414790.jpg.chip.jpg,8,Female,Black
12_0_2_20170104013228314.jpg.chip.jpg,12,Male,Asian
27_1_2_20170105161505810.jpg.chip.jpg,27,Female,Asian
2_1_4_20161221192715844.jpg.chip.jpg,2,Female,Others
38_0_0_20170117130715035.jpg.chip.jpg,38,Male,White
13_1_0_20170109204048554.jpg.chip.jpg,13,Female,White
29_0_0_20170116182424711.jpg.chip.jpg,29,Male,White
26_1_1_20170116011422334.jpg.chip.jpg,26,Female,Black
42_1_0_20170119204510263.jpg.chip.jpg,42,Female,White
25_1_0_20170117152143899.jpg.chip.jpg,25,Female,White
19_0_1_20170113132639480.jpg.chip.jpg,19,Male,Black
1_0_2_20170110212743721.jpg.chip.jpg,1,Male,Asian
37_0_0_20170104183200979.jpg.chip.jpg,37,Male,White
36_0_0_20170104174512284.jpg.chip.jpg,36,Male,White
35_0_1_20170116201954407.jpg.chip.jpg,35,Male,Black
80_0_0_20170117171459531.jpg.chip.jpg,80,Male,White
13_0_0_20170110232519225.jpg.chip.jpg,13,Male,White
66_1_0_20170110140422693.jpg.chip.jpg,66,Female,White
54_0_3_20170119180901955.jpg.chip.jpg,54,Male,Indian
47_0_0_20170108225958118.jpg.chip.jpg,47,Male,White
1_0_3_20161219225900970.jpg.chip.jpg,1,Male,Indian
75_1_0_20170110181054680.jpg.chip.jpg,75,Female,White
26_0_0_20170117200723805.jpg.chip.jpg,26,Male,White
28_1_1_20170112204434315.jpg.chip.jpg,28,Female,Black
30_0_1_20170116010647849.jpg.chip.jpg,30,Male,Black
42_1_1_20170113011527191.jpg.chip.jpg,42,Female,Black
54_0_0_20170104184945414.jpg.chip.jpg,54,Male,White
45_0_3_20170119183704615.jpg.chip.jpg,45,Male,Indian
22_1_1_20170116175817144.jpg.chip.jpg,22,Female,Black
35_0_3_20170117154740182.jpg.chip.jpg,35,Male,Indian
75_1_1_20170105003534605.jpg.chip.jpg,75,Female,Black
24_1_2_20170116174432626.jpg.chip.jpg,24,Female,Asian
80_0_0_20170111221949087.jpg.chip.jpg,80,Male,White
30_1_2_20170104020133916.jpg.chip.jpg,30,Female,Asian
40_0_0_20170117135733872.jpg.chip.jpg,40,Male,White
18_1_0_20170109214239711.jpg.chip.jpg,18,Female,White
32_0_3_20170119171305632.jpg.chip.jpg,32,Male,Indian
22_1_3_20161220221656537.jpg.chip.jpg,22,Female,Indian
20_1_0_20170109214040024.jpg.chip.jpg,20,Female,White
23_1_0_20170104021538021.jpg.chip.jpg,23,Female,White
26_1_4_20170117174505182.jpg.chip.jpg,26,Female,Others
38_0_1_20170113174041634.jpg.chip.jpg,38,Male,Black
58_0_2_20170104212958196.jpg.chip.jpg,58,Male,Asian
30_0_4_20170104201527594.jpg.chip.jpg,30,Male,Others
1_1_3_20161219230723008.jpg.chip.jpg,1,Female,Indian
3_1_0_20170109193055962.jpg.chip.jpg,3,Female,White
26_1_1_20170116164843976.jpg.chip.jpg,26,Female,Black
25_1_3_20170119172014464.jpg.chip.jpg,25,Female,Indian
36_1_1_20170116011443442.jpg.chip.jpg,36,Female,Black
60_1_0_20170110131848316.jpg.chip.jpg,60,Female,White
1_1_2_20161219203303165.jpg.chip.jpg,1,Female,Asian
1_0_0_20161219161028662.jpg.chip.jpg,1,Male,White
20_0_0_20170110231653536.jpg.chip.jpg,20,Male,White
30_1_2_20170116192241195.jpg.chip.jpg,30,Female,Asian
35_0_0_20170117183005428.jpg.chip.jpg,35,Male,White
17_0_0_20170110232044494.jpg.chip.jpg,17,Male,White
30_1_0_20170104192455647.jpg.chip.jpg,30,Female,White
14_1_0_20170109205344937.jpg.chip.jpg,14,Female,White
32_0_0_20170117120910383.jpg.chip.jpg,32,Male,White
41_0_0_20170117171015249.jpg.chip.jpg,41,Male,White
26_1_2_20170116234746730.jpg.chip.jpg,26,Female,Asian
9_0_0_20170110220536562.jpg.chip.jpg,9,Male,White
5_0_0_20170109192317486.jpg.chip.jpg,5,Male,White
16_0_0_20170110231526097.jpg.chip.jpg,16,Male,White
44_0_1_20170117172143700.jpg.chip.jpg,44,Male,Black
37_0_1_20170117143125092.jpg.chip.jpg,37,Male,Black
35_0_1_20170117095820209.jpg.chip.jpg,35,Male,Black
28_1_0_20170116223114979.jpg.chip.jpg,28,Female,White
29_1_3_20170104232346298.jpg.chip.jpg,29,Female,Indian
24_1_4_20170117150618462.jpg.chip.jpg,24,Female,Others
10_1_0_20170109205003280.jpg.chip.jpg,10,Female,White
20_0_4_20170117193454180.jpg.chip.jpg,20,Male,Others
24_0_2_20170116170804180.jpg.chip.jpg,24,Male,Asian
27_1_3_20170104223119591.jpg.chip.jpg,27,Female,Indian
22_1_3_20170119163211532.jpg.chip.jpg,22,Female,Indian
52_0_0_20170116192914190.jpg.chip.jpg,52,Male,White
38_0_4_20170104202201977.jpg.chip.jpg,38,Male,Others
43_1_1_20170117155120541.jpg.chip.jpg,43,Female,Black
22_0_3_20170119150653870.jpg.chip.jpg,22,Male,Indian
23_1_2_20170116172854458.jpg.chip.jpg,23,Female,Asian
26_0_1_20170116010639525.jpg.chip.jpg,26,Male,Black
21_1_1_20170112233423376.jpg.chip.jpg,21,Female,Black
27_1_1_20170117010217590.jpg.chip.jpg,27,Female,Black
30_0_1_20170116025831395.jpg.chip.jpg,30,Male,Black
20_1_0_20170103175638671.jpg.chip.jpg,20,Female,White
80_1_0_20170117175604677.jpg.chip.jpg,80,Female,White
25_1_3_20170119171949009.jpg.chip.jpg,25,Female,Indian
1_0_2_20161219211706614.jpg.chip.jpg,1,Male,Asian
35_1_0_20170117135330351.jpg.chip.jpg,35,Female,White
21_1_0_20170116220224031.jpg.chip.jpg,21,Female,White
47_0_3_20170119202334925.jpg.chip.jpg,47,Male,Indian
29_0_3_20170104220737116.jpg.chip.jpg,29,Male,Indian
1_1_2_20161219193510436.jpg.chip.jpg,1,Female,Asian
28_0_3_20170119194426537.jpg.chip.jpg,28,Male,Indian
24_1_2_20170116171627787.jpg.chip.jpg,24,Female,Asian
56_0_0_20170116235418709.jpg.chip.jpg,56,Male,White
25_1_2_20170116162532991.jpg.chip.jpg,25,Female,Asian
43_1_1_20170116160506632.jpg.chip.jpg,43,Female,Black
24_1_4_20170117194845444.jpg.chip.jpg,24,Female,Others
45_0_0_20170117182929156.jpg.chip.jpg,45,Male,White
1_0_0_20161219205817093.jpg.chip.jpg,1,Male,White
1_1_2_20161219192240930.jpg.chip.jpg,1,Female,Asian
55_0_0_20170104212750765.jpg.chip.jpg,55,Male,White
51_0_1_20170117194228848.jpg.chip.jpg,51,Male,Black
43_0_2_20170109005254030.jpg.chip.jpg,43,Male,Asian
21_1_2_20170116171009058.jpg.chip.jpg,21,Female,Asian
72_1_0_20170110140438240.jpg.chip.jpg,72,Female,White
28_1_2_20170116175308931.jpg.chip.jpg,28,Female,Asian
28_0_1_20170113175016716.jpg.chip.jpg,28,Male,Black
14_0_2_20170103201051263.jpg.chip.jpg,14,Male,Asian
53_0_3_20170119212002295.jpg.chip.jpg,53,Male,Indian
65_0_0_20170117162857355.jpg.chip.jpg,65,Male,White
34_0_3_20170119200756100.jpg.chip.jpg,34,Male,Indian
25_0_0_20170117192356781.jpg.chip.jpg,25,Male,White
15_0_0_20170104011743800.jpg.chip.jpg,15,Male,White
28_1_1_20170112234557232.jpg.chip.jpg,28,Female,Black
25_1_0_20170117135646592.jpg.chip.jpg,25,Female,White
40_0_0_20170104205324669.jpg.chip.jpg,40,Male,White
28_0_1_20170117202336846.jpg.chip.jpg,28,Male,Black
26_1_1_20170117201805678.jpg.chip.jpg,26,Female,Black
24_0_2_20170116165208785.jpg.chip.jpg,24,Male,Asian
28_0_1_20170117165412909.jpg.chip.jpg,28,Male,Black
26_0_0_20170117090952435.jpg.chip.jpg,26,Male,White
45_0_2_20170112205737971.jpg.chip.jpg,45,Male,Asian
25_0_0_20170117143439000.jpg.chip.jpg,25,Male,White
40_0_0_20170117154507105.jpg.chip.jpg,40,Male,White
23_1_3_20170119164507828.jpg.chip.jpg,23,Female,Indian
35_1_0_20170117201013868.jpg.chip.jpg,35,Female,White
26_0_3_20170119184305598.jpg.chip.jpg,26,Male,Indian
63_0_0_20170104213259957.jpg.chip.jpg,63,Male,White
17_1_0_20170109213642438.jpg.chip.jpg,17,Female,White
42_0_3_20170119155807051.jpg.chip.jpg,42,Male,Indian
68_0_0_20170117155857481.jpg.chip.jpg,68,Male,White
23_0_1_20170115231442487.jpg.chip.jpg,23,Male,Black
24_1_3_20170119171022544.jpg.chip.jpg,24,Female,Indian
9_0_0_20170110224437980.jpg.chip.jpg,9,Male,White
26_1_1_20170112235913713.jpg.chip.jpg,26,Female,Black
10_0_0_20170110224524253.jpg.chip.jpg,10,Male,White
42_1_0_20170104185202934.jpg.chip.jpg,42,Female,White
52_1_1_20170113012458376.jpg.chip.jpg,52,Female,Black
26_1_3_20170104234454339.jpg.chip.jpg,26,Female,Indian
35_0_1_20170116010938697.jpg.chip.jpg,35,Male,Black
69_1_0_20170110175803672.jpg.chip.jpg,69,Female,White
26_1_3_20170117154614886.jpg.chip.jpg,26,Female,Indian
35_0_3_20170119162812372.jpg.chip.jpg,35,Male,Indian
19_1_0_20170103201508633.jpg.chip.jpg,19,Female,White
76_0_0_20170111222424361.jpg.chip.jpg,76,Male,White
45_1_0_20170117183404676.jpg.chip.jpg,45,Female,White
50_0_0_20170117155052592.jpg.chip.jpg,50,Male,White
26_0_2_20170117172714981.jpg.chip.jpg,26,Male,Asian
1_0_4_20161221201548713.jpg.chip.jpg,1,Male,Others
42_1_0_20170103181418742.jpg.chip.jpg,42,Female,White
38_0_1_20170113135348090.jpg.chip.jpg,38,Male,Black
48_0_0_20170117140153107.jpg.chip.jpg,48,Male,White
23_1_3_20170104223200053.jpg.chip.jpg,23,Female,Indian
42_1_1_20170112234136775.jpg.chip.jpg,42,Female,Black
42_0_3_20170119204447575.jpg.chip.jpg,42,Male,Indian
1_0_2_20161219203335428.jpg.chip.jpg,1,Male,Asian
30_1_3_20170119144121804.jpg.chip.jpg,30,Female,Indian
26_1_0_20170103181123449.jpg.chip.jpg,26,Female,White
1_1_1_20170109192725012.jpg.chip.jpg,1,Female,Black
1_0_2_20161219202906108.jpg.chip.jpg,1,Male,Asian
3_1_0_20170114030048102.jpg.chip.jpg,3,Female,White
13_1_4_20170104005323135.jpg.chip.jpg,13,Female,Others
56_1_0_20170117172351482.jpg.chip.jpg,56,Female,White
24_0_1_20170117204434040.jpg.chip.jpg,24,Male,Black
21_1_3_20170117142147306.jpg.chip.jpg,21,Female,Indian
61_0_3_20170105180813046.jpg.chip.jpg,61,Male,Indian
80_1_0_20170110154540002.jpg.chip.jpg,80,Female,White
37_1_1_20170116153302333.jpg.chip.jpg,37,Female,Black
50_0_0_20170113184603160.jpg.chip.jpg,50,Male,White
32_0_2_20170116185010991.jpg.chip.jpg,32,Male,Asian
1_0_2_20161219155748349.jpg.chip.jpg,1,Male,Asian
35_0_1_20170117172831584.jpg.chip.jpg,35,Male,Black
1_0_2_20161219152901372.jpg.chip.jpg,1,Male,Asian
4_1_4_20161223225928843.jpg.chip.jpg,4,Female,Others
55_0_3_20170119181109749.jpg.chip.jpg,55,Male,Indian
46_0_2_20170104205205795.jpg.chip.jpg,46,Male,Asian
62_1_0_20170110131856737.jpg.chip.jpg,62,Female,White
37_1_0_20170109134008515.jpg.chip.jpg,37,Female,White
39_0_0_20170111181750371.jpg.chip.jpg,39,Male,White
38_1_1_20170116155827602.jpg.chip.jpg,38,Female,Black
66_0_0_20170104002319293.jpg.chip.jpg,66,Male,White
4_0_2_20161219192408395.jpg.chip.jpg,4,Male,Asian
63_0_0_20170117195020915.jpg.chip.jpg,63,Male,White
55_1_0_20170110160643376.jpg.chip.jpg,55,Female,White
22_0_2_20170104021322853.jpg.chip.jpg,22,Male,Asian
24_0_1_20170113151046472.jpg.chip.jpg,24,Male,Black
75_0_0_20170117174511134.jpg.chip.jpg,75,Male,White
27_1_3_20170104223505487.jpg.chip.jpg,27,Female,Indian
61_1_1_20170113001835467.jpg.chip.jpg,61,Female,Black
15_1_0_20170109214319385.jpg.chip.jpg,15,Female,White
26_1_4_20170109002629914.jpg.chip.jpg,26,Female,Others
36_1_1_20170112213416311.jpg.chip.jpg,36,Female,Black
34_0_1_20170116202042710.jpg.chip.jpg,34,Male,Black
36_0_1_20170105172620093.jpg.chip.jpg,36,Male,Black
22_1_1_20170113193237676.jpg.chip.jpg,22,Female,Black
26_1_2_20170116180313693.jpg.chip.jpg,26,Female,Asian
41_1_0_20170104234815241.jpg.chip.jpg,41,Female,White
3_0_4_20161221202214969.jpg.chip.jpg,3,Male,Others
54_0_2_20170116193316730.jpg.chip.jpg,54,Male,Asian
29_1_1_20170116021333343.jpg.chip.jpg,29,Female,Black
32_0_0_20170104203059659.jpg.chip.jpg,32,Male,White
22_1_2_20170116172659590.jpg.chip.jpg,22,Female,Asian
26_1_0_20170119211348122.jpg.chip.jpg,26,Female,White
4_1_2_20161219195237635.jpg.chip.jpg,4,Female,Asian
27_1_2_20170116171613640.jpg.chip.jpg,27,Female,Asian
48_0_3_20170119202007642.jpg.chip.jpg,48,Male,Indian
1_0_0_20170109194450082.jpg.chip.jpg,1,Male,White
26_0_3_20170104214630381.jpg.chip.jpg,26,Male,Indian
1_0_4_20170103210812538.jpg.chip.jpg,1,Male,Others
54_0_0_20170105173228717.jpg.chip.jpg,54,Male,White
46_1_1_20170111182452917.jpg.chip.jpg,46,Female,Black
34_0_3_20170119194900548.jpg.chip.jpg,34,Male,Indian
27_0_0_20170119150234550.jpg.chip.jpg,27,Male,White
4_1_4_20170109191223274.jpg.chip.jpg,4,Female,Others
24_0_1_20170113134119424.jpg.chip.jpg,24,Male,Black
23_1_0_20170117144839499.jpg.chip.jpg,23,Female,White
29_0_1_20170117181012475.jpg.chip.jpg,29,Male,Black
52_0_0_20170119205653447.jpg.chip.jpg,52,Male,White
14_0_0_20170110232523770.jpg.chip.jpg,14,Male,White
25_1_0_20170103180606727.jpg.chip.jpg,25,Female,White
60_1_0_20170110154145935.jpg.chip.jpg,60,Female,White
25_1_0_20170117134530533.jpg.chip.jpg,25,Female,White
43_0_0_20170104183900726.jpg.chip.jpg,43,Male,White
1_0_3_20161219230436137.jpg.chip.jpg,1,Male,Indian
33_1_2_20170104022342934.jpg.chip.jpg,33,Female,Asian
39_0_1_20170113175840205.jpg.chip.jpg,39,Male,Black
28_0_0_20170120220120096.jpg.chip.jpg,28,Male,White
25_0_0_20170117151831828.jpg.chip.jpg,25,Male,White
36_1_1_20170116173339947.jpg.chip.jpg,36,Female,Black
54_0_0_20170109150353590.jpg.chip.jpg,54,Male,White
60_1_0_20170110143449132.jpg.chip.jpg,60,Female,White
26_0_0_20170116182305836.jpg.chip.jpg,26,Male,White
28_1_0_20170117202555320.jpg.chip.jpg,28,Female,White
34_0_1_20170113135659457.jpg.chip.jpg,34,Male,Black
28_1_2_20170108224230864.jpg.chip.jpg,28,Female,Asian
36_0_0_20170117140152744.jpg.chip.jpg,36,Male,White
27_1_3_20170109132133665.jpg.chip.jpg,27,Female,Indian
8_1_0_20170109202434032.jpg.chip.jpg,8,Female,White
32_1_1_20170117182443477.jpg.chip.jpg,32,Female,Black
55_0_3_20170119195823299.jpg.chip.jpg,55,Male,Indian
77_0_0_20170111211407488.jpg.chip.jpg,77,Male,White
56_1_0_20170110154644528.jpg.chip.jpg,56,Female,White
25_0_1_20170117164554362.jpg.chip.jpg,25,Male,Black
8_1_2_20161219163616367.jpg.chip.jpg,8,Female,Asian
16_0_4_20170110232131606.jpg.chip.jpg,16,Male,Others
26_1_2_20170116163914678.jpg.chip.jpg,26,Female,Asian
1_0_2_20161219203016316.jpg.chip.jpg,1,Male,Asian
26_0_1_20170113154903732.jpg.chip.jpg,26,Male,Black
61_1_3_20170119211810610.jpg.chip.jpg,61,Female,Indian
36_0_1_20170113183153677.jpg.chip.jpg,36,Male,Black
25_1_2_20170104020655188.jpg.chip.jpg,25,Female,Asian
18_1_4_20170116211941006.jpg.chip.jpg,18,Female,Others
2_1_3_20161219225825224.jpg.chip.jpg,2,Female,Indian
70_1_0_20170110143426723.jpg.chip.jpg,70,Female,White
17_0_3_20161219224759672.jpg.chip.jpg,17,Male,Indian
26_0_1_20170113154704138.jpg.chip.jpg,26,Male,Black
14_0_0_20170110232319481.jpg.chip.jpg,14,Male,White
26_0_4_20170103235328516.jpg.chip.jpg,26,Male,Others
62_1_0_20170110160643782.jpg.chip.jpg,62,Female,White
1_1_4_20170103212116187.jpg.chip.jpg,1,Female,Others
60_0_2_20170109010253649.jpg.chip.jpg,60,Male,Asian
36_0_0_20170103180815064.jpg.chip.jpg,36,Male,White
26_0_0_20170117140938167.jpg.chip.jpg,26,Male,White
23_1_0_20170104020712460.jpg.chip.jpg,23,Female,White
37_0_1_20170117135940308.jpg.chip.jpg,37,Male,Black
26_1_2_20170116180824329.jpg.chip.jpg,26,Female,Asian
20_1_4_20170117192614487.jpg.chip.jpg,20,Female,Others
38_0_0_20170116192041983.jpg.chip.jpg,38,Male,White
45_1_0_20170110154302056.jpg.chip.jpg,45,Female,White
19_1_4_20170109192214298.jpg.chip.jpg,19,Female,Others
47_0_4_20170104210443652.jpg.chip.jpg,47,Male,Others
1_0_2_20161219202542596.jpg.chip.jpg,1,Male,Asian
1_1_2_20161219162730478.jpg.chip.jpg,1,Female,Asian
38_0_3_20170116223006279.jpg.chip.jpg,38,Male,Indian
28_0_4_20170117190111300.jpg.chip.jpg,28,Male,Others
47_0_0_20170117160014001.jpg.chip.jpg,47,Male,White
23_0_3_20170119164224534.jpg.chip.jpg,23,Male,Indian
5_1_0_20170109194005140.jpg.chip.jpg,5,Female,White
50_1_3_20170117154120315.jpg.chip.jpg,50,Female,Indian
56_1_0_20170110153005989.jpg.chip.jpg,56,Female,White
36_0_1_20170113182511607.jpg.chip.jpg,36,Male,Black
34_0_0_20170104181316780.jpg.chip.jpg,34,Male,White
32_0_2_20170116182306316.jpg.chip.jpg,32,Male,Asian
53_1_0_20170110131645457.jpg.chip.jpg,53,Female,White
22_0_0_20170117134653966.jpg.chip.jpg,22,Male,White
24_1_2_20170116164813386.jpg.chip.jpg,24,Female,Asian
4_0_0_20170110213441609.jpg.chip.jpg,4,Male,White
24_0_0_20170117140958984.jpg.chip.jpg,24,Male,White
32_1_0_20170116193207695.jpg.chip.jpg,32,Female,White
80_0_0_20170111224036667.jpg.chip.jpg,80,Male,White
17_0_1_20170113145220398.jpg.chip.jpg,17,Male,Black
16_0_0_20170110232218902.jpg.chip.jpg,16,Male,White
3_1_0_20170109193516228.jpg.chip.jpg,3,Female,White
48_1_0_20170109220544479.jpg.chip.jpg,48,Female,White
5_1_4_20161223232211710.jpg.chip.jpg,5,Female,Others
27_0_1_20170117173208805.jpg.chip.jpg,27,Male,Black
68_0_2_20170116193548368.jpg.chip.jpg,68,Male,Asian
1_0_0_20161219154556757.jpg.chip.jpg,1,Male,White
47_0_0_20170117160016192.jpg.chip.jpg,47,Male,White
53_0_3_20170117171834099.jpg.chip.jpg,53,Male,Indian
37_0_1_20170117164514945.jpg.chip.jpg,37,Male,Black
21_1_0_20170117142648466.jpg.chip.jpg,21,Female,White
12_0_1_20170110225335956.jpg.chip.jpg,12,Male,Black
51_0_0_20170120222842138.jpg.chip.jpg,51,Male,White
30_1_0_20170117151304315.jpg.chip.jpg,30,Female,White
58_0_0_20170111171747496.jpg.chip.jpg,58,Male,White
2_0_3_20161219224928327.jpg.chip.jpg,2,Male,Indian
23_1_2_20170116173126492.jpg.chip.jpg,23,Female,Asian
1_0_2_20161219201523620.jpg.chip.jpg,1,Male,Asian
29_0_2_20170116192725270.jpg.chip.jpg,29,Male,Asian
35_1_0_20170116211804087.jpg.chip.jpg,35,Female,White
22_0_1_20170113133336209.jpg.chip.jpg,22,Male,Black
43_1_1_20170117094954741.jpg.chip.jpg,43,Female,Black
26_0_0_20170117120944631.jpg.chip.jpg,26,Male,White
63_0_1_20170120221531693.jpg.chip.jpg,63,Male,Black
27_1_2_20170104021418549.jpg.chip.jpg,27,Female,Asian
53_0_2_20170116192925824.jpg.chip.jpg,53,Male,Asian
38_0_0_20170105163932764.jpg.chip.jpg,38,Male,White
26_1_1_20170112210535941.jpg.chip.jpg,26,Female,Black
58_0_0_20170117191805986.jpg.chip.jpg,58,Male,White
2_0_3_20161219225927088.jpg.chip.jpg,2,Male,Indian
9_0_0_20170110220040107.jpg.chip.jpg,9,Male,White
32_1_1_20170113000731466.jpg.chip.jpg,32,Female,Black
27_1_1_20170117010343271.jpg.chip.jpg,27,Female,Black
26_1_1_20170116231226803.jpg.chip.jpg,26,Female,Black
25_1_2_20170104015838780.jpg.chip.jpg,25,Female,Asian
36_0_0_20170119194752299.jpg.chip.jpg,36,Male,White
20_0_0_20170117140842001.jpg.chip.jpg,20,Male,White
58_0_0_20170104185324437.jpg.chip.jpg,58,Male,White
26_0_3_20170119180622762.jpg.chip.jpg,26,Male,Indian
24_1_2_20170116170732649.jpg.chip.jpg,24,Female,Asian
56_0_0_20170104210115763.jpg.chip.jpg,56,Male,White
37_0_3_20170109012450792.jpg.chip.jpg,37,Male,Indian
48_0_0_20170111201841425.jpg.chip.jpg,48,Male,White
58_1_3_20170109140246682.jpg.chip.jpg,58,Female,Indian
3_0_2_20161219204644036.jpg.chip.jpg,3,Male,Asian
16_0_0_20170110232714508.jpg.chip.jpg,16,Male,White
18_0_1_20170113175821404.jpg.chip.jpg,18,Male,Black
51_0_0_20170109141145066.jpg.chip.jpg,51,Male,White
70_0_0_20170120222043358.jpg.chip.jpg,70,Male,White
36_0_0_20170117183317229.jpg.chip.jpg,36,Male,White
46_0_0_20170116214417440.jpg.chip.jpg,46,Male,White
14_1_2_20170109204853921.jpg.chip.jpg,14,Female,Asian
1_0_1_20170110213700642.jpg.chip.jpg,1,Male,Black
65_1_0_20170110132559859.jpg.chip.jpg,65,Female,White
29_0_0_20170117202637960.jpg.chip.jpg,29,Male,White
40_1_1_20170113190338056.jpg.chip.jpg,40,Female,Black
24_1_3_20170104223156607.jpg.chip.jpg,24,Female,Indian
28_1_2_20170116190118355.jpg.chip.jpg,28,Female,Asian
24_0_3_20170104230213449.jpg.chip.jpg,24,Male,Indian
17_1_0_20170109213933756.jpg.chip.jpg,17,Female,White
24_0_0_20170104230108767.jpg.chip.jpg,24,Male,White
35_1_0_20170117175625946.jpg.chip.jpg,35,Female,White
67_1_0_20170109142541820.jpg.chip.jpg,67,Female,White
23_0_3_20170119164006043.jpg.chip.jpg,23,Male,Indian
29_0_3_20170119195300259.jpg.chip.jpg,29,Male,Indian
30_0_0_20170117144004185.jpg.chip.jpg,30,Male,White
40_0_2_20170116181341336.jpg.chip.jpg,40,Male,Asian
53_0_1_20170113174111826.jpg.chip.jpg,53,Male,Black
26_1_1_20170112213221119.jpg.chip.jpg,26,Female,Black
29_0_1_20170117103819519.jpg.chip.jpg,29,Male,Black
54_0_0_20170113184814520.jpg.chip.jpg,54,Male,White
10_0_0_20170110225421531.jpg.chip.jpg,10,Male,White
54_0_3_20170119210221456.jpg.chip.jpg,54,Male,Indian
47_1_0_20170119192708105.jpg.chip.jpg,47,Female,White
63_0_3_20170119205921327.jpg.chip.jpg,63,Male,Indian
45_1_2_20170116001025936.jpg.chip.jpg,45,Female,Asian
78_1_0_20170110181107549.jpg.chip.jpg,78,Female,White
1_0_2_20161219222752047.jpg.chip.jpg,1,Male,Asian
50_0_1_20170117175738076.jpg.chip.jpg,50,Male,Black
52_1_0_20170117145704297.jpg.chip.jpg,52,Female,White
27_1_0_20170117150919860.jpg.chip.jpg,27,Female,White
24_1_0_20170117150517123.jpg.chip.jpg,24,Female,White
50_1_0_20170113000711114.jpg.chip.jpg,50,Female,White
75_0_4_20170111205047952.jpg.chip.jpg,75,Male,Others
32_1_0_20170112211450500.jpg.chip.jpg,32,Female,White
13_0_0_20170110224625011.jpg.chip.jpg,13,Male,White
24_0_1_20170117134924378.jpg.chip.jpg,24,Male,Black
45_1_1_20170117001154223.jpg.chip.jpg,45,Female,Black
23_0_0_20170117144642723.jpg.chip.jpg,23,Male,White
30_0_0_20170117144035842.jpg.chip.jpg,30,Male,White
28_1_1_20170112234143831.jpg.chip.jpg,28,Female,Black
42_0_0_20170117154743159.jpg.chip.jpg,42,Male,White
3_0_2_20161219190020899.jpg.chip.jpg,3,Male,Asian
24_0_2_20170116161928019.jpg.chip.jpg,24,Male,Asian
3_1_2_20161219160007413.jpg.chip.jpg,3,Female,Asian
1_0_0_20170110211537870.jpg.chip.jpg,1,Male,White
3_0_0_20170110213436047.jpg.chip.jpg,3,Male,White
19_1_0_20170103175610671.jpg.chip.jpg,19,Female,White
42_1_0_20170109140758891.jpg.chip.jpg,42,Female,White
38_0_2_20170116192308542.jpg.chip.jpg,38,Male,Asian
32_0_1_20170113155305504.jpg.chip.jpg,32,Male,Black
56_1_0_20170110141114577.jpg.chip.jpg,56,Female,White
33_1_0_20170117174746798.jpg.chip.jpg,33,Female,White
3_1_3_20161219230106056.jpg.chip.jpg,3,Female,Indian
38_0_1_20170113152121359.jpg.chip.jpg,38,Male,Black
51_0_1_20170117173409188.jpg.chip.jpg,51,Male,Black
26_1_0_20170116153214587.jpg.chip.jpg,26,Female,White
52_0_0_20170113183829983.jpg.chip.jpg,52,Male,White
29_0_1_20170117104625949.jpg.chip.jpg,29,Male,Black
40_0_0_20170104184142437.jpg.chip.jpg,40,Male,White
24_1_3_20170119171106744.jpg.chip.jpg,24,Female,Indian
35_1_1_20170113000306521.jpg.chip.jpg,35,Female,Black
1_0_0_20161219202455708.jpg.chip.jpg,1,Male,White
49_0_0_20170116192750301.jpg.chip.jpg,49,Male,White
51_1_0_20170109132703508.jpg.chip.jpg,51,Female,White
30_1_3_20170119205414159.jpg.chip.jpg,30,Female,Indian
41_1_0_20170105172643292.jpg.chip.jpg,41,Female,White
26_1_3_20170104231407282.jpg.chip.jpg,26,Female,Indian
26_1_3_20170119192406609.jpg.chip.jpg,26,Female,Indian
21_1_3_20170104231613281.jpg.chip.jpg,21,Female,Indian
21_0_0_20170104230103695.jpg.chip.jpg,21,Male,White
40_0_3_20170119183828462.jpg.chip.jpg,40,Male,Indian
15_1_0_20170103201844088.jpg.chip.jpg,15,Female,White
25_1_2_20170104022809304.jpg.chip.jpg,25,Female,Asian
55_0_3_20170117183255158.jpg.chip.jpg,55,Male,Indian
46_0_0_20170108235049898.jpg.chip.jpg,46,Male,White
35_0_2_20170116165347849.jpg.chip.jpg,35,Male,Asian
28_0_1_20170117020634195.jpg.chip.jpg,28,Male,Black
6_1_2_20161219140554092.jpg.chip.jpg,6,Female,Asian
63_0_1_20170117194942794.jpg.chip.jpg,63,Male,Black
55_0_0_20170111203852863.jpg.chip.jpg,55,Male,White
15_0_2_20170104013327250.jpg.chip.jpg,15,Male,Asian
29_0_1_20170116142845616.jpg.chip.jpg,29,Male,Black
45_1_0_20170117145704297.jpg.chip.jpg,45,Female,White
42_0_3_20170119204446511.jpg.chip.jpg,42,Male,Indian
26_0_4_20170117200020292.jpg.chip.jpg,26,Male,Others
56_0_0_20170111171747466.jpg.chip.jpg,56,Male,White
35_0_1_20170117143130961.jpg.chip.jpg,35,Male,Black
17_1_1_20170113003718549.jpg.chip.jpg,17,Female,Black
3_0_2_20161219161653119.jpg.chip.jpg,3,Male,Asian
60_0_0_20170117160236104.jpg.chip.jpg,60,Male,White
26_1_0_20170117005855768.jpg.chip.jpg,26,Female,White
16_1_0_20170109213357694.jpg.chip.jpg,16,Female,White
45_0_3_20170119201227781.jpg.chip.jpg,45,Male,Indian
65_0_1_20170117190534925.jpg.chip.jpg,65,Male,Black
12_1_4_20161223230033380.jpg.chip.jpg,12,Female,Others
8_0_3_20170104230746993.jpg.chip.jpg,8,Male,Indian
70_0_3_20170117173325952.jpg.chip.jpg,70,Male,Indian
34_1_0_20170115235719543.jpg.chip.jpg,34,Female,White
38_1_0_20170111182452859.jpg.chip.jpg,38,Female,White
29_1_2_20170116163011756.jpg.chip.jpg,29,Female,Asian
1_1_0_20170109190455518.jpg.chip.jpg,1,Female,White
32_1_3_20170119200441164.jpg.chip.jpg,32,Female,Indian
40_0_0_20170104210228028.jpg.chip.jpg,40,Male,White
35_0_2_20170116164415437.jpg.chip.jpg,35,Male,Asian
46_0_3_20170108235809786.jpg.chip.jpg,46,Male,Indian
2_0_2_20161219195745171.jpg.chip.jpg,2,Male,Asian
61_0_2_20170116193733096.jpg.chip.jpg,61,Male,Asian
58_1_0_20170104212157395.jpg.chip.jpg,58,Female,White
18_1_0_20170109212647587.jpg.chip.jpg,18,Female,White
30_0_1_20170116010614771.jpg.chip.jpg,30,Male,Black
31_0_0_20170116195723154.jpg.chip.jpg,31,Male,White
6_1_2_20161219205748924.jpg.chip.jpg,6,Female,Asian
26_0_3_20170119184303327.jpg.chip.jpg,26,Male,Indian
5_0_2_20161219222440743.jpg.chip.jpg,5,Male,Asian
15_0_2_20170102235056163.jpg.chip.jpg,15,Male,Asian
51_0_3_20170104220749396.jpg.chip.jpg,51,Male,Indian
26_0_0_20170117171702618.jpg.chip.jpg,26,Male,White
20_1_3_20170119153308793.jpg.chip.jpg,20,Female,Indian
1_0_3_20161220220036937.jpg.chip.jpg,1,Male,Indian
9_0_1_20170117195501575.jpg.chip.jpg,9,Male,Black
26_0_2_20170116183647463.jpg.chip.jpg,26,Male,Asian
26_0_3_20170119165526055.jpg.chip.jpg,26,Male,Indian
16_0_0_20170104012325066.jpg.chip.jpg,16,Male,White
54_0_3_20170119210212104.jpg.chip.jpg,54,Male,Indian
52_0_0_20170105173619725.jpg.chip.jpg,52,Male,White
46_1_1_20170113001257466.jpg.chip.jpg,46,Female,Black
1_0_2_20161219161640358.jpg.chip.jpg,1,Male,Asian
65_0_0_20170111205215087.jpg.chip.jpg,65,Male,White
28_1_4_20170103235043691.jpg.chip.jpg,28,Female,Others
12_0_0_20170110215606404.jpg.chip.jpg,12,Male,White
42_0_2_20170112215341080.jpg.chip.jpg,42,Male,Asian
65_0_0_20170117162802627.jpg.chip.jpg,65,Male,White
36_1_1_20170112215137928.jpg.chip.jpg,36,Female,Black
72_1_0_20170110182955408.jpg.chip.jpg,72,Female,White
27_0_3_20170119194349003.jpg.chip.jpg,27,Male,Indian
35_0_0_20170117145704297.jpg.chip.jpg,35,Male,White
3_1_0_20170109193833863.jpg.chip.jpg,3,Female,White
25_0_3_20170119171240216.jpg.chip.jpg,25,Male,Indian
63_0_3_20170105180931239.jpg.chip.jpg,63,Male,Indian
23_0_2_20170116172805150.jpg.chip.jpg,23,Male,Asian
42_0_0_20170109003533896.jpg.chip.jpg,42,Male,White
2_1_2_20161219151414451.jpg.chip.jpg,2,Female,Asian
55_0_0_20170117190606570.jpg.chip.jpg,55,Male,White
26_1_0_20170117091325822.jpg.chip.jpg,26,Female,White
18_0_4_20170104011044048.jpg.chip.jpg,18,Male,Others
55_0_3_20170119211431441.jpg.chip.jpg,55,Male,Indian
60_0_3_20170104220126534.jpg.chip.jpg,60,Male,Indian
65_1_0_20170110140917161.jpg.chip.jpg,65,Female,White
26_1_2_20170116183016628.jpg.chip.jpg,26,Female,Asian
21_1_3_20170119154245353.jpg.chip.jpg,21,Female,Indian
3_1_0_20170109191801408.jpg.chip.jpg,3,Female,White
25_1_3_20170119171206287.jpg.chip.jpg,25,Female,Indian
68_0_0_20170117172835921.jpg.chip.jpg,68,Male,White
50_0_3_20170119202107229.jpg.chip.jpg,50,Male,Indian
8_1_4_20170117192945532.jpg.chip.jpg,8,Female,Others
38_0_1_20170116010748407.jpg.chip.jpg,38,Male,Black
24_1_3_20170104222401271.jpg.chip.jpg,24,Female,Indian
40_1_0_20170117152046787.jpg.chip.jpg,40,Female,White
55_0_0_20170120221314028.jpg.chip.jpg,55,Male,White
65_1_0_20170117092234692.jpg.chip.jpg,65,Female,White
24_1_3_20170119164720463.jpg.chip.jpg,24,Female,Indian
14_0_0_20170104011738192.jpg.chip.jpg,14,Male,White
58_0_1_20170117173247104.jpg.chip.jpg,58,Male,Black
39_0_0_20170104205320147.jpg.chip.jpg,39,Male,White
58_0_0_20170117153829116.jpg.chip.jpg,58,Male,White
53_1_0_20170104212419940.jpg.chip.jpg,53,Female,White
27_1_2_20170116165955213.jpg.chip.jpg,27,Female,Asian
36_0_0_20170117135444550.jpg.chip.jpg,36,Male,White
16_0_0_20170116201208865.jpg.chip.jpg,16,Male,White
27_1_1_20170109212658510.jpg.chip.jpg,27,Female,Black
70_0_0_20170117173727535.jpg.chip.jpg,70,Male,White
5_1_2_20161219163341974.jpg.chip.jpg,5,Female,Asian
60_0_3_20170119205949319.jpg.chip.jpg,60,Male,Indian
27_0_3_20170119193205856.jpg.chip.jpg,27,Male,Indian
55_0_3_20170119202635230.jpg.chip.jpg,55,Male,Indian
53_0_0_20170117190934939.jpg.chip.jpg,53,Male,White
1_1_0_20170109194456866.jpg.chip.jpg,1,Female,White
29_1_1_20170116162458302.jpg.chip.jpg,29,Female,Black
34_0_1_20170117141457492.jpg.chip.jpg,34,Male,Black
36_0_1_20170116030116849.jpg.chip.jpg,36,Male,Black
26_1_3_20170117153618803.jpg.chip.jpg,26,Female,Indian
1_0_3_20161219225813152.jpg.chip.jpg,1,Male,Indian
26_1_2_20170116184301043.jpg.chip.jpg,26,Female,Asian
39_1_0_20170109012839681.jpg.chip.jpg,39,Female,White
26_0_0_20170120140714337.jpg.chip.jpg,26,Male,White
37_1_0_20170117140123763.jpg.chip.jpg,37,Female,White
57_0_0_20170117192020506.jpg.chip.jpg,57,Male,White
53_1_0_20170110122533941.jpg.chip.jpg,53,Female,White
26_0_0_20170113210319406.jpg.chip.jpg,26,Male,White
3_1_2_20161219153312836.jpg.chip.jpg,3,Female,Asian
26_0_1_20170117195438339.jpg.chip.jpg,26,Male,Black
35_0_0_20170117192319971.jpg.chip.jpg,35,Male,White
21_1_0_20170120134012302.jpg.chip.jpg,21,Female,White
22_1_4_20170117143710577.jpg.chip.jpg,22,Female,Others
31_1_2_20170109141257277.jpg.chip.jpg,31,Female,Asian
44_0_1_20170117163236613.jpg.chip.jpg,44,Male,Black
26_1_3_20170119192108257.jpg.chip.jpg,26,Female,Indian
42_1_0_20170116221807908.jpg.chip.jpg,42,Female,White
25_0_4_20170113180523812.jpg.chip.jpg,25,Male,Others
1_0_2_20161219212648582.jpg.chip.jpg,1,Male,Asian
29_1_0_20170113000327017.jpg.chip.jpg,29,Female,White
27_1_0_20170104234600194.jpg.chip.jpg,27,Female,White
60_0_0_20170117001135611.jpg.chip.jpg,60,Male,White
1_0_1_20170112211228948.jpg.chip.jpg,1,Male,Black
65_0_0_20170117162843250.jpg.chip.jpg,65,Male,White
30_0_0_20170117181232946.jpg.chip.jpg,30,Male,White
30_1_2_20170104192931704.jpg.chip.jpg,30,Female,Asian
26_1_1_20170117200437960.jpg.chip.jpg,26,Female,Black
26_0_0_20170117154331222.jpg.chip.jpg,26,Male,White
65_0_1_20170111181750510.jpg.chip.jpg,65,Male,Black
29_1_1_20170116002146102.jpg.chip.jpg,29,Female,Black
3_0_0_20170110225025587.jpg.chip.jpg,3,Male,White
40_0_1_20170117141443985.jpg.chip.jpg,40,Male,Black
38_0_1_20170105183954127.jpg.chip.jpg,38,Male,Black
15_1_3_20170104221933959.jpg.chip.jpg,15,Female,Indian
52_0_0_20170105173134925.jpg.chip.jpg,52,Male,White
1_1_0_20161219205428229.jpg.chip.jpg,1,Female,White
58_0_3_20170119211548329.jpg.chip.jpg,58,Male,Indian
33_0_3_20170119164235580.jpg.chip.jpg,33,Male,Indian
30_1_0_20170117131055904.jpg.chip.jpg,30,Female,White
32_0_0_20170104202207601.jpg.chip.jpg,32,Male,White
35_1_0_20170117174830232.jpg.chip.jpg,35,Female,White
45_1_0_20170110141225753.jpg.chip.jpg,45,Female,White
18_1_0_20170109213109287.jpg.chip.jpg,18,Female,White
30_0_1_20170113141843699.jpg.chip.jpg,30,Male,Black
26_0_2_20170116182453051.jpg.chip.jpg,26,Male,Asian
34_0_1_20170117184804228.jpg.chip.jpg,34,Male,Black
26_1_1_20170116170849354.jpg.chip.jpg,26,Female,Black
29_1_1_20170112235118232.jpg.chip.jpg,29,Female,Black
32_1_3_20170109140230761.jpg.chip.jpg,32,Female,Indian
1_1_2_20161219205233581.jpg.chip.jpg,1,Female,Asian
31_1_3_20170117164736883.jpg.chip.jpg,31,Female,Indian
1_0_2_20161219160450054.jpg.chip.jpg,1,Male,Asian
26_1_1_20170112213016277.jpg.chip.jpg,26,Female,Black
26_0_0_20170117172021611.jpg.chip.jpg,26,Male,White
44_1_1_20170113001952364.jpg.chip.jpg,44,Female,Black
23_0_0_20170105000754450.jpg.chip.jpg,23,Male,White
35_0_1_20170109002946255.jpg.chip.jpg,35,Male,Black
37_0_0_20170109001555863.jpg.chip.jpg,37,Male,White
27_0_1_20170113183057766.jpg.chip.jpg,27,Male,Black
7_0_0_20170110225021990.jpg.chip.jpg,7,Male,White
25_1_0_20170117195324293.jpg.chip.jpg,25,Female,White
30_0_0_20170117134548302.jpg.chip.jpg,30,Male,White
33_0_0_20170104165541073.jpg.chip.jpg,33,Male,White
28_1_2_20170116190127787.jpg.chip.jpg,28,Female,Asian
60_0_3_20170119205112264.jpg.chip.jpg,60,Male,Indian
60_0_3_20170119204824288.jpg.chip.jpg,60,Male,Indian
55_0_3_20170119204827472.jpg.chip.jpg,55,Male,Indian
29_1_0_20170104023330606.jpg.chip.jpg,29,Female,White
24_1_0_20170117150909051.jpg.chip.jpg,24,Female,White
35_0_3_20170119200913517.jpg.chip.jpg,35,Male,Indian
26_0_1_20170117003155908.jpg.chip.jpg,26,Male,Black
25_1_0_20170116223826765.jpg.chip.jpg,25,Female,White
13_0_0_20170110225302179.jpg.chip.jpg,13,Male,White
20_0_0_20170105161704786.jpg.chip.jpg,20,Male,White
29_1_0_20170103180724800.jpg.chip.jpg,29,Female,White
26_1_1_20170116233051385.jpg.chip.jpg,26,Female,Black
40_1_0_20170105163942716.jpg.chip.jpg,40,Female,White
45_0_0_20170117121756358.jpg.chip.jpg,45,Male,White
35_1_4_20170117201052046.jpg.chip.jpg,35,Female,Others
26_0_0_20170113210127410.jpg.chip.jpg,26,Male,White
4_1_3_20161219225233848.jpg.chip.jpg,4,Female,Indian
30_1_0_20170104184950950.jpg.chip.jpg,30,Female,White
5_1_0_20170109192447108.jpg.chip.jpg,5,Female,White
36_1_0_20170105001300131.jpg.chip.jpg,36,Female,White
22_0_1_20170116144518064.jpg.chip.jpg,22,Male,Black
31_1_1_20170112234727752.jpg.chip.jpg,31,Female,Black
19_1_4_20170103223231399.jpg.chip.jpg,19,Female,Others
32_0_0_20170117122038021.jpg.chip.jpg,32,Male,White
45_0_0_20170117192021532.jpg.chip.jpg,45,Male,White
32_0_1_20170113173627946.jpg.chip.jpg,32,Male,Black
37_1_1_20170112212055549.jpg.chip.jpg,37,Female,Black
61_1_0_20170120134639935.jpg.chip.jpg,61,Female,White
22_0_1_20170113132548672.jpg.chip.jpg,22,Male,Black
24_1_2_20170116174420253.jpg.chip.jpg,24,Female,Asian
50_1_0_20170120222640234.jpg.chip.jpg,50,Female,White
36_1_0_20170117135850660.jpg.chip.jpg,36,Female,White
54_0_0_20170111195832210.jpg.chip.jpg,54,Male,White
25_0_1_20170113151512351.jpg.chip.jpg,25,Male,Black
72_1_0_20170110140754434.jpg.chip.jpg,72,Female,White
24_0_1_20170113151005343.jpg.chip.jpg,24,Male,Black
41_1_0_20170109010103671.jpg.chip.jpg,41,Female,White
20_1_4_20170103223123528.jpg.chip.jpg,20,Female,Others
50_0_0_20170104211514100.jpg.chip.jpg,50,Male,White
47_1_0_20170109220523042.jpg.chip.jpg,47,Female,White
2_0_2_20161219142207513.jpg.chip.jpg,2,Male,Asian
54_1_3_20170109142901150.jpg.chip.jpg,54,Female,Indian
26_1_0_20170117173532444.jpg.chip.jpg,26,Female,White
34_1_0_20170116172016963.jpg.chip.jpg,34,Female,White
15_0_4_20170104011201568.jpg.chip.jpg,15,Male,Others
7_1_0_20170109201641541.jpg.chip.jpg,7,Female,White
32_0_0_20170113183737287.jpg.chip.jpg,32,Male,White
30_0_3_20170117144419843.jpg.chip.jpg,30,Male,Indian
1_0_2_20161219155744942.jpg.chip.jpg,1,Male,Asian
1_1_2_20161219154531437.jpg.chip.jpg,1,Female,Asian
48_0_0_20170116233057278.jpg.chip.jpg,48,Male,White
27_0_3_20170104230231577.jpg.chip.jpg,27,Male,Indian
24_1_0_20170117194528243.jpg.chip.jpg,24,Female,White
63_1_0_20170110142522883.jpg.chip.jpg,63,Female,White
28_0_1_20170113011940681.jpg.chip.jpg,28,Male,Black
59_1_3_20170109134346011.jpg.chip.jpg,59,Female,Indian
60_1_0_20170110152845240.jpg.chip.jpg,60,Female,White
26_0_1_20170116203607574.jpg.chip.jpg,26,Male,Black
26_0_0_20170116193305807.jpg.chip.jpg,26,Male,White
33_0_0_20170116224733537.jpg.chip.jpg,33,Male,White
52_0_3_20170119205700727.jpg.chip.jpg,52,Male,Indian
26_1_0_20170117201443317.jpg.chip.jpg,26,Female,White
41_1_0_20170117133203334.jpg.chip.jpg,41,Female,White
26_0_3_20170119184126439.jpg.chip.jpg,26,Male,Indian
69_1_2_20170111210824053.jpg.chip.jpg,69,Female,Asian
15_1_0_20170109214447621.jpg.chip.jpg,15,Female,White
24_1_3_20170104220232144.jpg.chip.jpg,24,Female,Indian
60_1_0_20170110154617064.jpg.chip.jpg,60,Female,White
25_1_3_20170117152028652.jpg.chip.jpg,25,Female,Indian
43_0_1_20170113184629512.jpg.chip.jpg,43,Male,Black
25_1_1_20170116162433766.jpg.chip.jpg,25,Female,Black
32_0_0_20170116191447918.jpg.chip.jpg,32,Male,White
23_1_1_20170117171341177.jpg.chip.jpg,23,Female,Black
25_0_0_20170117143411179.jpg.chip.jpg,25,Male,White
35_0_0_20170117195418222.jpg.chip.jpg,35,Male,White
50_0_1_20170111204143668.jpg.chip.jpg,50,Male,Black
35_0_4_20170117204355896.jpg.chip.jpg,35,Male,Others
30_0_0_20170117181235740.jpg.chip.jpg,30,Male,White
7_1_0_20170114025204820.jpg.chip.jpg,7,Female,White
24_1_2_20170116174412618.jpg.chip.jpg,24,Female,Asian
30_1_0_20170117181338019.jpg.chip.jpg,30,Female,White
80_0_0_20170117174434118.jpg.chip.jpg,80,Male,White
38_0_1_20170117142745510.jpg.chip.jpg,38,Male,Black
36_0_0_20170117162925765.jpg.chip.jpg,36,Male,White
63_0_1_20170117194724477.jpg.chip.jpg,63,Male,Black
28_0_0_20170120221639941.jpg.chip.jpg,28,Male,White
28_1_2_20170116165616595.jpg.chip.jpg,28,Female,Asian
25_1_3_20170104222305855.jpg.chip.jpg,25,Female,Indian
26_1_3_20170119153809053.jpg.chip.jpg,26,Female,Indian
29_0_1_20170116194210361.jpg.chip.jpg,29,Male,Black
27_1_1_20170112234058559.jpg.chip.jpg,27,Female,Black
14_1_0_20170109203505137.jpg.chip.jpg,14,Female,White
68_0_1_20170111204337366.jpg.chip.jpg,68,Male,Black
24_0_3_20170119160307619.jpg.chip.jpg,24,Male,Indian
4_1_4_20161223230002625.jpg.chip.jpg,4,Female,Others
27_0_1_20170117172206988.jpg.chip.jpg,27,Male,Black
14_1_0_20170109203842960.jpg.chip.jpg,14,Female,White
73_0_3_20170105180955031.jpg.chip.jpg,73,Male,Indian
4_0_2_20161219200030036.jpg.chip.jpg,4,Male,Asian
43_0_2_20170116234843299.jpg.chip.jpg,43,Male,Asian
75_0_0_20170117171021853.jpg.chip.jpg,75,Male,White
24_0_1_20170116205610920.jpg.chip.jpg,24,Male,Black
51_1_0_20170110154635631.jpg.chip.jpg,51,Female,White
28_0_3_20170119164321820.jpg.chip.jpg,28,Male,Indian
45_0_3_20170113190535208.jpg.chip.jpg,45,Male,Indian
3_0_0_20170110212548876.jpg.chip.jpg,3,Male,White
24_1_3_20170104222526663.jpg.chip.jpg,24,Female,Indian
56_1_0_20170120133230636.jpg.chip.jpg,56,Female,White
9_0_0_20170110220623658.jpg.chip.jpg,9,Male,White
26_1_1_20170112213310815.jpg.chip.jpg,26,Female,Black
21_1_4_20170117193754349.jpg.chip.jpg,21,Female,Others
21_0_1_20170114032016183.jpg.chip.jpg,21,Male,Black
24_0_4_20170117145745474.jpg.chip.jpg,24,Male,Others
29_1_0_20170104192921991.jpg.chip.jpg,29,Female,White
26_0_3_20170119180328460.jpg.chip.jpg,26,Male,Indian
28_1_3_20170119195054803.jpg.chip.jpg,28,Female,Indian
31_1_1_20170112211518637.jpg.chip.jpg,31,Female,Black
27_0_4_20170113133316808.jpg.chip.jpg,27,Male,Others
49_0_4_20170104000903445.jpg.chip.jpg,49,Male,Others
61_0_1_20170117172824446.jpg.chip.jpg,61,Male,Black
51_0_0_20170111171747319.jpg.chip.jpg,51,Male,White
16_1_2_20170116162343874.jpg.chip.jpg,16,Female,Asian
21_1_1_20170114030239115.jpg.chip.jpg,21,Female,Black
30_1_4_20170103182430449.jpg.chip.jpg,30,Female,Others
69_1_4_20170110141201824.jpg.chip.jpg,69,Female,Others
28_1_2_20170116164515900.jpg.chip.jpg,28,Female,Asian
11_1_0_20170109203353740.jpg.chip.jpg,11,Female,White
23_1_1_20170113195607925.jpg.chip.jpg,23,Female,Black
14_1_0_20170109204620092.jpg.chip.jpg,14,Female,White
32_1_1_20170116173307655.jpg.chip.jpg,32,Female,Black
78_0_2_20170112205258396.jpg.chip.jpg,78,Male,Asian
40_0_4_20170108231125827.jpg.chip.jpg,40,Male,Others
18_1_0_20170109214156684.jpg.chip.jpg,18,Female,White
47_0_0_20170116233351586.jpg.chip.jpg,47,Male,White
26_1_2_20170116184651548.jpg.chip.jpg,26,Female,Asian
38_1_2_20170116190015995.jpg.chip.jpg,38,Female,Asian
31_1_1_20170111204355636.jpg.chip.jpg,31,Female,Black
20_1_0_20170104005910664.jpg.chip.jpg,20,Female,White
50_1_1_20170114030118769.jpg.chip.jpg,50,Female,Black
52_1_1_20170113000523249.jpg.chip.jpg,52,Female,Black
19_1_3_20170104221744823.jpg.chip.jpg,19,Female,Indian
14_1_3_20161220220655004.jpg.chip.jpg,14,Female,Indian
18_1_0_20170109213938695.jpg.chip.jpg,18,Female,White
23_1_0_20170117144825371.jpg.chip.jpg,23,Female,White
25_0_1_20170113151735327.jpg.chip.jpg,25,Male,Black
26_1_0_20170103182040225.jpg.chip.jpg,26,Female,White
26_1_1_20170112210754466.jpg.chip.jpg,26,Female,Black
32_0_0_20170120220856044.jpg.chip.jpg,32,Male,White
40_0_0_20170116000712384.jpg.chip.jpg,40,Male,White
28_1_2_20170105162338411.jpg.chip.jpg,28,Female,Asian
35_1_0_20170105162559851.jpg.chip.jpg,35,Female,White
9_0_0_20170110221701052.jpg.chip.jpg,9,Male,White
51_0_0_20170111171747330.jpg.chip.jpg,51,Male,White
68_0_0_20170104184637742.jpg.chip.jpg,68,Male,White
30_1_0_20170117141830737.jpg.chip.jpg,30,Female,White
42_1_0_20170120221629278.jpg.chip.jpg,42,Female,White
25_0_1_20170113175802374.jpg.chip.jpg,25,Male,Black
9_0_0_20170110220239466.jpg.chip.jpg,9,Male,White
1_0_0_20170109192948605.jpg.chip.jpg,1,Male,White
26_0_0_20170116193316697.jpg.chip.jpg,26,Male,White
25_0_1_20170116002254660.jpg.chip.jpg,25,Male,Black
1_0_0_20161219190621290.jpg.chip.jpg,1,Male,White
3_1_2_20161219191000844.jpg.chip.jpg,3,Female,Asian
10_0_0_20170104013211746.jpg.chip.jpg,10,Male,White
25_0_0_20170117143546538.jpg.chip.jpg,25,Male,White
6_1_3_20161220220515578.jpg.chip.jpg,6,Female,Indian
72_1_0_20170110183416570.jpg.chip.jpg,72,Female,White
56_0_0_20170120223807822.jpg.chip.jpg,56,Male,White
65_0_0_20170120224637535.jpg.chip.jpg,65,Male,White
65_1_0_20170110133937781.jpg.chip.jpg,65,Female,White
46_1_3_20170120140919993.jpg.chip.jpg,46,Female,Indian
35_0_3_20170119201122781.jpg.chip.jpg,35,Male,Indian
36_1_3_20170119183119334.jpg.chip.jpg,36,Female,Indian
26_1_1_20170112235057871.jpg.chip.jpg,26,Female,Black
35_0_0_20170120224033278.jpg.chip.jpg,35,Male,White
28_1_2_20170116165503355.jpg.chip.jpg,28,Female,Asian
28_1_3_20170119195110339.jpg.chip.jpg,28,Female,Indian
4_1_4_20161221193345109.jpg.chip.jpg,4,Female,Others
58_0_0_20170104213209283.jpg.chip.jpg,58,Male,White
27_1_0_20170116205640528.jpg.chip.jpg,27,Female,White
27_1_2_20170116165601873.jpg.chip.jpg,27,Female,Asian
18_0_2_20170116163826980.jpg.chip.jpg,18,Male,Asian
27_1_0_20170116171624008.jpg.chip.jpg,27,Female,White
7_1_4_20170103230254954.jpg.chip.jpg,7,Female,Others
34_0_2_20170117182658629.jpg.chip.jpg,34,Male,Asian
45_0_0_20170117141859353.jpg.chip.jpg,45,Male,White
39_0_3_20170119203958183.jpg.chip.jpg,39,Male,Indian
8_1_3_20170117185042185.jpg.chip.jpg,8,Female,Indian
4_0_2_20170110211530774.jpg.chip.jpg,4,Male,Asian
2_0_0_20161219160731126.jpg.chip.jpg,2,Male,White
30_0_2_20170116172925949.jpg.chip.jpg,30,Male,Asian
37_1_3_20170109132551978.jpg.chip.jpg,37,Female,Indian
36_0_3_20170117183132325.jpg.chip.jpg,36,Male,Indian
55_0_3_20170119202724469.jpg.chip.jpg,55,Male,Indian
68_0_0_20170117171135900.jpg.chip.jpg,68,Male,White
7_0_0_20161219201514284.jpg.chip.jpg,7,Male,White
28_1_1_20170113010410263.jpg.chip.jpg,28,Female,Black
54_0_2_20170112222125722.jpg.chip.jpg,54,Male,Asian
37_0_2_20170116192041226.jpg.chip.jpg,37,Male,Asian
26_0_0_20170117200135805.jpg.chip.jpg,26,Male,White
25_0_1_20170116220224657.jpg.chip.jpg,25,Male,Black
25_1_3_20170104222459455.jpg.chip.jpg,25,Female,Indian
34_1_3_20170119200900860.jpg.chip.jpg,34,Female,Indian
1_0_2_20161219141908313.jpg.chip.jpg,1,Male,Asian
31_0_0_20170117190223831.jpg.chip.jpg,31,Male,White
22_1_4_20170104005431327.jpg.chip.jpg,22,Female,Others
43_0_0_20170104204616830.jpg.chip.jpg,43,Male,White
46_1_3_20170104183801700.jpg.chip.jpg,46,Female,Indian
60_1_0_20170110151345930.jpg.chip.jpg,60,Female,White
59_0_0_20170111203716454.jpg.chip.jpg,59,Male,White
18_1_0_20170109214336149.jpg.chip.jpg,18,Female,White
37_0_1_20170117104624750.jpg.chip.jpg,37,Male,Black
35_1_0_20170117092559828.jpg.chip.jpg,35,Female,White
36_1_0_20170120140736273.jpg.chip.jpg,36,Female,White
1_0_4_20161221202458409.jpg.chip.jpg,1,Male,Others
26_1_0_20170117202010288.jpg.chip.jpg,26,Female,White
24_1_3_20170119171109382.jpg.chip.jpg,24,Female,Indian
26_0_1_20170113134233888.jpg.chip.jpg,26,Male,Black
44_0_3_20170119200652604.jpg.chip.jpg,44,Male,Indian
52_0_3_20170104220727902.jpg.chip.jpg,52,Male,Indian
1_1_2_20161219221915303.jpg.chip.jpg,1,Female,Asian
5_0_2_20161219222232487.jpg.chip.jpg,5,Male,Asian
31_1_0_20170117133139911.jpg.chip.jpg,31,Female,White
7_0_0_20170110215534588.jpg.chip.jpg,7,Male,White
7_0_2_20161219191327451.jpg.chip.jpg,7,Male,Asian
48_1_0_20170119192701682.jpg.chip.jpg,48,Female,White
56_1_0_20170110122147365.jpg.chip.jpg,56,Female,White
25_0_3_20170119171159472.jpg.chip.jpg,25,Male,Indian
13_1_0_20170109205119953.jpg.chip.jpg,13,Female,White
26_0_0_20170117155115749.jpg.chip.jpg,26,Male,White
40_0_2_20170113190426313.jpg.chip.jpg,40,Male,Asian
25_1_0_20170117152149428.jpg.chip.jpg,25,Female,White
25_1_1_20170103182259857.jpg.chip.jpg,25,Female,Black
26_0_2_20170116184137536.jpg.chip.jpg,26,Male,Asian
28_0_4_20170116220531686.jpg.chip.jpg,28,Male,Others
26_0_0_20170104022546750.jpg.chip.jpg,26,Male,White
39_0_0_20170104205032348.jpg.chip.jpg,39,Male,White
26_0_0_20170117144704233.jpg.chip.jpg,26,Male,White
53_0_2_20170116192934154.jpg.chip.jpg,53,Male,Asian
35_0_0_20170116212002051.jpg.chip.jpg,35,Male,White
16_0_1_20170116214205175.jpg.chip.jpg,16,Male,Black
58_0_0_20170117160331768.jpg.chip.jpg,58,Male,White
32_0_0_20170116192543457.jpg.chip.jpg,32,Male,White
28_1_1_20170105003322373.jpg.chip.jpg,28,Female,Black
43_0_0_20170117155057555.jpg.chip.jpg,43,Male,White
30_1_4_20170117203559144.jpg.chip.jpg,30,Female,Others
26_0_0_20170117003310493.jpg.chip.jpg,26,Male,White
29_0_4_20170117202710430.jpg.chip.jpg,29,Male,Others
46_1_1_20170116001928205.jpg.chip.jpg,46,Female,Black
26_0_0_20170116210147173.jpg.chip.jpg,26,Male,White
31_0_2_20170116170847276.jpg.chip.jpg,31,Male,Asian
29_1_0_20170116175235312.jpg.chip.jpg,29,Female,White
4_1_1_20170112210412852.jpg.chip.jpg,4,Female,Black
56_0_0_20170120222849329.jpg.chip.jpg,56,Male,White
55_0_3_20170119202256173.jpg.chip.jpg,55,Male,Indian
27_1_2_20170116163607756.jpg.chip.jpg,27,Female,Asian
68_1_0_20170110143529881.jpg.chip.jpg,68,Female,White
16_0_0_20170110231919941.jpg.chip.jpg,16,Male,White
28_0_0_20170117021206167.jpg.chip.jpg,28,Male,White
26_0_1_20170113154843417.jpg.chip.jpg,26,Male,Black
2_1_0_20170109191520985.jpg.chip.jpg,2,Female,White
65_0_0_20170111210851993.jpg.chip.jpg,65,Male,White
30_0_2_20170116192359839.jpg.chip.jpg,30,Male,Asian
35_1_0_20170103182149977.jpg.chip.jpg,35,Female,White
8_1_0_20170109204756399.jpg.chip.jpg,8,Female,White
38_0_2_20170109002407221.jpg.chip.jpg,38,Male,Asian
26_1_2_20170116184151568.jpg.chip.jpg,26,Female,Asian
45_0_3_20170119194525986.jpg.chip.jpg,45,Male,Indian
26_1_2_20170116184520573.jpg.chip.jpg,26,Female,Asian
70_0_0_20170111200707164.jpg.chip.jpg,70,Male,White
8_1_0_20170117175940947.jpg.chip.jpg,8,Female,White
2_0_2_20161219221937375.jpg.chip.jpg,2,Male,Asian
29_1_1_20170117132637271.jpg.chip.jpg,29,Female,Black
38_0_1_20170116195906275.jpg.chip.jpg,38,Male,Black
50_0_3_20170113184235991.jpg.chip.jpg,50,Male,Indian
60_1_0_20170110160643720.jpg.chip.jpg,60,Female,White
26_1_0_20170117152609260.jpg.chip.jpg,26,Female,White
1_0_4_20161221192552629.jpg.chip.jpg,1,Male,Others
3_1_0_20170110213238474.jpg.chip.jpg,3,Female,White
54_1_3_20170109150539338.jpg.chip.jpg,54,Female,Indian
26_1_3_20170117174047894.jpg.chip.jpg,26,Female,Indian
6_1_0_20170109193722375.jpg.chip.jpg,6,Female,White
50_0_1_20170113185435080.jpg.chip.jpg,50,Male,Black
36_1_1_20170117184339851.jpg.chip.jpg,36,Female,Black
58_0_1_20170113175352418.jpg.chip.jpg,58,Male,Black
29_1_2_20170116191209449.jpg.chip.jpg,29,Female,Asian
40_0_0_20170117134704557.jpg.chip.jpg,40,Male,White
2_1_4_20161221203029673.jpg.chip.jpg,2,Female,Others
36_1_2_20170119164406148.jpg.chip.jpg,36,Female,Asian
14_1_0_20170109212749213.jpg.chip.jpg,14,Female,White
70_0_3_20170119184325439.jpg.chip.jpg,70,Male,Indian
6_1_3_20170104222751249.jpg.chip.jpg,6,Female,Indian
60_1_1_20170112210519379.jpg.chip.jpg,60,Female,Black
23_1_4_20170103233611875.jpg.chip.jpg,23,Female,Others
3_1_2_20161219151926867.jpg.chip.jpg,3,Female,Asian
40_1_1_20170113001728994.jpg.chip.jpg,40,Female,Black
36_0_3_20170104220656317.jpg.chip.jpg,36,Male,Indian
26_0_1_20170116003707203.jpg.chip.jpg,26,Male,Black
28_1_1_20170117022158414.jpg.chip.jpg,28,Female,Black
28_0_4_20170105162459467.jpg.chip.jpg,28,Male,Others
39_0_1_20170116143117964.jpg.chip.jpg,39,Male,Black
36_1_0_20170103181817489.jpg.chip.jpg,36,Female,White
10_0_0_20170110220033115.jpg.chip.jpg,10,Male,White
29_0_1_20170116002932698.jpg.chip.jpg,29,Male,Black
35_0_0_20170117144017811.jpg.chip.jpg,35,Male,White
28_1_2_20170116190143221.jpg.chip.jpg,28,Female,Asian
39_1_1_20170113012244528.jpg.chip.jpg,39,Female,Black
26_0_0_20170117172928270.jpg.chip.jpg,26,Male,White
1_0_0_20170110213748813.jpg.chip.jpg,1,Male,White
19_0_1_20170113132632417.jpg.chip.jpg,19,Male,Black
54_0_1_20170117173258493.jpg.chip.jpg,54,Male,Black
35_0_2_20170116173616956.jpg.chip.jpg,35,Male,Asian
21_0_2_20170107213417643.jpg.chip.jpg,21,Male,Asian
35_1_0_20170117191336914.jpg.chip.jpg,35,Female,White
16_1_4_20170103233333235.jpg.chip.jpg,16,Female,Others
28_1_3_20170104223216158.jpg.chip.jpg,28,Female,Indian
21_1_0_20170116220441404.jpg.chip.jpg,21,Female,White
16_0_0_20170110232450588.jpg.chip.jpg,16,Male,White
10_0_0_20170117175625724.jpg.chip.jpg,10,Male,White
52_1_0_20170110123807882.jpg.chip.jpg,52,Female,White
28_0_1_20170104202028882.jpg.chip.jpg,28,Male,Black
23_1_2_20170116172852744.jpg.chip.jpg,23,Female,Asian
26_0_1_20170113135339953.jpg.chip.jpg,26,Male,Black
23_0_0_20170116221722978.jpg.chip.jpg,23,Male,White
26_0_4_20170117195754045.jpg.chip.jpg,26,Male,Others
33_1_3_20170104235523490.jpg.chip.jpg,33,Female,Indian
34_0_0_20170117141513036.jpg.chip.jpg,34,Male,White
55_0_0_20170104205336259.jpg.chip.jpg,55,Male,White
39_1_0_20170117185231233.jpg.chip.jpg,39,Female,White
55_0_3_20170117175457824.jpg.chip.jpg,55,Male,Indian
26_1_1_20170113000647442.jpg.chip.jpg,26,Female,Black
15_0_3_20170104225906465.jpg.chip.jpg,15,Male,Indian
62_1_0_20170110173800240.jpg.chip.jpg,62,Female,White
54_1_1_20170120223626558.jpg.chip.jpg,54,Female,Black
67_0_0_20170105172950852.jpg.chip.jpg,67,Male,White
35_1_4_20170117194818924.jpg.chip.jpg,35,Female,Others
26_0_0_20170117172153925.jpg.chip.jpg,26,Male,White
55_0_3_20170119183211767.jpg.chip.jpg,55,Male,Indian
26_0_0_20170116215855605.jpg.chip.jpg,26,Male,White
27_1_0_20170117175939676.jpg.chip.jpg,27,Female,White
23_0_3_20170116221643369.jpg.chip.jpg,23,Male,Indian
43_1_4_20170117204025030.jpg.chip.jpg,43,Female,Others
45_0_1_20170113181825862.jpg.chip.jpg,45,Male,Black
64_1_0_20170104171502307.jpg.chip.jpg,64,Female,White
3_1_4_20161221201441793.jpg.chip.jpg,3,Female,Others
27_0_0_20170117144505322.jpg.chip.jpg,27,Male,White
58_0_0_20170104184709517.jpg.chip.jpg,58,Male,White
18_1_0_20170103201500071.jpg.chip.jpg,18,Female,White
55_0_0_20170120223717438.jpg.chip.jpg,55,Male,White
27_0_0_20170116215525646.jpg.chip.jpg,27,Male,White
48_0_0_20170116222136433.jpg.chip.jpg,48,Male,White
22_1_1_20170113010358791.jpg.chip.jpg,22,Female,Black
1_0_2_20161219195639772.jpg.chip.jpg,1,Male,Asian
17_1_4_20170103222920542.jpg.chip.jpg,17,Female,Others
62_1_0_20170110180540639.jpg.chip.jpg,62,Female,White
26_1_0_20170116184604799.jpg.chip.jpg,26,Female,White
14_0_0_20170117150204180.jpg.chip.jpg,14,Male,White
24_1_2_20170116173550213.jpg.chip.jpg,24,Female,Asian
28_1_0_20170105164921188.jpg.chip.jpg,28,Female,White
28_1_0_20170116000542977.jpg.chip.jpg,28,Female,White
34_1_1_20170116172030437.jpg.chip.jpg,34,Female,Black
27_0_3_20170119193212770.jpg.chip.jpg,27,Male,Indian
24_1_1_20170112192904237.jpg.chip.jpg,24,Female,Black
26_1_2_20170116182218057.jpg.chip.jpg,26,Female,Asian
73_0_1_20170117195318257.jpg.chip.jpg,73,Male,Black
32_0_4_20170117140145171.jpg.chip.jpg,32,Male,Others
29_1_4_20170103224739152.jpg.chip.jpg,29,Female,Others
79_0_2_20170112223937939.jpg.chip.jpg,79,Male,Asian
21_1_0_20170117142612442.jpg.chip.jpg,21,Female,White
19_1_4_20170103234123155.jpg.chip.jpg,19,Female,Others
52_0_3_20170119205708991.jpg.chip.jpg,52,Male,Indian
26_1_1_20170116224151345.jpg.chip.jpg,26,Female,Black
41_1_1_20170117021604893.jpg.chip.jpg,41,Female,Black
35_0_0_20170117123744051.jpg.chip.jpg,35,Male,White
14_0_0_20170110231657425.jpg.chip.jpg,14,Male,White
26_1_3_20170119193150571.jpg.chip.jpg,26,Female,Indian
9_1_3_20161220222856346.jpg.chip.jpg,9,Female,Indian
24_1_2_20170116165947925.jpg.chip.jpg,24,Female,Asian
21_1_0_20170116215708125.jpg.chip.jpg,21,Female,White
45_0_0_20170113183730823.jpg.chip.jpg,45,Male,White
23_0_3_20170119164314853.jpg.chip.jpg,23,Male,Indian
32_0_1_20170113135300458.jpg.chip.jpg,32,Male,Black
24_1_2_20170116164545482.jpg.chip.jpg,24,Female,Asian
40_0_3_20170119154448251.jpg.chip.jpg,40,Male,Indian
1_0_0_20170110205418587.jpg.chip.jpg,1,Male,White
5_0_0_20170110220049707.jpg.chip.jpg,5,Male,White
49_1_1_20170110153320156.jpg.chip.jpg,49,Female,Black
22_1_4_20170112233623976.jpg.chip.jpg,22,Female,Others
42_0_0_20170104204628725.jpg.chip.jpg,42,Male,White
26_1_1_20170116233044289.jpg.chip.jpg,26,Female,Black
24_0_4_20170117194350012.jpg.chip.jpg,24,Male,Others
27_0_1_20170113000907378.jpg.chip.jpg,27,Male,Black
1_0_4_20170103202334544.jpg.chip.jpg,1,Male,Others
61_0_0_20170120225132849.jpg.chip.jpg,61,Male,White
22_1_3_20170119162920653.jpg.chip.jpg,22,Female,Indian
60_1_0_20170110141759687.jpg.chip.jpg,60,Female,White
65_0_1_20170117171258523.jpg.chip.jpg,65,Male,Black
41_1_4_20170104204946628.jpg.chip.jpg,41,Female,Others
54_0_0_20170105173614957.jpg.chip.jpg,54,Male,White
28_1_0_20170116211814489.jpg.chip.jpg,28,Female,White
25_0_3_20170119171615136.jpg.chip.jpg,25,Male,Indian
30_0_0_20170105164559132.jpg.chip.jpg,30,Male,White
1_1_0_20161219203021180.jpg.chip.jpg,1,Female,White
75_0_2_20170112205449036.jpg.chip.jpg,75,Male,Asian
30_0_1_20170113173357107.jpg.chip.jpg,30,Male,Black
60_1_0_20170110140651218.jpg.chip.jpg,60,Female,White
35_0_0_20170117200544166.jpg.chip.jpg,35,Male,White
26_1_3_20170119193117522.jpg.chip.jpg,26,Female,Indian
25_0_0_20170116201844624.jpg.chip.jpg,25,Male,White
27_0_4_20170117010754780.jpg.chip.jpg,27,Male,Others
1_1_1_20170109194626438.jpg.chip.jpg,1,Female,Black
26_0_2_20170116165341590.jpg.chip.jpg,26,Male,Asian
34_1_4_20170103182156641.jpg.chip.jpg,34,Female,Others
35_0_2_20170116182223485.jpg.chip.jpg,35,Male,Asian
45_1_3_20170119171411898.jpg.chip.jpg,45,Female,Indian
30_1_2_20170117154700223.jpg.chip.jpg,30,Female,Asian
34_0_0_20170116232429422.jpg.chip.jpg,34,Male,White
4_0_0_20170110205349508.jpg.chip.jpg,4,Male,White
7_0_0_20170110224429257.jpg.chip.jpg,7,Male,White
38_1_2_20170116162028800.jpg.chip.jpg,38,Female,Asian
23_1_0_20170117194248629.jpg.chip.jpg,23,Female,White
24_1_2_20170116170015633.jpg.chip.jpg,24,Female,Asian
16_1_3_20170104222208647.jpg.chip.jpg,16,Female,Indian
27_0_1_20170117010204286.jpg.chip.jpg,27,Male,Black
42_1_2_20170104204657182.jpg.chip.jpg,42,Female,Asian
28_1_0_20170117204457679.jpg.chip.jpg,28,Female,White
41_1_1_20170117203858971.jpg.chip.jpg,41,Female,Black
26_0_1_20170116153040656.jpg.chip.jpg,26,Male,Black
40_1_1_20170113001541188.jpg.chip.jpg,40,Female,Black
16_1_0_20170109214342165.jpg.chip.jpg,16,Female,White
28_1_1_20170116223115624.jpg.chip.jpg,28,Female,Black
38_0_1_20170117185831737.jpg.chip.jpg,38,Male,Black
14_0_1_20170116205529704.jpg.chip.jpg,14,Male,Black
50_0_0_20170105161353395.jpg.chip.jpg,50,Male,White
6_1_1_20170109193902904.jpg.chip.jpg,6,Female,Black
58_0_1_20170117204657521.jpg.chip.jpg,58,Male,Black
1_1_3_20161220220157201.jpg.chip.jpg,1,Female,Indian
62_0_1_20170116204827125.jpg.chip.jpg,62,Male,Black
43_0_0_20170119152313480.jpg.chip.jpg,43,Male,White
24_1_3_20170104234737428.jpg.chip.jpg,24,Female,Indian
35_0_1_20170113151604904.jpg.chip.jpg,35,Male,Black
36_0_0_20170116002809469.jpg.chip.jpg,36,Male,White
26_1_3_20170119193149338.jpg.chip.jpg,26,Female,Indian
34_0_1_20170116202024648.jpg.chip.jpg,34,Male,Black
40_0_2_20170112003844676.jpg.chip.jpg,40,Male,Asian
26_0_2_20170119184042373.jpg.chip.jpg,26,Male,Asian
4_0_0_20170110213325187.jpg.chip.jpg,4,Male,White
29_0_2_20170116173703903.jpg.chip.jpg,29,Male,Asian
36_0_3_20170117183310510.jpg.chip.jpg,36,Male,Indian
27_1_1_20170117014022812.jpg.chip.jpg,27,Female,Black
28_0_3_20170119194920547.jpg.chip.jpg,28,Male,Indian
28_0_0_20170117180520264.jpg.chip.jpg,28,Male,White
30_0_2_20170116172833941.jpg.chip.jpg,30,Male,Asian
37_0_3_20170119202236501.jpg.chip.jpg,37,Male,Indian
18_0_3_20170117153126523.jpg.chip.jpg,18,Male,Indian
26_0_1_20170117195800999.jpg.chip.jpg,26,Male,Black
32_0_0_20170108234529525.jpg.chip.jpg,32,Male,White
35_0_1_20170116022038426.jpg.chip.jpg,35,Male,Black
7_0_0_20170110225109143.jpg.chip.jpg,7,Male,White
25_1_3_20170104234944475.jpg.chip.jpg,25,Female,Indian
55_0_3_20170119171327855.jpg.chip.jpg,55,Male,Indian
4_0_3_20161220223111195.jpg.chip.jpg,4,Male,Indian
27_1_1_20170116171146677.jpg.chip.jpg,27,Female,Black
29_1_1_20170117123750232.jpg.chip.jpg,29,Female,Black
25_1_1_20170112205156233.jpg.chip.jpg,25,Female,Black
39_1_0_20170104210047180.jpg.chip.jpg,39,Female,White
23_1_2_20170107213827250.jpg.chip.jpg,23,Female,Asian
1_1_0_20170109191449860.jpg.chip.jpg,1,Female,White
5_0_1_20170116030347859.jpg.chip.jpg,5,Male,Black
70_1_0_20170111202338431.jpg.chip.jpg,70,Female,White
54_1_3_20170119202248869.jpg.chip.jpg,54,Female,Indian
24_0_1_20170113195616175.jpg.chip.jpg,24,Male,Black
38_1_0_20170116211611769.jpg.chip.jpg,38,Female,White
26_1_2_20170116184821778.jpg.chip.jpg,26,Female,Asian
40_1_1_20170116164046542.jpg.chip.jpg,40,Female,Black
25_1_1_20170112230445064.jpg.chip.jpg,25,Female,Black
13_0_0_20170104012531409.jpg.chip.jpg,13,Male,White
8_1_0_20170109204605797.jpg.chip.jpg,8,Female,White
26_0_4_20170117153025829.jpg.chip.jpg,26,Male,Others
34_1_1_20170114033230436.jpg.chip.jpg,34,Female,Black
24_1_3_20170104223049680.jpg.chip.jpg,24,Female,Indian
55_0_0_20170117155520701.jpg.chip.jpg,55,Male,White
47_1_4_20170104181336102.jpg.chip.jpg,47,Female,Others
50_0_1_20170120221000756.jpg.chip.jpg,50,Male,Black
26_1_1_20170116231923179.jpg.chip.jpg,26,Female,Black
9_0_0_20170110224738342.jpg.chip.jpg,9,Male,White
32_0_0_20170116210057148.jpg.chip.jpg,32,Male,White
40_0_1_20170116203957000.jpg.chip.jpg,40,Male,Black
3_0_2_20170110212616630.jpg.chip.jpg,3,Male,Asian
1_0_3_20161220144429119.jpg.chip.jpg,1,Male,Indian
68_1_0_20170110175345439.jpg.chip.jpg,68,Female,White
27_1_0_20170117202238951.jpg.chip.jpg,27,Female,White
60_0_0_20170116224754077.jpg.chip.jpg,60,Male,White
16_0_0_20170110231646278.jpg.chip.jpg,16,Male,White
26_0_3_20170119180345268.jpg.chip.jpg,26,Male,Indian
40_0_4_20170117203834424.jpg.chip.jpg,40,Male,Others
5_1_3_20161220145018152.jpg.chip.jpg,5,Female,Indian
49_1_0_20170104185000777.jpg.chip.jpg,49,Female,White
4_0_0_20170105183540567.jpg.chip.jpg,4,Male,White
40_0_0_20170117134702038.jpg.chip.jpg,40,Male,White
38_0_1_20170113151753966.jpg.chip.jpg,38,Male,Black
1_1_2_20161219210327381.jpg.chip.jpg,1,Female,Asian
5_0_2_20170109193500519.jpg.chip.jpg,5,Male,Asian
50_0_0_20170104212142572.jpg.chip.jpg,50,Male,White
16_0_0_20170110231815815.jpg.chip.jpg,16,Male,White
55_0_3_20170119194918107.jpg.chip.jpg,55,Male,Indian
21_1_0_20170105183508735.jpg.chip.jpg,21,Female,White
38_0_0_20170116190022195.jpg.chip.jpg,38,Male,White
26_1_2_20170116184149022.jpg.chip.jpg,26,Female,Asian
59_0_0_20170104002111294.jpg.chip.jpg,59,Male,White
28_0_0_20170116220747543.jpg.chip.jpg,28,Male,White
47_0_1_20170117021247110.jpg.chip.jpg,47,Male,Black
26_0_0_20170113210127258.jpg.chip.jpg,26,Male,White
62_1_0_20170110122421679.jpg.chip.jpg,62,Female,White
2_0_2_20161219190245843.jpg.chip.jpg,2,Male,Asian
55_1_1_20170113185105936.jpg.chip.jpg,55,Female,Black
27_1_2_20170116165450739.jpg.chip.jpg,27,Female,Asian
26_0_3_20170119180508068.jpg.chip.jpg,26,Male,Indian
1_1_4_20161223231311515.jpg.chip.jpg,1,Female,Others
32_0_0_20170113141839586.jpg.chip.jpg,32,Male,White
50_1_3_20170117185207623.jpg.chip.jpg,50,Female,Indian
16_0_0_20170110231520320.jpg.chip.jpg,16,Male,White
28_1_1_20170117020452350.jpg.chip.jpg,28,Female,Black
16_1_0_20170109212413425.jpg.chip.jpg,16,Female,White
25_1_3_20170119164527886.jpg.chip.jpg,25,Female,Indian
40_0_2_20170116183802085.jpg.chip.jpg,40,Male,Asian
55_0_0_20170120140655585.jpg.chip.jpg,55,Male,White
55_0_0_20170117191610740.jpg.chip.jpg,55,Male,White
47_0_0_20170117155944017.jpg.chip.jpg,47,Male,White
29_1_2_20170116223039250.jpg.chip.jpg,29,Female,Asian
56_1_1_20170110141650039.jpg.chip.jpg,56,Female,Black
24_1_3_20170119171104024.jpg.chip.jpg,24,Female,Indian
29_0_3_20170119164049077.jpg.chip.jpg,29,Male,Indian
60_0_0_20170116235438949.jpg.chip.jpg,60,Male,White
47_0_0_20170104210309196.jpg.chip.jpg,47,Male,White
70_1_0_20170120222630481.jpg.chip.jpg,70,Female,White
10_0_0_20170110220403810.jpg.chip.jpg,10,Male,White
23_1_3_20161220222123987.jpg.chip.jpg,23,Female,Indian
29_0_1_20170117104547721.jpg.chip.jpg,29,Male,Black
1_0_2_20161219204010237.jpg.chip.jpg,1,Male,Asian
35_0_0_20170117151841556.jpg.chip.jpg,35,Male,White
34_1_0_20170103183211424.jpg.chip.jpg,34,Female,White
26_0_1_20170113134808970.jpg.chip.jpg,26,Male,Black
74_0_2_20170105174346668.jpg.chip.jpg,74,Male,Asian
80_1_0_20170110131703927.jpg.chip.jpg,80,Female,White
54_1_3_20170117191109210.jpg.chip.jpg,54,Female,Indian
5_1_3_20161220142912096.jpg.chip.jpg,5,Female,Indian
60_1_1_20170112230424534.jpg.chip.jpg,60,Female,Black
30_1_3_20170117144459082.jpg.chip.jpg,30,Female,Indian
47_0_1_20170117172015693.jpg.chip.jpg,47,Male,Black
26_0_4_20170103235523972.jpg.chip.jpg,26,Male,Others
48_0_0_20170120134009260.jpg.chip.jpg,48,Male,White
53_1_0_20170103183702714.jpg.chip.jpg,53,Female,White
28_0_0_20170116213506025.jpg.chip.jpg,28,Male,White
25_1_0_20170116165638421.jpg.chip.jpg,25,Female,White
75_0_0_20170111204348525.jpg.chip.jpg,75,Male,White
26_0_4_20170103235020885.jpg.chip.jpg,26,Male,Others
46_0_1_20170117182528088.jpg.chip.jpg,46,Male,Black
68_1_0_20170110141522160.jpg.chip.jpg,68,Female,White
75_1_0_20170109150808608.jpg.chip.jpg,75,Female,White
38_1_3_20170105002602973.jpg.chip.jpg,38,Female,Indian
60_0_2_20170116192718318.jpg.chip.jpg,60,Male,Asian
35_0_4_20170104192501919.jpg.chip.jpg,35,Male,Others
28_1_1_20170116013959188.jpg.chip.jpg,28,Female,Black
25_0_0_20170119171135792.jpg.chip.jpg,25,Male,White
45_0_3_20170119171336179.jpg.chip.jpg,45,Male,Indian
26_0_3_20170119180905795.jpg.chip.jpg,26,Male,Indian
9_0_0_20170110220510618.jpg.chip.jpg,9,Male,White
31_1_4_20170117203041312.jpg.chip.jpg,31,Female,Others
14_1_0_20170104005937407.jpg.chip.jpg,14,Female,White
22_1_1_20170113195537459.jpg.chip.jpg,22,Female,Black
28_1_1_20170112231943575.jpg.chip.jpg,28,Female,Black
70_0_3_20170119205748663.jpg.chip.jpg,70,Male,Indian
53_0_0_20170111171747413.jpg.chip.jpg,53,Male,White
38_0_4_20170104174520099.jpg.chip.jpg,38,Male,Others
35_1_2_20170116191844463.jpg.chip.jpg,35,Female,Asian
28_1_1_20170117022232281.jpg.chip.jpg,28,Female,Black
3_1_2_20161219141659416.jpg.chip.jpg,3,Female,Asian
28_1_4_20170117202606048.jpg.chip.jpg,28,Female,Others
24_1_0_20170103180601840.jpg.chip.jpg,24,Female,White
53_0_0_20170111205031079.jpg.chip.jpg,53,Male,White
26_1_0_20170117173801797.jpg.chip.jpg,26,Female,White
1_0_2_20161219162726231.jpg.chip.jpg,1,Male,Asian
39_1_0_20170105001220803.jpg.chip.jpg,39,Female,White
8_1_2_20170109203456419.jpg.chip.jpg,8,Female,Asian
26_0_0_20170113210127408.jpg.chip.jpg,26,Male,White
59_0_0_20170104212933919.jpg.chip.jpg,59,Male,White
73_1_0_20170109220906926.jpg.chip.jpg,73,Female,White
65_0_1_20170117192046226.jpg.chip.jpg,65,Male,Black
27_1_1_20170116022001556.jpg.chip.jpg,27,Female,Black
30_1_2_20170116192334382.jpg.chip.jpg,30,Female,Asian
40_0_0_20170116224749117.jpg.chip.jpg,40,Male,White
45_1_1_20170112203850233.jpg.chip.jpg,45,Female,Black
53_0_3_20170119205914040.jpg.chip.jpg,53,Male,Indian
26_0_1_20170113152156561.jpg.chip.jpg,26,Male,Black
54_0_0_20170120223356317.jpg.chip.jpg,54,Male,White
60_0_3_20170117154151955.jpg.chip.jpg,60,Male,Indian
24_1_2_20170104020818270.jpg.chip.jpg,24,Female,Asian
28_1_0_20170117180706025.jpg.chip.jpg,28,Female,White
32_0_1_20170113134029255.jpg.chip.jpg,32,Male,Black
55_0_0_20170120223727206.jpg.chip.jpg,55,Male,White
5_1_0_20170109193656512.jpg.chip.jpg,5,Female,White
44_0_0_20170105172858549.jpg.chip.jpg,44,Male,White
34_0_0_20170109002826967.jpg.chip.jpg,34,Male,White
24_1_1_20170116022047558.jpg.chip.jpg,24,Female,Black
28_1_2_20170116164703724.jpg.chip.jpg,28,Female,Asian
12_1_2_20170117194013371.jpg.chip.jpg,12,Female,Asian
66_0_0_20170105173731829.jpg.chip.jpg,66,Male,White
52_0_3_20170104220841902.jpg.chip.jpg,52,Male,Indian
28_1_2_20170104020746876.jpg.chip.jpg,28,Female,Asian
29_0_0_20170104202110730.jpg.chip.jpg,29,Male,White
26_0_2_20170116175845872.jpg.chip.jpg,26,Male,Asian
9_0_1_20170110215500987.jpg.chip.jpg,9,Male,Black
26_1_2_20170116184245342.jpg.chip.jpg,26,Female,Asian
32_1_1_20170116223034191.jpg.chip.jpg,32,Female,Black
29_1_1_20170116012146662.jpg.chip.jpg,29,Female,Black
44_1_0_20170117190014098.jpg.chip.jpg,44,Female,White
26_0_3_20170119183349949.jpg.chip.jpg,26,Male,Indian
50_0_0_20170117160624326.jpg.chip.jpg,50,Male,White
5_1_2_20161219142641921.jpg.chip.jpg,5,Female,Asian
28_0_1_20170113155441306.jpg.chip.jpg,28,Male,Black
29_1_1_20170113012615177.jpg.chip.jpg,29,Female,Black
1_0_2_20161219192733154.jpg.chip.jpg,1,Male,Asian
35_0_0_20170105172518557.jpg.chip.jpg,35,Male,White
55_0_1_20170116010914457.jpg.chip.jpg,55,Male,Black
6_1_3_20170104221718143.jpg.chip.jpg,6,Female,Indian
21_0_4_20170117141839865.jpg.chip.jpg,21,Male,Others
40_1_0_20170104183630718.jpg.chip.jpg,40,Female,White
75_0_1_20170111210115928.jpg.chip.jpg,75,Male,Black
65_0_0_20170111204905982.jpg.chip.jpg,65,Male,White
32_1_0_20170116220851784.jpg.chip.jpg,32,Female,White
1_1_0_20161219202919508.jpg.chip.jpg,1,Female,White
3_1_0_20170109192420753.jpg.chip.jpg,3,Female,White
52_1_0_20170117161058646.jpg.chip.jpg,52,Female,White
31_1_0_20170105162708403.jpg.chip.jpg,31,Female,White
33_0_3_20170119200537548.jpg.chip.jpg,33,Male,Indian
58_0_0_20170117173317568.jpg.chip.jpg,58,Male,White
13_1_0_20170109205237062.jpg.chip.jpg,13,Female,White
16_1_0_20170109212802540.jpg.chip.jpg,16,Female,White
26_1_3_20170104214715278.jpg.chip.jpg,26,Female,Indian
54_0_0_20170104184100878.jpg.chip.jpg,54,Male,White
50_0_0_20170116232945236.jpg.chip.jpg,50,Male,White
8_1_0_20170120230542954.jpg.chip.jpg,8,Female,White
26_0_3_20170119180536092.jpg.chip.jpg,26,Male,Indian
12_1_0_20170109204241570.jpg.chip.jpg,12,Female,White
24_1_4_20170103223911478.jpg.chip.jpg,24,Female,Others
46_0_0_20170117172149820.jpg.chip.jpg,46,Male,White
4_1_4_20161223231735684.jpg.chip.jpg,4,Female,Others
26_0_3_20170117154746934.jpg.chip.jpg,26,Male,Indian
40_0_0_20170116212312565.jpg.chip.jpg,40,Male,White
28_1_1_20170116234442332.jpg.chip.jpg,28,Female,Black
21_1_3_20170104222121713.jpg.chip.jpg,21,Female,Indian
26_0_3_20170104230400274.jpg.chip.jpg,26,Male,Indian
2_1_4_20161221202644800.jpg.chip.jpg,2,Female,Others
23_0_2_20170116173007268.jpg.chip.jpg,23,Male,Asian
56_1_0_20170110153255801.jpg.chip.jpg,56,Female,White
35_0_4_20170117152542891.jpg.chip.jpg,35,Male,Others
30_1_1_20170117123929050.jpg.chip.jpg,30,Female,Black
36_0_0_20170104201153985.jpg.chip.jpg,36,Male,White
62_0_0_20170120134411415.jpg.chip.jpg,62,Male,White
78_0_0_20170111210454101.jpg.chip.jpg,78,Male,White
19_1_3_20170119145633822.jpg.chip.jpg,19,Female,Indian
30_0_3_20170119195818732.jpg.chip.jpg,30,Male,Indian
65_0_2_20170112222023530.jpg.chip.jpg,65,Male,Asian
60_0_0_20170111195408393.jpg.chip.jpg,60,Male,White
27_1_1_20170117013828981.jpg.chip.jpg,27,Female,Black
24_0_2_20170119165700590.jpg.chip.jpg,24,Male,Asian
37_0_3_20170119202301349.jpg.chip.jpg,37,Male,Indian
34_0_0_20170105164139508.jpg.chip.jpg,34,Male,White
26_0_3_20170117154708157.jpg.chip.jpg,26,Male,Indian
54_0_3_20170119210128472.jpg.chip.jpg,54,Male,Indian
34_0_0_20170104191711254.jpg.chip.jpg,34,Male,White
4_1_0_20170110213257550.jpg.chip.jpg,4,Female,White
25_1_0_20170103181306464.jpg.chip.jpg,25,Female,White
29_0_0_20170107212101093.jpg.chip.jpg,29,Male,White
26_1_0_20170112235918563.jpg.chip.jpg,26,Female,White
18_1_3_20170117135716054.jpg.chip.jpg,18,Female,Indian
8_1_0_20170109201107015.jpg.chip.jpg,8,Female,White
10_1_0_20170109203245653.jpg.chip.jpg,10,Female,White
36_0_4_20170104000906228.jpg.chip.jpg,36,Male,Others
15_0_0_20170110232311158.jpg.chip.jpg,15,Male,White
22_1_2_20170104021444541.jpg.chip.jpg,22,Female,Asian
25_0_1_20170116205628998.jpg.chip.jpg,25,Male,Black
35_1_1_20170116173118874.jpg.chip.jpg,35,Female,Black
30_1_0_20170117131108776.jpg.chip.jpg,30,Female,White
28_1_4_20170105164121996.jpg.chip.jpg,28,Female,Others
31_1_0_20170104172947139.jpg.chip.jpg,31,Female,White
1_1_4_20161221202018329.jpg.chip.jpg,1,Female,Others
27_0_3_20170119164157678.jpg.chip.jpg,27,Male,Indian
40_0_0_20170117133705952.jpg.chip.jpg,40,Male,White
14_0_0_20170102234854353.jpg.chip.jpg,14,Male,White
26_1_1_20170112204726835.jpg.chip.jpg,26,Female,Black
54_0_0_20170111222018526.jpg.chip.jpg,54,Male,White
52_0_0_20170104212249957.jpg.chip.jpg,52,Male,White
10_1_0_20170109203759972.jpg.chip.jpg,10,Female,White
37_1_0_20170117140027921.jpg.chip.jpg,37,Female,White
29_0_0_20170117171827563.jpg.chip.jpg,29,Male,White
16_0_0_20170110232528586.jpg.chip.jpg,16,Male,White
56_0_1_20170113154918011.jpg.chip.jpg,56,Male,Black
26_1_1_20170116153234172.jpg.chip.jpg,26,Female,Black
25_0_3_20170119171838017.jpg.chip.jpg,25,Male,Indian
7_0_2_20161219190141683.jpg.chip.jpg,7,Male,Asian
2_1_4_20170103213317172.jpg.chip.jpg,2,Female,Others
8_1_0_20170109203314749.jpg.chip.jpg,8,Female,White
46_1_1_20170112215250704.jpg.chip.jpg,46,Female,Black
31_0_0_20170113210319237.jpg.chip.jpg,31,Male,White
30_1_1_20170114033246944.jpg.chip.jpg,30,Female,Black
53_0_0_20170105163552388.jpg.chip.jpg,53,Male,White
4_0_0_20170110212844605.jpg.chip.jpg,4,Male,White
34_0_3_20170119152328504.jpg.chip.jpg,34,Male,Indian
40_1_0_20170104183639757.jpg.chip.jpg,40,Female,White
17_0_1_20170110232231513.jpg.chip.jpg,17,Male,Black
24_0_2_20170116163417424.jpg.chip.jpg,24,Male,Asian
39_0_4_20170104202054058.jpg.chip.jpg,39,Male,Others
39_1_1_20170112235246130.jpg.chip.jpg,39,Female,Black
48_0_0_20170120134446448.jpg.chip.jpg,48,Male,White
36_1_1_20170113012408913.jpg.chip.jpg,36,Female,Black
44_1_1_20170112192324382.jpg.chip.jpg,44,Female,Black
34_0_0_20170116193401057.jpg.chip.jpg,34,Male,White
23_0_3_20170119163841604.jpg.chip.jpg,23,Male,Indian
8_0_0_20170110220159954.jpg.chip.jpg,8,Male,White
26_1_0_20170104165749289.jpg.chip.jpg,26,Female,White
58_0_0_20170120225226444.jpg.chip.jpg,58,Male,White
23_1_2_20170116172848833.jpg.chip.jpg,23,Female,Asian
1_0_2_20161219155413397.jpg.chip.jpg,1,Male,Asian
24_1_2_20170116174413898.jpg.chip.jpg,24,Female,Asian
20_1_0_20170105184054896.jpg.chip.jpg,20,Female,White
26_0_0_20170116215521714.jpg.chip.jpg,26,Male,White
58_0_0_20170120224028072.jpg.chip.jpg,58,Male,White
30_0_1_20170117140615401.jpg.chip.jpg,30,Male,Black
47_0_4_20170103230236105.jpg.chip.jpg,47,Male,Others
8_0_1_20170113132601079.jpg.chip.jpg,8,Male,Black
55_0_0_20170113190612249.jpg.chip.jpg,55,Male,White
26_1_1_20170117141807232.jpg.chip.jpg,26,Female,Black
48_0_0_20170120222650520.jpg.chip.jpg,48,Male,White
1_1_4_20161221194943920.jpg.chip.jpg,1,Female,Others
24_1_2_20170104021011429.jpg.chip.jpg,24,Female,Asian
40_1_3_20170104220757598.jpg.chip.jpg,40,Female,Indian
30_0_3_20170117120952923.jpg.chip.jpg,30,Male,Indian
41_0_1_20170117173648607.jpg.chip.jpg,41,Male,Black
20_1_1_20170117132642224.jpg.chip.jpg,20,Female,Black
26_1_0_20170103180546928.jpg.chip.jpg,26,Female,White
2_1_2_20161219151225811.jpg.chip.jpg,2,Female,Asian
37_1_0_20170103163508220.jpg.chip.jpg,37,Female,White
56_1_1_20170116234821191.jpg.chip.jpg,56,Female,Black
12_1_0_20170102234319611.jpg.chip.jpg,12,Female,White
56_0_3_20170113190651833.jpg.chip.jpg,56,Male,Indian
55_0_0_20170105161419947.jpg.chip.jpg,55,Male,White
17_0_3_20170104225736449.jpg.chip.jpg,17,Male,Indian
26_1_0_20170116234644899.jpg.chip.jpg,26,Female,White
9_0_0_20170110220058915.jpg.chip.jpg,9,Male,White
26_1_0_20170116234614748.jpg.chip.jpg,26,Female,White
24_1_2_20170104020244348.jpg.chip.jpg,24,Female,Asian
28_1_4_20170117202538583.jpg.chip.jpg,28,Female,Others
43_0_0_20170117171851443.jpg.chip.jpg,43,Male,White
26_0_0_20170117195617829.jpg.chip.jpg,26,Male,White
26_0_0_20170113135451673.jpg.chip.jpg,26,Male,White
15_1_1_20170112210325253.jpg.chip.jpg,15,Female,Black
22_1_1_20170116162315750.jpg.chip.jpg,22,Female,Black
3_1_4_20161221201429017.jpg.chip.jpg,3,Female,Others
24_1_1_20170112233321383.jpg.chip.jpg,24,Female,Black
47_0_3_20170119183143206.jpg.chip.jpg,47,Male,Indian
26_0_1_20170116025854980.jpg.chip.jpg,26,Male,Black
14_0_0_20170110231557039.jpg.chip.jpg,14,Male,White
3_1_2_20161219141746993.jpg.chip.jpg,3,Female,Asian
36_0_2_20170116191943513.jpg.chip.jpg,36,Male,Asian
24_1_2_20170116164628750.jpg.chip.jpg,24,Female,Asian
28_1_2_20170116163844508.jpg.chip.jpg,28,Female,Asian
42_0_0_20170117185637738.jpg.chip.jpg,42,Male,White
32_0_0_20170117133448148.jpg.chip.jpg,32,Male,White
67_0_0_20170120225145905.jpg.chip.jpg,67,Male,White
21_1_2_20170116171659893.jpg.chip.jpg,21,Female,Asian
70_0_2_20170116173622688.jpg.chip.jpg,70,Male,Asian
15_1_4_20170103233304142.jpg.chip.jpg,15,Female,Others
80_1_1_20170117193146273.jpg.chip.jpg,80,Female,Black
9_0_0_20170110220133114.jpg.chip.jpg,9,Male,White
26_0_1_20170113134328745.jpg.chip.jpg,26,Male,Black
54_0_0_20170104212353780.jpg.chip.jpg,54,Male,White
52_0_0_20170104200739706.jpg.chip.jpg,52,Male,White
21_1_0_20170109213908912.jpg.chip.jpg,21,Female,White
26_1_0_20170113210127127.jpg.chip.jpg,26,Female,White
35_0_0_20170117130944941.jpg.chip.jpg,35,Male,White
52_0_0_20170104210142444.jpg.chip.jpg,52,Male,White
55_0_3_20170119205329112.jpg.chip.jpg,55,Male,Indian
25_0_3_20170104214602149.jpg.chip.jpg,25,Male,Indian
29_1_1_20170116010545437.jpg.chip.jpg,29,Female,Black
49_1_0_20170104185034878.jpg.chip.jpg,49,Female,White
51_0_1_20170111200729699.jpg.chip.jpg,51,Male,Black
35_0_0_20170117130116812.jpg.chip.jpg,35,Male,White
35_0_3_20170119201026253.jpg.chip.jpg,35,Male,Indian
34_0_3_20170119164730142.jpg.chip.jpg,34,Male,Indian
38_1_1_20170117142941700.jpg.chip.jpg,38,Female,Black
26_1_0_20170113000016345.jpg.chip.jpg,26,Female,White
35_1_1_20170116020406238.jpg.chip.jpg,35,Female,Black
8_1_0_20170109204830640.jpg.chip.jpg,8,Female,White
24_1_0_20170116205900085.jpg.chip.jpg,24,Female,White
59_0_0_20170105173420933.jpg.chip.jpg,59,Male,White
35_1_1_20170117203407119.jpg.chip.jpg,35,Female,Black
40_1_0_20170116235449020.jpg.chip.jpg,40,Female,White
25_1_0_20170116223125337.jpg.chip.jpg,25,Female,White
26_0_1_20170116200945526.jpg.chip.jpg,26,Male,Black
3_1_2_20161219151111483.jpg.chip.jpg,3,Female,Asian
2_0_2_20161219161734262.jpg.chip.jpg,2,Male,Asian
35_0_0_20170120221029196.jpg.chip.jpg,35,Male,White
25_1_0_20170117193330822.jpg.chip.jpg,25,Female,White
29_1_1_20170112204807283.jpg.chip.jpg,29,Female,Black
26_1_3_20170119192127618.jpg.chip.jpg,26,Female,Indian
23_1_4_20170117194314062.jpg.chip.jpg,23,Female,Others
78_0_0_20170117184536534.jpg.chip.jpg,78,Male,White
5_1_1_20170104010044345.jpg.chip.jpg,5,Female,Black
22_0_1_20170113132348359.jpg.chip.jpg,22,Male,Black
9_0_0_20170110224835799.jpg.chip.jpg,9,Male,White
26_1_4_20170103224820592.jpg.chip.jpg,26,Female,Others
47_0_3_20170117190238883.jpg.chip.jpg,47,Male,Indian
50_0_0_20170117130056489.jpg.chip.jpg,50,Male,White
26_0_3_20170119192319953.jpg.chip.jpg,26,Male,Indian
34_1_0_20170116180053899.jpg.chip.jpg,34,Female,White
24_1_2_20170116174805466.jpg.chip.jpg,24,Female,Asian
23_0_2_20170116221013973.jpg.chip.jpg,23,Male,Asian
38_0_4_20170109011128798.jpg.chip.jpg,38,Male,Others
79_0_0_20170111222432817.jpg.chip.jpg,79,Male,White
1_0_2_20161220145040127.jpg.chip.jpg,1,Male,Asian
16_1_0_20170109213604149.jpg.chip.jpg,16,Female,White
30_1_1_20170115235628191.jpg.chip.jpg,30,Female,Black
61_0_1_20170117194609172.jpg.chip.jpg,61,Male,Black
63_0_0_20170120225701457.jpg.chip.jpg,63,Male,White
50_0_0_20170109010653014.jpg.chip.jpg,50,Male,White
24_1_2_20170116165445234.jpg.chip.jpg,24,Female,Asian
21_0_1_20170116030053264.jpg.chip.jpg,21,Male,Black
30_1_0_20170117181422492.jpg.chip.jpg,30,Female,White
47_0_0_20170117171447454.jpg.chip.jpg,47,Male,White
26_1_1_20170117202000565.jpg.chip.jpg,26,Female,Black
1_1_4_20161221192832972.jpg.chip.jpg,1,Female,Others
62_0_0_20170111222711250.jpg.chip.jpg,62,Male,White
50_1_3_20170117153134813.jpg.chip.jpg,50,Female,Indian
56_1_1_20170113012703776.jpg.chip.jpg,56,Female,Black
17_0_0_20170117193043124.jpg.chip.jpg,17,Male,White
25_1_0_20170105000610412.jpg.chip.jpg,25,Female,White
1_0_2_20161219160951502.jpg.chip.jpg,1,Male,Asian
18_1_0_20170117140252214.jpg.chip.jpg,18,Female,White
26_1_3_20170119192312545.jpg.chip.jpg,26,Female,Indian
28_0_2_20170116173230898.jpg.chip.jpg,28,Male,Asian
28_0_0_20170116194200664.jpg.chip.jpg,28,Male,White
1_1_0_20161219212433510.jpg.chip.jpg,1,Female,White
25_1_3_20170117185558985.jpg.chip.jpg,25,Female,Indian
26_1_2_20170116184131117.jpg.chip.jpg,26,Female,Asian
79_0_2_20170116194001100.jpg.chip.jpg,79,Male,Asian
34_0_4_20170117105033191.jpg.chip.jpg,34,Male,Others
1_1_4_20161221193743543.jpg.chip.jpg,1,Female,Others
63_1_0_20170109150950547.jpg.chip.jpg,63,Female,White
48_0_3_20170119205259311.jpg.chip.jpg,48,Male,Indian
40_0_3_20170117154652454.jpg.chip.jpg,40,Male,Indian
9_1_0_20170110224621441.jpg.chip.jpg,9,Female,White
28_1_0_20170116235010441.jpg.chip.jpg,28,Female,White
26_0_0_20170119180126156.jpg.chip.jpg,26,Male,White
46_1_0_20170110160643141.jpg.chip.jpg,46,Female,White
50_0_0_20170117190140770.jpg.chip.jpg,50,Male,White
56_1_0_20170110154129028.jpg.chip.jpg,56,Female,White
26_1_0_20170117201212293.jpg.chip.jpg,26,Female,White
24_1_1_20170112204648604.jpg.chip.jpg,24,Female,Black
3_1_0_20170109193047806.jpg.chip.jpg,3,Female,White
26_1_1_20170116233502567.jpg.chip.jpg,26,Female,Black
4_1_2_20161219190303315.jpg.chip.jpg,4,Female,Asian
42_1_4_20170103230535913.jpg.chip.jpg,42,Female,Others
27_1_0_20170117010407544.jpg.chip.jpg,27,Female,White
41_0_1_20170116183322571.jpg.chip.jpg,41,Male,Black
64_1_0_20170110131514547.jpg.chip.jpg,64,Female,White
40_0_1_20170113141623772.jpg.chip.jpg,40,Male,Black
75_0_0_20170111200622706.jpg.chip.jpg,75,Male,White
26_1_2_20170116184704425.jpg.chip.jpg,26,Female,Asian
33_0_3_20170119184235519.jpg.chip.jpg,33,Male,Indian
32_0_1_20170117135943245.jpg.chip.jpg,32,Male,Black
20_1_4_20170103224446743.jpg.chip.jpg,20,Female,Others
2_0_3_20161219230614992.jpg.chip.jpg,2,Male,Indian
62_0_0_20170111210530412.jpg.chip.jpg,62,Male,White
40_0_0_20170117203818313.jpg.chip.jpg,40,Male,White
25_0_3_20170117135721856.jpg.chip.jpg,25,Male,Indian
3_1_2_20161219141400280.jpg.chip.jpg,3,Female,Asian
17_1_1_20170114030019967.jpg.chip.jpg,17,Female,Black
31_0_3_20170117181555388.jpg.chip.jpg,31,Male,Indian
35_0_0_20170116180415475.jpg.chip.jpg,35,Male,White
26_1_0_20170117174638343.jpg.chip.jpg,26,Female,White
26_1_1_20170116160253328.jpg.chip.jpg,26,Female,Black
64_0_3_20170113182054044.jpg.chip.jpg,64,Male,Indian
58_0_3_20170119165822974.jpg.chip.jpg,58,Male,Indian
65_0_1_20170111195930473.jpg.chip.jpg,65,Male,Black
66_0_3_20170104213153549.jpg.chip.jpg,66,Male,Indian
29_1_1_20170112205213493.jpg.chip.jpg,29,Female,Black
51_0_3_20170119205613657.jpg.chip.jpg,51,Male,Indian
44_0_3_20170119195210483.jpg.chip.jpg,44,Male,Indian
15_1_4_20170103233208315.jpg.chip.jpg,15,Female,Others
63_0_0_20170120223438029.jpg.chip.jpg,63,Male,White
75_0_1_20170111211400077.jpg.chip.jpg,75,Male,Black
40_0_0_20170120221643832.jpg.chip.jpg,40,Male,White
47_1_3_20170119200858036.jpg.chip.jpg,47,Female,Indian
36_1_0_20170103183422618.jpg.chip.jpg,36,Female,White
2_1_3_20161219230145088.jpg.chip.jpg,2,Female,Indian
29_0_0_20170117104629440.jpg.chip.jpg,29,Male,White
45_0_0_20170117163357130.jpg.chip.jpg,45,Male,White
16_0_0_20170110232429214.jpg.chip.jpg,16,Male,White
54_0_3_20170119210217153.jpg.chip.jpg,54,Male,Indian
22_0_2_20170116220743409.jpg.chip.jpg,22,Male,Asian
29_1_0_20170103163303377.jpg.chip.jpg,29,Female,White
1_1_3_20161220143241765.jpg.chip.jpg,1,Female,Indian
29_1_0_20170105172818813.jpg.chip.jpg,29,Female,White
42_1_3_20170109132630643.jpg.chip.jpg,42,Female,Indian
1_0_3_20161220223250813.jpg.chip.jpg,1,Male,Indian
34_0_1_20170116030137215.jpg.chip.jpg,34,Male,Black
32_0_0_20170117133445162.jpg.chip.jpg,32,Male,White
60_1_1_20170113011739319.jpg.chip.jpg,60,Female,Black
27_1_2_20170116163611289.jpg.chip.jpg,27,Female,Asian
9_0_0_20170110225318820.jpg.chip.jpg,9,Male,White
1_1_0_20170109190538300.jpg.chip.jpg,1,Female,White
43_0_3_20170119181057511.jpg.chip.jpg,43,Male,Indian
76_1_2_20170112205409556.jpg.chip.jpg,76,Female,Asian
28_1_0_20170117202621022.jpg.chip.jpg,28,Female,White
38_1_1_20170113003456314.jpg.chip.jpg,38,Female,Black
42_1_0_20170109142131660.jpg.chip.jpg,42,Female,White
33_1_3_20170104235051234.jpg.chip.jpg,33,Female,Indian
66_1_0_20170110141754767.jpg.chip.jpg,66,Female,White
41_0_4_20170104205137196.jpg.chip.jpg,41,Male,Others
15_0_4_20170103201013615.jpg.chip.jpg,15,Male,Others
43_0_0_20170119163815846.jpg.chip.jpg,43,Male,White
39_1_0_20170117184938337.jpg.chip.jpg,39,Female,White
25_0_1_20170113151354352.jpg.chip.jpg,25,Male,Black
35_1_1_20170117154114285.jpg.chip.jpg,35,Female,Black
26_1_1_20170116155807484.jpg.chip.jpg,26,Female,Black
8_1_0_20170109203559320.jpg.chip.jpg,8,Female,White
25_0_3_20170117141539041.jpg.chip.jpg,25,Male,Indian
7_1_2_20161219204222117.jpg.chip.jpg,7,Female,Asian
31_0_0_20170113183712471.jpg.chip.jpg,31,Male,White
54_0_0_20170117191419939.jpg.chip.jpg,54,Male,White
64_0_0_20170117155544840.jpg.chip.jpg,64,Male,White
29_1_0_20170113012607249.jpg.chip.jpg,29,Female,White
8_1_0_20170104005606487.jpg.chip.jpg,8,Female,White
40_0_1_20170116201948808.jpg.chip.jpg,40,Male,Black
45_0_0_20170120220558289.jpg.chip.jpg,45,Male,White
64_0_0_20170104185632214.jpg.chip.jpg,64,Male,White
73_1_0_20170120225339921.jpg.chip.jpg,73,Female,White
21_0_2_20170103234754659.jpg.chip.jpg,21,Male,Asian
2_1_2_20161219211923782.jpg.chip.jpg,2,Female,Asian
1_0_3_20161219230224536.jpg.chip.jpg,1,Male,Indian
60_1_0_20170110152939871.jpg.chip.jpg,60,Female,White
15_0_3_20170104225525049.jpg.chip.jpg,15,Male,Indian
6_1_4_20161221200321777.jpg.chip.jpg,6,Female,Others
26_1_2_20170116184235976.jpg.chip.jpg,26,Female,Asian
24_1_3_20170119155454786.jpg.chip.jpg,24,Female,Indian
1_1_4_20170109191515501.jpg.chip.jpg,1,Female,Others
25_1_1_20170112215304176.jpg.chip.jpg,25,Female,Black
31_0_0_20170117191642900.jpg.chip.jpg,31,Male,White
3_1_3_20161219230121032.jpg.chip.jpg,3,Female,Indian
28_1_2_20170116192755650.jpg.chip.jpg,28,Female,Asian
24_1_2_20170116163702026.jpg.chip.jpg,24,Female,Asian
26_1_3_20170117174313937.jpg.chip.jpg,26,Female,Indian
1_0_0_20170110213015629.jpg.chip.jpg,1,Male,White
42_0_1_20170113155108219.jpg.chip.jpg,42,Male,Black
9_1_0_20170109204449076.jpg.chip.jpg,9,Female,White
1_0_2_20161219200427051.jpg.chip.jpg,1,Male,Asian
16_1_4_20170104011755640.jpg.chip.jpg,16,Female,Others
31_1_1_20170116154733116.jpg.chip.jpg,31,Female,Black
30_1_0_20170103182425185.jpg.chip.jpg,30,Female,White
72_1_0_20170110175634167.jpg.chip.jpg,72,Female,White
30_1_2_20170116174642075.jpg.chip.jpg,30,Female,Asian
26_1_0_20170117173557316.jpg.chip.jpg,26,Female,White
30_0_0_20170117143352248.jpg.chip.jpg,30,Male,White
67_0_0_20170104171355258.jpg.chip.jpg,67,Male,White
63_0_0_20170111201901467.jpg.chip.jpg,63,Male,White
14_0_4_20170103201105568.jpg.chip.jpg,14,Male,Others
29_1_1_20170112235125873.jpg.chip.jpg,29,Female,Black
1_1_0_20170109193427612.jpg.chip.jpg,1,Female,White
25_1_2_20170116175319780.jpg.chip.jpg,25,Female,Asian
35_1_1_20170116010333522.jpg.chip.jpg,35,Female,Black
32_1_4_20170103180839999.jpg.chip.jpg,32,Female,Others
24_0_2_20170116170622672.jpg.chip.jpg,24,Male,Asian
51_1_1_20170120133936151.jpg.chip.jpg,51,Female,Black
26_0_0_20170117172106787.jpg.chip.jpg,26,Male,White
20_1_3_20170119151017902.jpg.chip.jpg,20,Female,Indian
30_0_2_20170119183959989.jpg.chip.jpg,30,Male,Asian
75_0_2_20170112223856420.jpg.chip.jpg,75,Male,Asian
60_1_0_20170110125212119.jpg.chip.jpg,60,Female,White
35_0_1_20170113134314369.jpg.chip.jpg,35,Male,Black
54_1_0_20170103183759282.jpg.chip.jpg,54,Female,White
62_0_0_20170120224623104.jpg.chip.jpg,62,Male,White
36_1_2_20170115234956957.jpg.chip.jpg,36,Female,Asian
63_1_0_20170110160643845.jpg.chip.jpg,63,Female,White
75_0_0_20170117191812939.jpg.chip.jpg,75,Male,White
47_0_0_20170117135913231.jpg.chip.jpg,47,Male,White
2_0_1_20170110213401217.jpg.chip.jpg,2,Male,Black
26_1_4_20170103235712113.jpg.chip.jpg,26,Female,Others
1_0_1_20170110213111809.jpg.chip.jpg,1,Male,Black
49_0_3_20170119205456552.jpg.chip.jpg,49,Male,Indian
65_0_3_20161220221926818.jpg.chip.jpg,65,Male,Indian
38_0_0_20170117120142691.jpg.chip.jpg,38,Male,White
61_0_0_20170117192049580.jpg.chip.jpg,61,Male,White
40_0_0_20170117190502770.jpg.chip.jpg,40,Male,White
40_0_0_20170116232746033.jpg.chip.jpg,40,Male,White
35_1_1_20170114024635018.jpg.chip.jpg,35,Female,Black
16_1_3_20170104223545496.jpg.chip.jpg,16,Female,Indian
62_0_0_20170120134041527.jpg.chip.jpg,62,Male,White
45_0_0_20170108235329396.jpg.chip.jpg,45,Male,White
73_0_1_20170117195325010.jpg.chip.jpg,73,Male,Black
38_1_3_20170119183332565.jpg.chip.jpg,38,Female,Indian
1_1_0_20170109193014933.jpg.chip.jpg,1,Female,White
3_0_2_20161219212426998.jpg.chip.jpg,3,Male,Asian
55_1_3_20170109142107754.jpg.chip.jpg,55,Female,Indian
29_0_4_20170117100325932.jpg.chip.jpg,29,Male,Others
36_0_0_20170114030354305.jpg.chip.jpg,36,Male,White
30_1_1_20170117170832874.jpg.chip.jpg,30,Female,Black
26_0_3_20170117153030981.jpg.chip.jpg,26,Male,Indian
16_1_4_20170102234841875.jpg.chip.jpg,16,Female,Others
1_0_0_20161219204741557.jpg.chip.jpg,1,Male,White
26_0_1_20170116193015406.jpg.chip.jpg,26,Male,Black
26_1_2_20170103184117683.jpg.chip.jpg,26,Female,Asian
26_1_1_20170112210240181.jpg.chip.jpg,26,Female,Black
54_0_3_20170119210003773.jpg.chip.jpg,54,Male,Indian
28_1_3_20170109131950179.jpg.chip.jpg,28,Female,Indian
26_0_1_20170113134356512.jpg.chip.jpg,26,Male,Black
80_1_0_20170110141751087.jpg.chip.jpg,80,Female,White
24_0_3_20170119164606886.jpg.chip.jpg,24,Male,Indian
26_1_2_20170116184132900.jpg.chip.jpg,26,Female,Asian
65_0_0_20170117172707792.jpg.chip.jpg,65,Male,White
1_0_0_20170109191445171.jpg.chip.jpg,1,Male,White
17_0_1_20170113132534529.jpg.chip.jpg,17,Male,Black
2_1_3_20161219225311520.jpg.chip.jpg,2,Female,Indian
43_1_0_20170105173019341.jpg.chip.jpg,43,Female,White
25_1_1_20170112235102049.jpg.chip.jpg,25,Female,Black
26_1_1_20170116011336602.jpg.chip.jpg,26,Female,Black
28_1_0_20170116221850018.jpg.chip.jpg,28,Female,White
66_0_3_20170119180756808.jpg.chip.jpg,66,Male,Indian
27_0_1_20170117010518799.jpg.chip.jpg,27,Male,Black
32_0_0_20170112202940706.jpg.chip.jpg,32,Male,White
24_1_2_20170116173453451.jpg.chip.jpg,24,Female,Asian
30_1_0_20170117181336564.jpg.chip.jpg,30,Female,White
25_0_2_20170116170511407.jpg.chip.jpg,25,Male,Asian
32_1_0_20170117185523010.jpg.chip.jpg,32,Female,White
28_1_2_20170116165147900.jpg.chip.jpg,28,Female,Asian
25_1_2_20170116165435737.jpg.chip.jpg,25,Female,Asian
47_0_1_20170109004328399.jpg.chip.jpg,47,Male,Black
1_0_0_20170110213517302.jpg.chip.jpg,1,Male,White
12_1_2_20170109214246240.jpg.chip.jpg,12,Female,Asian
26_0_3_20170104230356601.jpg.chip.jpg,26,Male,Indian
3_1_2_20161219205457437.jpg.chip.jpg,3,Female,Asian
28_1_3_20170104220307950.jpg.chip.jpg,28,Female,Indian
23_0_3_20170119145303710.jpg.chip.jpg,23,Male,Indian
29_1_0_20170117184636364.jpg.chip.jpg,29,Female,White
23_1_3_20170119164545181.jpg.chip.jpg,23,Female,Indian
26_1_2_20170116182624014.jpg.chip.jpg,26,Female,Asian
61_0_0_20170117192040332.jpg.chip.jpg,61,Male,White
78_0_0_20170111222500159.jpg.chip.jpg,78,Male,White
23_1_4_20170103224258631.jpg.chip.jpg,23,Female,Others
26_1_1_20170116153749007.jpg.chip.jpg,26,Female,Black
31_1_3_20170119200159884.jpg.chip.jpg,31,Female,Indian
8_1_0_20170109202317876.jpg.chip.jpg,8,Female,White
75_0_1_20170113185328144.jpg.chip.jpg,75,Male,Black
6_1_3_20170104222423463.jpg.chip.jpg,6,Female,Indian
13_1_0_20170109203635557.jpg.chip.jpg,13,Female,White
26_1_2_20170116184249790.jpg.chip.jpg,26,Female,Asian
52_0_3_20170119200241996.jpg.chip.jpg,52,Male,Indian
15_1_2_20170104012441969.jpg.chip.jpg,15,Female,Asian
26_0_4_20170117200017039.jpg.chip.jpg,26,Male,Others
22_0_1_20170114032119562.jpg.chip.jpg,22,Male,Black
51_0_1_20170117141120750.jpg.chip.jpg,51,Male,Black
36_1_4_20170105164808838.jpg.chip.jpg,36,Female,Others
62_0_3_20170104220837477.jpg.chip.jpg,62,Male,Indian
30_1_1_20170117143817409.jpg.chip.jpg,30,Female,Black
26_0_0_20170113210126674.jpg.chip.jpg,26,Male,White
43_0_1_20170116205314288.jpg.chip.jpg,43,Male,Black
28_1_1_20170117183617983.jpg.chip.jpg,28,Female,Black
55_0_3_20170119211436800.jpg.chip.jpg,55,Male,Indian
52_0_3_20170119205715174.jpg.chip.jpg,52,Male,Indian
58_0_3_20170112205533156.jpg.chip.jpg,58,Male,Indian
22_1_0_20170111182452750.jpg.chip.jpg,22,Female,White
45_0_4_20170104202016610.jpg.chip.jpg,45,Male,Others
38_0_0_20170117001116779.jpg.chip.jpg,38,Male,White
52_0_0_20170116183903737.jpg.chip.jpg,52,Male,White
8_1_0_20170109201705598.jpg.chip.jpg,8,Female,White
47_0_3_20170119205239944.jpg.chip.jpg,47,Male,Indian
34_0_3_20170119195442526.jpg.chip.jpg,34,Male,Indian
52_1_0_20170113182810479.jpg.chip.jpg,52,Female,White
39_0_0_20170104204804020.jpg.chip.jpg,39,Male,White
26_0_0_20170113210605429.jpg.chip.jpg,26,Male,White
70_1_1_20170117174530078.jpg.chip.jpg,70,Female,Black
53_1_1_20170116175619856.jpg.chip.jpg,53,Female,Black
40_0_3_20170119151504466.jpg.chip.jpg,40,Male,Indian
30_0_4_20170117202840206.jpg.chip.jpg,30,Male,Others
4_1_4_20161221200021608.jpg.chip.jpg,4,Female,Others
35_1_3_20170104231848138.jpg.chip.jpg,35,Female,Indian
35_0_0_20170117204518056.jpg.chip.jpg,35,Male,White
29_0_1_20170113151522064.jpg.chip.jpg,29,Male,Black
34_1_0_20170116003510683.jpg.chip.jpg,34,Female,White
16_0_0_20170110225708208.jpg.chip.jpg,16,Male,White
52_0_1_20170113174550147.jpg.chip.jpg,52,Male,Black
26_1_3_20170116184306842.jpg.chip.jpg,26,Female,Indian
54_0_3_20170119210213777.jpg.chip.jpg,54,Male,Indian
25_0_4_20170113133140464.jpg.chip.jpg,25,Male,Others
30_0_0_20170117130641193.jpg.chip.jpg,30,Male,White
23_1_2_20170116173159941.jpg.chip.jpg,23,Female,Asian
63_0_0_20170111193827549.jpg.chip.jpg,63,Male,White
54_1_0_20170117204559094.jpg.chip.jpg,54,Female,White
26_1_3_20170117174259928.jpg.chip.jpg,26,Female,Indian
40_0_2_20170117155231261.jpg.chip.jpg,40,Male,Asian
2_0_0_20170110225322822.jpg.chip.jpg,2,Male,White
57_1_0_20170104205902805.jpg.chip.jpg,57,Female,White
29_1_2_20170107213800190.jpg.chip.jpg,29,Female,Asian
24_1_0_20170111182452767.jpg.chip.jpg,24,Female,White
30_1_0_20170117181545532.jpg.chip.jpg,30,Female,White
78_1_0_20170120230348881.jpg.chip.jpg,78,Female,White
35_0_0_20170120220934299.jpg.chip.jpg,35,Male,White
26_0_0_20170117200149083.jpg.chip.jpg,26,Male,White
29_0_1_20170117190315384.jpg.chip.jpg,29,Male,Black
21_1_3_20170104222120446.jpg.chip.jpg,21,Female,Indian
1_0_2_20161219195703108.jpg.chip.jpg,1,Male,Asian
40_0_1_20170117170640870.jpg.chip.jpg,40,Male,Black
40_0_0_20170117185234626.jpg.chip.jpg,40,Male,White
24_0_0_20170117150217643.jpg.chip.jpg,24,Male,White
21_1_2_20170116220123101.jpg.chip.jpg,21,Female,Asian
72_0_3_20170105180648062.jpg.chip.jpg,72,Male,Indian
3_0_0_20170109192415151.jpg.chip.jpg,3,Male,White
41_0_4_20170111181750392.jpg.chip.jpg,41,Male,Others
31_0_4_20170116193338756.jpg.chip.jpg,31,Male,Others
1_1_2_20161219162225422.jpg.chip.jpg,1,Female,Asian
24_1_0_20170116222759439.jpg.chip.jpg,24,Female,White
4_0_0_20170110213539347.jpg.chip.jpg,4,Male,White
40_0_2_20170117171045229.jpg.chip.jpg,40,Male,Asian
27_1_0_20170117120620652.jpg.chip.jpg,27,Female,White
8_0_3_20170104225706490.jpg.chip.jpg,8,Male,Indian
28_0_3_20170119194806419.jpg.chip.jpg,28,Male,Indian
47_1_2_20170105173513573.jpg.chip.jpg,47,Female,Asian
38_0_0_20170117135518125.jpg.chip.jpg,38,Male,White
24_1_4_20170103223907208.jpg.chip.jpg,24,Female,Others
18_0_4_20170103201550447.jpg.chip.jpg,18,Male,Others
4_0_0_20170110213542396.jpg.chip.jpg,4,Male,White
26_0_0_20170116233436547.jpg.chip.jpg,26,Male,White
29_1_1_20170117123810096.jpg.chip.jpg,29,Female,Black
61_0_0_20170104185643766.jpg.chip.jpg,61,Male,White
50_1_0_20170117181420604.jpg.chip.jpg,50,Female,White
27_0_1_20170117164549029.jpg.chip.jpg,27,Male,Black
29_0_1_20170117202706981.jpg.chip.jpg,29,Male,Black
39_0_0_20170104202328306.jpg.chip.jpg,39,Male,White
29_0_0_20170104184656046.jpg.chip.jpg,29,Male,White
21_1_2_20170116171653891.jpg.chip.jpg,21,Female,Asian
10_0_0_20170103233459275.jpg.chip.jpg,10,Male,White
29_1_2_20170116192410313.jpg.chip.jpg,29,Female,Asian
25_1_1_20170116001945041.jpg.chip.jpg,25,Female,Black
54_1_0_20170117171505517.jpg.chip.jpg,54,Female,White
35_0_0_20170117185746842.jpg.chip.jpg,35,Male,White
26_0_1_20170116193145119.jpg.chip.jpg,26,Male,Black
31_0_1_20170117134930189.jpg.chip.jpg,31,Male,Black
6_0_0_20170110215331722.jpg.chip.jpg,6,Male,White
43_1_3_20170119193027273.jpg.chip.jpg,43,Female,Indian
35_1_1_20170112215312112.jpg.chip.jpg,35,Female,Black
27_0_0_20170104201504434.jpg.chip.jpg,27,Male,White
27_1_0_20170117120642103.jpg.chip.jpg,27,Female,White
26_0_1_20170113155124217.jpg.chip.jpg,26,Male,Black
34_0_3_20170119171627440.jpg.chip.jpg,34,Male,Indian
50_0_3_20170119205544079.jpg.chip.jpg,50,Male,Indian
26_1_2_20170116175519439.jpg.chip.jpg,26,Female,Asian
32_1_1_20170116224203659.jpg.chip.jpg,32,Female,Black
35_0_3_20170117190400401.jpg.chip.jpg,35,Male,Indian
21_0_0_20170117141910383.jpg.chip.jpg,21,Male,White
1_1_4_20170103210113314.jpg.chip.jpg,1,Female,Others
65_0_0_20170117171434763.jpg.chip.jpg,65,Male,White
4_1_2_20161219204019100.jpg.chip.jpg,4,Female,Asian
26_1_0_20170116234828566.jpg.chip.jpg,26,Female,White
32_0_3_20170104230706290.jpg.chip.jpg,32,Male,Indian
37_1_0_20170105172729613.jpg.chip.jpg,37,Female,White
70_0_3_20170119210107813.jpg.chip.jpg,70,Male,Indian
25_1_0_20170117152023187.jpg.chip.jpg,25,Female,White
16_1_0_20170109212525685.jpg.chip.jpg,16,Female,White
12_1_3_20170104221704334.jpg.chip.jpg,12,Female,Indian
20_1_3_20170104222034231.jpg.chip.jpg,20,Female,Indian
3_0_2_20161219142551561.jpg.chip.jpg,3,Male,Asian
12_1_0_20170109200926532.jpg.chip.jpg,12,Female,White
42_0_0_20170104172830274.jpg.chip.jpg,42,Male,White
70_1_3_20170109142852824.jpg.chip.jpg,70,Female,Indian
32_1_0_20170108224936101.jpg.chip.jpg,32,Female,White
28_0_3_20170119194437131.jpg.chip.jpg,28,Male,Indian
30_1_1_20170117154805220.jpg.chip.jpg,30,Female,Black
23_1_4_20170117194259323.jpg.chip.jpg,23,Female,Others
1_0_0_20161219192713491.jpg.chip.jpg,1,Male,White
1_0_3_20161220220606705.jpg.chip.jpg,1,Male,Indian
51_0_0_20170117160807782.jpg.chip.jpg,51,Male,White
28_1_1_20170117180712098.jpg.chip.jpg,28,Female,Black
31_1_1_20170116223015265.jpg.chip.jpg,31,Female,Black
1_0_3_20161220220418690.jpg.chip.jpg,1,Male,Indian
40_0_0_20170117170807947.jpg.chip.jpg,40,Male,White
28_0_1_20170113133340457.jpg.chip.jpg,28,Male,Black
8_1_0_20170109205329922.jpg.chip.jpg,8,Female,White
55_0_0_20170117190413331.jpg.chip.jpg,55,Male,White
20_1_4_20170103233719339.jpg.chip.jpg,20,Female,Others
50_0_1_20170117003124915.jpg.chip.jpg,50,Male,Black
45_0_1_20170113173025009.jpg.chip.jpg,45,Male,Black
30_0_0_20170116220957524.jpg.chip.jpg,30,Male,White
61_1_3_20170109131931185.jpg.chip.jpg,61,Female,Indian
24_1_3_20170117145441075.jpg.chip.jpg,24,Female,Indian
25_1_3_20170119172135455.jpg.chip.jpg,25,Female,Indian
32_1_2_20170116181306891.jpg.chip.jpg,32,Female,Asian
36_0_0_20170116210312217.jpg.chip.jpg,36,Male,White
26_1_2_20170104020230700.jpg.chip.jpg,26,Female,Asian
23_1_0_20170103223641295.jpg.chip.jpg,23,Female,White
2_0_4_20161221195155711.jpg.chip.jpg,2,Male,Others
65_0_0_20170104213147181.jpg.chip.jpg,65,Male,White
7_1_4_20161221193047189.jpg.chip.jpg,7,Female,Others
26_1_1_20170116153419888.jpg.chip.jpg,26,Female,Black
30_1_3_20170104232927250.jpg.chip.jpg,30,Female,Indian
34_1_2_20170105164106036.jpg.chip.jpg,34,Female,Asian
37_1_1_20170116001322849.jpg.chip.jpg,37,Female,Black
28_0_3_20170119194819469.jpg.chip.jpg,28,Male,Indian
55_0_1_20170117173626521.jpg.chip.jpg,55,Male,Black
28_1_1_20170116171301974.jpg.chip.jpg,28,Female,Black
27_0_1_20170117010142496.jpg.chip.jpg,27,Male,Black
45_0_3_20170119202458980.jpg.chip.jpg,45,Male,Indian
57_0_0_20170116214453175.jpg.chip.jpg,57,Male,White
78_0_2_20170112224428293.jpg.chip.jpg,78,Male,Asian
48_1_1_20170109220559770.jpg.chip.jpg,48,Female,Black
4_1_4_20161221201901345.jpg.chip.jpg,4,Female,Others
21_0_1_20170116215700416.jpg.chip.jpg,21,Male,Black
60_0_0_20170116235858675.jpg.chip.jpg,60,Male,White
22_1_2_20170116162903793.jpg.chip.jpg,22,Female,Asian
38_1_0_20170117154128620.jpg.chip.jpg,38,Female,White
68_0_0_20170104213159413.jpg.chip.jpg,68,Male,White
5_1_0_20170109202322291.jpg.chip.jpg,5,Female,White
26_1_2_20170104022244853.jpg.chip.jpg,26,Female,Asian
41_0_0_20170104205956308.jpg.chip.jpg,41,Male,White
24_1_0_20170119170930694.jpg.chip.jpg,24,Female,White
1_1_3_20161220143239294.jpg.chip.jpg,1,Female,Indian
26_1_2_20170116175511254.jpg.chip.jpg,26,Female,Asian
8_1_0_20170109203602997.jpg.chip.jpg,8,Female,White
36_0_0_20170117203443991.jpg.chip.jpg,36,Male,White
42_0_2_20170109012231207.jpg.chip.jpg,42,Male,Asian
28_0_3_20170104220237582.jpg.chip.jpg,28,Male,Indian
32_0_1_20170113173419142.jpg.chip.jpg,32,Male,Black
26_1_1_20170113011621775.jpg.chip.jpg,26,Female,Black
35_1_3_20170117183037421.jpg.chip.jpg,35,Female,Indian
4_0_2_20161219164003879.jpg.chip.jpg,4,Male,Asian
26_0_3_20170119175254874.jpg.chip.jpg,26,Male,Indian
25_1_3_20161220222256467.jpg.chip.jpg,25,Female,Indian
2_0_2_20161219152914700.jpg.chip.jpg,2,Male,Asian
31_1_0_20170103183716629.jpg.chip.jpg,31,Female,White
25_1_3_20170116003315293.jpg.chip.jpg,25,Female,Indian
52_0_1_20170117161018159.jpg.chip.jpg,52,Male,Black
45_0_0_20170119201349453.jpg.chip.jpg,45,Male,White
33_1_3_20170104232111402.jpg.chip.jpg,33,Female,Indian
32_0_0_20170117134824559.jpg.chip.jpg,32,Male,White
71_1_0_20170110160644048.jpg.chip.jpg,71,Female,White
26_0_3_20170117153033332.jpg.chip.jpg,26,Male,Indian
5_0_0_20170110225205577.jpg.chip.jpg,5,Male,White
28_0_2_20170116170900610.jpg.chip.jpg,28,Male,Asian
18_1_0_20170105002457379.jpg.chip.jpg,18,Female,White
28_1_3_20170109140238810.jpg.chip.jpg,28,Female,Indian
36_0_1_20170113134421145.jpg.chip.jpg,36,Male,Black
27_1_1_20170112213510151.jpg.chip.jpg,27,Female,Black
4_0_0_20170110224617729.jpg.chip.jpg,4,Male,White
39_0_0_20170116224915569.jpg.chip.jpg,39,Male,White
26_1_2_20170116184313292.jpg.chip.jpg,26,Female,Asian
36_1_1_20170113000218202.jpg.chip.jpg,36,Female,Black
14_0_2_20170104012412945.jpg.chip.jpg,14,Male,Asian
22_1_3_20170104223113527.jpg.chip.jpg,22,Female,Indian
13_0_0_20170110225717809.jpg.chip.jpg,13,Male,White
42_0_3_20170113190642809.jpg.chip.jpg,42,Male,Indian
26_0_2_20170116183004847.jpg.chip.jpg,26,Male,Asian
28_0_0_20170117180233918.jpg.chip.jpg,28,Male,White
25_1_0_20170117152038451.jpg.chip.jpg,25,Female,White
32_0_1_20170113151009015.jpg.chip.jpg,32,Male,Black
2_0_2_20161219195707820.jpg.chip.jpg,2,Male,Asian
26_0_1_20170113134729040.jpg.chip.jpg,26,Male,Black
50_0_3_20170119154108905.jpg.chip.jpg,50,Male,Indian
26_0_3_20170119183739782.jpg.chip.jpg,26,Male,Indian
2_1_2_20161219162334438.jpg.chip.jpg,2,Female,Asian
42_0_1_20170113174159700.jpg.chip.jpg,42,Male,Black
26_1_1_20170116234738082.jpg.chip.jpg,26,Female,Black
36_1_1_20170117183237374.jpg.chip.jpg,36,Female,Black
2_1_2_20161219203118564.jpg.chip.jpg,2,Female,Asian
20_0_0_20170117134213422.jpg.chip.jpg,20,Male,White
13_1_0_20170109213526011.jpg.chip.jpg,13,Female,White
12_0_0_20170110224833703.jpg.chip.jpg,12,Male,White
45_0_3_20170119181420596.jpg.chip.jpg,45,Male,Indian
31_0_1_20170116191341541.jpg.chip.jpg,31,Male,Black
5_1_3_20161220145130080.jpg.chip.jpg,5,Female,Indian
32_0_0_20170104202239802.jpg.chip.jpg,32,Male,White
31_0_0_20170117130657701.jpg.chip.jpg,31,Male,White
37_1_2_20170109013335990.jpg.chip.jpg,37,Female,Asian
23_0_4_20170117194059597.jpg.chip.jpg,23,Male,Others
1_1_3_20161220143234887.jpg.chip.jpg,1,Female,Indian
37_0_0_20170119202407877.jpg.chip.jpg,37,Male,White
42_1_1_20170113012009655.jpg.chip.jpg,42,Female,Black
29_0_1_20170117015458481.jpg.chip.jpg,29,Male,Black
35_1_0_20170117191417058.jpg.chip.jpg,35,Female,White
35_0_3_20170104214512933.jpg.chip.jpg,35,Male,Indian
28_1_0_20170108224157680.jpg.chip.jpg,28,Female,White
16_0_0_20170102234641453.jpg.chip.jpg,16,Male,White
14_1_0_20170109212753539.jpg.chip.jpg,14,Female,White
48_0_0_20170117160515849.jpg.chip.jpg,48,Male,White
46_0_1_20170117141729225.jpg.chip.jpg,46,Male,Black
28_1_1_20170112211316328.jpg.chip.jpg,28,Female,Black
28_0_0_20170119194800515.jpg.chip.jpg,28,Male,White
2_1_2_20161219211617551.jpg.chip.jpg,2,Female,Asian
54_1_0_20170109132244248.jpg.chip.jpg,54,Female,White
60_1_0_20170110151441645.jpg.chip.jpg,60,Female,White
80_1_1_20170120222433936.jpg.chip.jpg,80,Female,Black
1_1_2_20161219162113982.jpg.chip.jpg,1,Female,Asian
39_0_0_20170104184915702.jpg.chip.jpg,39,Male,White
31_1_1_20170105001003876.jpg.chip.jpg,31,Female,Black
75_0_2_20170111204729431.jpg.chip.jpg,75,Male,Asian
50_0_3_20170119204709807.jpg.chip.jpg,50,Male,Indian
8_0_0_20170104230750674.jpg.chip.jpg,8,Male,White
24_1_2_20170116162908737.jpg.chip.jpg,24,Female,Asian
28_1_2_20170116161343328.jpg.chip.jpg,28,Female,Asian
2_1_2_20161219162237149.jpg.chip.jpg,2,Female,Asian
26_0_0_20170120134250839.jpg.chip.jpg,26,Male,White
55_0_4_20170117203246215.jpg.chip.jpg,55,Male,Others
80_0_0_20170117175515838.jpg.chip.jpg,80,Male,White
42_1_0_20170105164308955.jpg.chip.jpg,42,Female,White
1_0_3_20161219230232072.jpg.chip.jpg,1,Male,Indian
20_1_1_20170113005427278.jpg.chip.jpg,20,Female,Black
21_0_0_20170103234805676.jpg.chip.jpg,21,Male,White
41_0_3_20170119171546296.jpg.chip.jpg,41,Male,Indian
27_1_1_20170113001021322.jpg.chip.jpg,27,Female,Black
27_1_4_20170103182145377.jpg.chip.jpg,27,Female,Others
28_0_4_20170117202427928.jpg.chip.jpg,28,Male,Others
25_0_1_20170113173633210.jpg.chip.jpg,25,Male,Black
28_1_0_20170103180500095.jpg.chip.jpg,28,Female,White
36_1_0_20170116003333930.jpg.chip.jpg,36,Female,White
72_1_1_20170120225033578.jpg.chip.jpg,72,Female,Black
58_0_0_20170104213136437.jpg.chip.jpg,58,Male,White
25_0_0_20170117140927352.jpg.chip.jpg,25,Male,White
35_0_2_20170116180720126.jpg.chip.jpg,35,Male,Asian
80_0_0_20170111210128898.jpg.chip.jpg,80,Male,White
1_1_2_20161219203318222.jpg.chip.jpg,1,Female,Asian
28_1_2_20170116190129400.jpg.chip.jpg,28,Female,Asian
45_0_3_20170119202002019.jpg.chip.jpg,45,Male,Indian
29_1_4_20170103230245713.jpg.chip.jpg,29,Female,Others
37_0_1_20170117164034574.jpg.chip.jpg,37,Male,Black
53_1_0_20170110160643251.jpg.chip.jpg,53,Female,White
8_0_0_20170110215642859.jpg.chip.jpg,8,Male,White
59_0_0_20170111205304095.jpg.chip.jpg,59,Male,White
72_1_0_20170110131756405.jpg.chip.jpg,72,Female,White
40_0_0_20170120221048429.jpg.chip.jpg,40,Male,White
40_0_3_20170119210046520.jpg.chip.jpg,40,Male,Indian
14_1_4_20170103233153851.jpg.chip.jpg,14,Female,Others
60_0_0_20170113210127405.jpg.chip.jpg,60,Male,White
42_1_0_20170117154912167.jpg.chip.jpg,42,Female,White
20_0_0_20170104230025073.jpg.chip.jpg,20,Male,White
26_1_3_20170117154935165.jpg.chip.jpg,26,Female,Indian
24_1_0_20170117150901270.jpg.chip.jpg,24,Female,White
25_0_0_20170116215652482.jpg.chip.jpg,25,Male,White
18_1_0_20170109213856511.jpg.chip.jpg,18,Female,White
29_1_0_20170109010152767.jpg.chip.jpg,29,Female,White
22_1_1_20170112233701320.jpg.chip.jpg,22,Female,Black
62_1_0_20170110160643798.jpg.chip.jpg,62,Female,White
42_0_1_20170117171503046.jpg.chip.jpg,42,Male,Black
8_1_0_20170109201053203.jpg.chip.jpg,8,Female,White
55_1_0_20170103181515432.jpg.chip.jpg,55,Female,White
26_1_0_20170117153116669.jpg.chip.jpg,26,Female,White
46_0_0_20170104205340845.jpg.chip.jpg,46,Male,White
37_1_3_20170119163035788.jpg.chip.jpg,37,Female,Indian
22_1_3_20170119144107741.jpg.chip.jpg,22,Female,Indian
24_0_4_20170103210118506.jpg.chip.jpg,24,Male,Others
30_1_1_20170117171000858.jpg.chip.jpg,30,Female,Black
52_1_1_20170113012640929.jpg.chip.jpg,52,Female,Black
60_0_0_20170119145422774.jpg.chip.jpg,60,Male,White
26_1_0_20170116184240259.jpg.chip.jpg,26,Female,White
24_0_0_20170117145203051.jpg.chip.jpg,24,Male,White
40_0_4_20170117013731866.jpg.chip.jpg,40,Male,Others
25_1_2_20170104015850244.jpg.chip.jpg,25,Female,Asian
13_1_4_20170104005210478.jpg.chip.jpg,13,Female,Others
27_1_3_20170119194359962.jpg.chip.jpg,27,Female,Indian
27_1_3_20170104231417083.jpg.chip.jpg,27,Female,Indian
26_1_3_20170117154952406.jpg.chip.jpg,26,Female,Indian
65_1_1_20170110124227365.jpg.chip.jpg,65,Female,Black
56_0_4_20170105173517933.jpg.chip.jpg,56,Male,Others
27_1_0_20170116220508113.jpg.chip.jpg,27,Female,White
26_1_1_20170112230617333.jpg.chip.jpg,26,Female,Black
1_1_3_20161219225657032.jpg.chip.jpg,1,Female,Indian
24_1_3_20170119170547814.jpg.chip.jpg,24,Female,Indian
25_1_3_20170117152032667.jpg.chip.jpg,25,Female,Indian
35_0_0_20170104201328371.jpg.chip.jpg,35,Male,White
42_0_1_20170116194444692.jpg.chip.jpg,42,Male,Black
28_0_3_20170119194514838.jpg.chip.jpg,28,Male,Indian
36_0_2_20170104165035320.jpg.chip.jpg,36,Male,Asian
37_0_0_20170102233603627.jpg.chip.jpg,37,Male,White
13_0_0_20170110220242419.jpg.chip.jpg,13,Male,White
40_0_1_20170120220605251.jpg.chip.jpg,40,Male,Black
3_0_0_20170110212729799.jpg.chip.jpg,3,Male,White
54_0_1_20170113145459151.jpg.chip.jpg,54,Male,Black
31_0_0_20170117133148137.jpg.chip.jpg,31,Male,White
20_1_1_20170117171757218.jpg.chip.jpg,20,Female,Black
32_1_0_20170117134808277.jpg.chip.jpg,32,Female,White
56_0_0_20170105173129526.jpg.chip.jpg,56,Male,White
42_0_0_20170117135651920.jpg.chip.jpg,42,Male,White
60_0_0_20170120221813583.jpg.chip.jpg,60,Male,White
31_1_1_20170113000500356.jpg.chip.jpg,31,Female,Black
16_1_1_20170109212835445.jpg.chip.jpg,16,Female,Black
22_0_3_20170119162807109.jpg.chip.jpg,22,Male,Indian
29_0_1_20170113151537906.jpg.chip.jpg,29,Male,Black
38_0_1_20170113155448498.jpg.chip.jpg,38,Male,Black
37_1_1_20170112220107657.jpg.chip.jpg,37,Female,Black
25_1_1_20170112193002220.jpg.chip.jpg,25,Female,Black
40_1_0_20170116224841122.jpg.chip.jpg,40,Female,White
16_1_1_20170109213003514.jpg.chip.jpg,16,Female,Black
1_1_3_20161220143357382.jpg.chip.jpg,1,Female,Indian
51_0_4_20170104210348196.jpg.chip.jpg,51,Male,Others
28_0_1_20170116215824899.jpg.chip.jpg,28,Male,Black
26_0_1_20170117003204591.jpg.chip.jpg,26,Male,Black
60_1_0_20170120222309441.jpg.chip.jpg,60,Female,White
1_1_3_20161220143345775.jpg.chip.jpg,1,Female,Indian
42_1_3_20170119155657771.jpg.chip.jpg,42,Female,Indian
39_1_0_20170117200850150.jpg.chip.jpg,39,Female,White
26_1_0_20170117201642542.jpg.chip.jpg,26,Female,White
1_0_2_20161219161618142.jpg.chip.jpg,1,Male,Asian
25_1_2_20170104015630471.jpg.chip.jpg,25,Female,Asian
24_1_3_20170104214534021.jpg.chip.jpg,24,Female,Indian
26_1_2_20161219204400164.jpg.chip.jpg,26,Female,Asian
47_1_0_20170109012509904.jpg.chip.jpg,47,Female,White
45_1_0_20170117200902766.jpg.chip.jpg,45,Female,White
29_1_0_20170120133642078.jpg.chip.jpg,29,Female,White
46_0_2_20170105171822557.jpg.chip.jpg,46,Male,Asian
32_1_3_20170109141339133.jpg.chip.jpg,32,Female,Indian
2_0_2_20161219162317542.jpg.chip.jpg,2,Male,Asian
2_0_2_20161219141143184.jpg.chip.jpg,2,Male,Asian
26_1_1_20170112234340711.jpg.chip.jpg,26,Female,Black
20_0_3_20170117140659809.jpg.chip.jpg,20,Male,Indian
55_1_0_20170109012617704.jpg.chip.jpg,55,Female,White
37_1_2_20170105172732733.jpg.chip.jpg,37,Female,Asian
12_1_2_20170103200922406.jpg.chip.jpg,12,Female,Asian
28_1_0_20170116201648691.jpg.chip.jpg,28,Female,White
28_1_1_20170117121931617.jpg.chip.jpg,28,Female,Black
30_0_4_20170103235622469.jpg.chip.jpg,30,Male,Others
72_0_0_20170111210622013.jpg.chip.jpg,72,Male,White
31_1_0_20170117133422225.jpg.chip.jpg,31,Female,White
2_1_2_20161219162835606.jpg.chip.jpg,2,Female,Asian
28_1_1_20170116000515902.jpg.chip.jpg,28,Female,Black
12_1_0_20170102234723371.jpg.chip.jpg,12,Female,White
44_0_1_20170113184928967.jpg.chip.jpg,44,Male,Black
1_1_3_20161219224951912.jpg.chip.jpg,1,Female,Indian
47_0_3_20170116184916978.jpg.chip.jpg,47,Male,Indian
18_1_2_20170109214034666.jpg.chip.jpg,18,Female,Asian
1_0_2_20161219195200555.jpg.chip.jpg,1,Male,Asian
57_1_0_20170117135732680.jpg.chip.jpg,57,Female,White
13_1_0_20170109205049477.jpg.chip.jpg,13,Female,White
24_1_0_20170117150312410.jpg.chip.jpg,24,Female,White
36_1_1_20170113011647678.jpg.chip.jpg,36,Female,Black
26_0_1_20170116204840434.jpg.chip.jpg,26,Male,Black
28_0_1_20170113145447677.jpg.chip.jpg,28,Male,Black
28_0_0_20170113132725104.jpg.chip.jpg,28,Male,White
60_0_0_20170120220406122.jpg.chip.jpg,60,Male,White
22_0_0_20170119150313790.jpg.chip.jpg,22,Male,White
35_0_0_20170116232953930.jpg.chip.jpg,35,Male,White
9_0_0_20170110220240322.jpg.chip.jpg,9,Male,White
27_0_1_20170113133402529.jpg.chip.jpg,27,Male,Black
28_1_4_20170117202541845.jpg.chip.jpg,28,Female,Others
67_1_0_20170120223746014.jpg.chip.jpg,67,Female,White
55_0_3_20170119180841322.jpg.chip.jpg,55,Male,Indian
6_0_0_20170110224301470.jpg.chip.jpg,6,Male,White
1_0_0_20170110212720644.jpg.chip.jpg,1,Male,White
35_1_0_20170103182732026.jpg.chip.jpg,35,Female,White
26_1_1_20170116155039588.jpg.chip.jpg,26,Female,Black
25_1_0_20170119172027811.jpg.chip.jpg,25,Female,White
61_0_3_20170109131758363.jpg.chip.jpg,61,Male,Indian
1_1_4_20161221192837420.jpg.chip.jpg,1,Female,Others
38_1_0_20170104235617475.jpg.chip.jpg,38,Female,White
24_1_2_20170116172449090.jpg.chip.jpg,24,Female,Asian
35_0_2_20170117173352860.jpg.chip.jpg,35,Male,Asian
2_0_3_20161219225314616.jpg.chip.jpg,2,Male,Indian
30_0_2_20170116173004384.jpg.chip.jpg,30,Male,Asian
33_1_3_20170104223525079.jpg.chip.jpg,33,Female,Indian
19_1_3_20170104222642335.jpg.chip.jpg,19,Female,Indian
38_0_1_20170116003732637.jpg.chip.jpg,38,Male,Black
32_1_1_20170113001310242.jpg.chip.jpg,32,Female,Black
43_0_0_20170117171713186.jpg.chip.jpg,43,Male,White
1_1_4_20170103204831032.jpg.chip.jpg,1,Female,Others
30_1_0_20170117170803122.jpg.chip.jpg,30,Female,White
54_1_3_20170119211355210.jpg.chip.jpg,54,Female,Indian
28_0_0_20170117180143493.jpg.chip.jpg,28,Male,White
72_1_3_20170104220952910.jpg.chip.jpg,72,Female,Indian
5_0_2_20161219151837283.jpg.chip.jpg,5,Male,Asian
1_1_0_20170109190939585.jpg.chip.jpg,1,Female,White
38_1_1_20170104234648395.jpg.chip.jpg,38,Female,Black
24_1_3_20170104231950346.jpg.chip.jpg,24,Female,Indian
26_0_0_20170117171909243.jpg.chip.jpg,26,Male,White
20_1_4_20170103225902242.jpg.chip.jpg,20,Female,Others
18_1_4_20170103224632313.jpg.chip.jpg,18,Female,Others
8_1_3_20161220222531163.jpg.chip.jpg,8,Female,Indian
26_0_3_20170119180343596.jpg.chip.jpg,26,Male,Indian
23_1_2_20170116173105161.jpg.chip.jpg,23,Female,Asian
68_0_2_20170112224243075.jpg.chip.jpg,68,Male,Asian
22_0_3_20170119150454309.jpg.chip.jpg,22,Male,Indian
70_1_0_20170110122250867.jpg.chip.jpg,70,Female,White
49_1_0_20170117160609295.jpg.chip.jpg,49,Female,White
49_0_1_20170113184332336.jpg.chip.jpg,49,Male,Black
26_0_0_20170116225130512.jpg.chip.jpg,26,Male,White
22_0_4_20170103210108168.jpg.chip.jpg,22,Male,Others
16_1_0_20170109213443708.jpg.chip.jpg,16,Female,White
73_0_0_20170117204851351.jpg.chip.jpg,73,Male,White
68_0_0_20170104213011828.jpg.chip.jpg,68,Male,White
40_1_2_20170116191614819.jpg.chip.jpg,40,Female,Asian
26_0_1_20170116200714834.jpg.chip.jpg,26,Male,Black
43_0_2_20170117140033069.jpg.chip.jpg,43,Male,Asian
2_1_0_20170109191147581.jpg.chip.jpg,2,Female,White
22_0_1_20170114033213586.jpg.chip.jpg,22,Male,Black
2_1_2_20161219160232453.jpg.chip.jpg,2,Female,Asian
1_1_2_20161219153439021.jpg.chip.jpg,1,Female,Asian
10_0_0_20170110225601897.jpg.chip.jpg,10,Male,White
1_1_4_20170103205134402.jpg.chip.jpg,1,Female,Others
28_0_0_20170117120705693.jpg.chip.jpg,28,Male,White
12_0_0_20170110225330874.jpg.chip.jpg,12,Male,White
54_0_3_20170119210102142.jpg.chip.jpg,54,Male,Indian
56_0_3_20170119183551541.jpg.chip.jpg,56,Male,Indian
26_0_0_20170117091532995.jpg.chip.jpg,26,Male,White
28_1_2_20170116161415319.jpg.chip.jpg,28,Female,Asian
2_1_2_20161219192113948.jpg.chip.jpg,2,Female,Asian
8_0_3_20161220222824203.jpg.chip.jpg,8,Male,Indian
30_1_0_20170117094404388.jpg.chip.jpg,30,Female,White
26_1_0_20170116232424535.jpg.chip.jpg,26,Female,White
35_0_1_20170116002219767.jpg.chip.jpg,35,Male,Black
4_0_2_20161219211434893.jpg.chip.jpg,4,Male,Asian
21_1_3_20170104222056815.jpg.chip.jpg,21,Female,Indian
1_1_2_20161219205734821.jpg.chip.jpg,1,Female,Asian
30_1_1_20170114031144413.jpg.chip.jpg,30,Female,Black
60_0_0_20170117192255540.jpg.chip.jpg,60,Male,White
21_1_0_20170109213126942.jpg.chip.jpg,21,Female,White
7_0_1_20170110224345168.jpg.chip.jpg,7,Male,Black
26_0_1_20170116185225854.jpg.chip.jpg,26,Male,Black
40_0_1_20170117170545162.jpg.chip.jpg,40,Male,Black
54_0_3_20170119210223969.jpg.chip.jpg,54,Male,Indian
24_1_2_20170117194935363.jpg.chip.jpg,24,Female,Asian
30_0_0_20170113133232626.jpg.chip.jpg,30,Male,White
30_1_2_20170105002521620.jpg.chip.jpg,30,Female,Asian
72_1_0_20170110141531648.jpg.chip.jpg,72,Female,White
19_0_2_20170112003923755.jpg.chip.jpg,19,Male,Asian
45_0_0_20170117130051893.jpg.chip.jpg,45,Male,White
75_0_1_20170116204836635.jpg.chip.jpg,75,Male,Black
58_0_4_20170117204717713.jpg.chip.jpg,58,Male,Others
26_0_1_20170113134249474.jpg.chip.jpg,26,Male,Black
44_1_3_20170119172158321.jpg.chip.jpg,44,Female,Indian
34_0_0_20170113142058154.jpg.chip.jpg,34,Male,White
34_0_3_20170119150531191.jpg.chip.jpg,34,Male,Indian
22_1_0_20170117141131710.jpg.chip.jpg,22,Female,White
4_1_0_20170109193059401.jpg.chip.jpg,4,Female,White
30_0_0_20170117130933486.jpg.chip.jpg,30,Male,White
31_0_4_20170116191344848.jpg.chip.jpg,31,Male,Others
45_0_0_20170117204641954.jpg.chip.jpg,45,Male,White
26_1_3_20170119193059058.jpg.chip.jpg,26,Female,Indian
35_0_2_20170116191244597.jpg.chip.jpg,35,Male,Asian
53_0_0_20170120223024866.jpg.chip.jpg,53,Male,White
57_1_1_20170113013059467.jpg.chip.jpg,57,Female,Black
26_0_4_20170117195459004.jpg.chip.jpg,26,Male,Others
33_1_0_20170117134148014.jpg.chip.jpg,33,Female,White
26_0_3_20170119180330838.jpg.chip.jpg,26,Male,Indian
35_1_2_20170116191842610.jpg.chip.jpg,35,Female,Asian
18_1_0_20170109213149718.jpg.chip.jpg,18,Female,White
30_1_0_20170105162437811.jpg.chip.jpg,30,Female,White
26_1_3_20170119193105762.jpg.chip.jpg,26,Female,Indian
22_1_4_20170103224958800.jpg.chip.jpg,22,Female,Others
53_0_0_20170117190930257.jpg.chip.jpg,53,Male,White
2_0_2_20161219162438366.jpg.chip.jpg,2,Male,Asian
1_0_3_20161220142926159.jpg.chip.jpg,1,Male,Indian
28_1_1_20170117020151221.jpg.chip.jpg,28,Female,Black
22_1_3_20170104222553543.jpg.chip.jpg,22,Female,Indian
37_1_0_20170117140113541.jpg.chip.jpg,37,Female,White
16_1_0_20170109214605824.jpg.chip.jpg,16,Female,White
50_0_2_20170116191148275.jpg.chip.jpg,50,Male,Asian
40_1_0_20170104181504164.jpg.chip.jpg,40,Female,White
60_0_0_20170117160451902.jpg.chip.jpg,60,Male,White
35_1_1_20170117154228361.jpg.chip.jpg,35,Female,Black
19_0_3_20170119152737588.jpg.chip.jpg,19,Male,Indian
5_1_0_20170117184912795.jpg.chip.jpg,5,Female,White
2_0_2_20161219142335801.jpg.chip.jpg,2,Male,Asian
26_0_0_20170116203343708.jpg.chip.jpg,26,Male,White
30_0_0_20170104185757997.jpg.chip.jpg,30,Male,White
28_0_1_20170117020911129.jpg.chip.jpg,28,Male,Black
26_0_3_20170104230325016.jpg.chip.jpg,26,Male,Indian
52_0_1_20170113184035487.jpg.chip.jpg,52,Male,Black
38_1_3_20170104234724459.jpg.chip.jpg,38,Female,Indian
21_0_2_20170116170907317.jpg.chip.jpg,21,Male,Asian
8_1_3_20161220220229729.jpg.chip.jpg,8,Female,Indian
24_0_2_20170116174552100.jpg.chip.jpg,24,Male,Asian
4_0_0_20170110213510791.jpg.chip.jpg,4,Male,White
22_0_2_20170116172210197.jpg.chip.jpg,22,Male,Asian
80_1_0_20170111210442298.jpg.chip.jpg,80,Female,White
1_1_2_20161219205048452.jpg.chip.jpg,1,Female,Asian
21_1_1_20170116233611534.jpg.chip.jpg,21,Female,Black
34_0_0_20170117134917423.jpg.chip.jpg,34,Male,White
6_1_1_20170117193241163.jpg.chip.jpg,6,Female,Black
24_1_2_20170116162430984.jpg.chip.jpg,24,Female,Asian
24_1_3_20170119171011143.jpg.chip.jpg,24,Female,Indian
52_1_0_20170109220918442.jpg.chip.jpg,52,Female,White
51_0_1_20170113173639578.jpg.chip.jpg,51,Male,Black
17_1_0_20170109214200825.jpg.chip.jpg,17,Female,White
35_1_3_20170104220204301.jpg.chip.jpg,35,Female,Indian
24_0_2_20170116165043828.jpg.chip.jpg,24,Male,Asian
29_1_0_20170116201228620.jpg.chip.jpg,29,Female,White
27_1_2_20170116163625314.jpg.chip.jpg,27,Female,Asian
1_0_0_20161219204552941.jpg.chip.jpg,1,Male,White
20_1_0_20170105183741919.jpg.chip.jpg,20,Female,White
53_1_0_20170117163700586.jpg.chip.jpg,53,Female,White
35_1_2_20170116164633129.jpg.chip.jpg,35,Female,Asian
1_1_0_20170109193018259.jpg.chip.jpg,1,Female,White
60_1_0_20170104185020782.jpg.chip.jpg,60,Female,White
26_0_1_20170113134332736.jpg.chip.jpg,26,Male,Black
26_0_1_20170117195747853.jpg.chip.jpg,26,Male,Black
74_0_0_20170111223743652.jpg.chip.jpg,74,Male,White
24_1_0_20170117150644092.jpg.chip.jpg,24,Female,White
24_1_1_20170113011405711.jpg.chip.jpg,24,Female,Black
36_1_1_20170113012230792.jpg.chip.jpg,36,Female,Black
34_0_1_20170117173314341.jpg.chip.jpg,34,Male,Black
17_1_0_20170105183400255.jpg.chip.jpg,17,Female,White
63_0_4_20170104213550381.jpg.chip.jpg,63,Male,Others
23_0_0_20170117144111812.jpg.chip.jpg,23,Male,White
32_0_0_20170117182423470.jpg.chip.jpg,32,Male,White
17_1_4_20170103233523157.jpg.chip.jpg,17,Female,Others
24_1_3_20170119171007670.jpg.chip.jpg,24,Female,Indian
78_0_2_20170112224456107.jpg.chip.jpg,78,Male,Asian
32_0_1_20170116010902960.jpg.chip.jpg,32,Male,Black
26_1_2_20170116184146454.jpg.chip.jpg,26,Female,Asian
38_0_0_20170104184023164.jpg.chip.jpg,38,Male,White
4_1_1_20170109194520772.jpg.chip.jpg,4,Female,Black
37_0_3_20170119202228541.jpg.chip.jpg,37,Male,Indian
8_1_0_20170103200956895.jpg.chip.jpg,8,Female,White
26_0_3_20170117154317645.jpg.chip.jpg,26,Male,Indian
8_1_0_20170109205108577.jpg.chip.jpg,8,Female,White
27_1_2_20170116175930683.jpg.chip.jpg,27,Female,Asian
21_1_4_20170103225020282.jpg.chip.jpg,21,Female,Others
27_0_0_20170117175351801.jpg.chip.jpg,27,Male,White
34_0_1_20170117010104315.jpg.chip.jpg,34,Male,Black
32_1_0_20170103182614674.jpg.chip.jpg,32,Female,White
30_0_0_20170117151314107.jpg.chip.jpg,30,Male,White
30_1_0_20170117150844330.jpg.chip.jpg,30,Female,White
26_0_4_20170117153320853.jpg.chip.jpg,26,Male,Others
39_0_3_20170105172840532.jpg.chip.jpg,39,Male,Indian
24_0_0_20170119152257171.jpg.chip.jpg,24,Male,White
28_0_1_20170117022129599.jpg.chip.jpg,28,Male,Black
73_0_0_20170117195327991.jpg.chip.jpg,73,Male,White
12_1_1_20170109204024091.jpg.chip.jpg,12,Female,Black
24_1_3_20170104234808251.jpg.chip.jpg,24,Female,Indian
48_0_1_20170111203549741.jpg.chip.jpg,48,Male,Black
3_1_0_20170109194634188.jpg.chip.jpg,3,Female,White
24_0_4_20170117145915428.jpg.chip.jpg,24,Male,Others
1_1_2_20161219220611473.jpg.chip.jpg,1,Female,Asian
54_1_0_20170117171502531.jpg.chip.jpg,54,Female,White
9_0_1_20170110224349623.jpg.chip.jpg,9,Male,Black
55_0_0_20170117135534039.jpg.chip.jpg,55,Male,White
30_0_2_20170117141818577.jpg.chip.jpg,30,Male,Asian
25_1_2_20170116174850070.jpg.chip.jpg,25,Female,Asian
24_1_2_20170116174610352.jpg.chip.jpg,24,Female,Asian
35_0_0_20170117134936879.jpg.chip.jpg,35,Male,White
5_1_2_20161219190317906.jpg.chip.jpg,5,Female,Asian
26_1_0_20170116184024662.jpg.chip.jpg,26,Female,White
1_0_2_20161219203743797.jpg.chip.jpg,1,Male,Asian
64_1_0_20170105162511322.jpg.chip.jpg,64,Female,White
30_0_2_20170104022129599.jpg.chip.jpg,30,Male,Asian
28_0_3_20170104232323178.jpg.chip.jpg,28,Male,Indian
70_1_0_20170110141123329.jpg.chip.jpg,70,Female,White
28_1_3_20170109142213006.jpg.chip.jpg,28,Female,Indian
3_0_1_20170110213803097.jpg.chip.jpg,3,Male,Black
3_0_0_20170110212559987.jpg.chip.jpg,3,Male,White
5_1_3_20161219224922904.jpg.chip.jpg,5,Female,Indian
64_1_0_20170110152936764.jpg.chip.jpg,64,Female,White
22_0_4_20161221200222680.jpg.chip.jpg,22,Male,Others
7_1_0_20170109200858883.jpg.chip.jpg,7,Female,White
25_0_0_20170117134007900.jpg.chip.jpg,25,Male,White
61_0_0_20170104213246805.jpg.chip.jpg,61,Male,White
58_0_3_20170104220928390.jpg.chip.jpg,58,Male,Indian
20_0_0_20170117134052589.jpg.chip.jpg,20,Male,White
23_1_1_20170112204436531.jpg.chip.jpg,23,Female,Black
5_1_2_20161219203429011.jpg.chip.jpg,5,Female,Asian
54_0_0_20170104165859441.jpg.chip.jpg,54,Male,White
26_0_2_20170116182629321.jpg.chip.jpg,26,Male,Asian
48_1_3_20170109132358247.jpg.chip.jpg,48,Female,Indian
17_0_1_20170117183520064.jpg.chip.jpg,17,Male,Black
26_0_1_20170116192339054.jpg.chip.jpg,26,Male,Black
26_0_1_20170113181829839.jpg.chip.jpg,26,Male,Black
23_1_3_20170109132112364.jpg.chip.jpg,23,Female,Indian
39_0_2_20170116192518885.jpg.chip.jpg,39,Male,Asian
1_0_2_20161219205107772.jpg.chip.jpg,1,Male,Asian
68_0_0_20170117171825450.jpg.chip.jpg,68,Male,White
55_0_0_20170120223706509.jpg.chip.jpg,55,Male,White
1_0_3_20161219225322506.jpg.chip.jpg,1,Male,Indian
35_0_0_20170120221032076.jpg.chip.jpg,35,Male,White
36_0_3_20170119201917284.jpg.chip.jpg,36,Male,Indian
26_0_3_20170119180442156.jpg.chip.jpg,26,Male,Indian
36_1_0_20170113000608163.jpg.chip.jpg,36,Female,White
45_1_1_20170116162143245.jpg.chip.jpg,45,Female,Black
32_0_1_20170113134657712.jpg.chip.jpg,32,Male,Black
40_1_3_20170119144248205.jpg.chip.jpg,40,Female,Indian
66_0_0_20170117000141332.jpg.chip.jpg,66,Male,White
30_1_0_20170117153443852.jpg.chip.jpg,30,Female,White
54_0_0_20170117204512072.jpg.chip.jpg,54,Male,White
2_0_3_20161220222446715.jpg.chip.jpg,2,Male,Indian
23_0_0_20170117144116074.jpg.chip.jpg,23,Male,White
29_0_1_20170113141746548.jpg.chip.jpg,29,Male,Black
65_0_0_20170117171404003.jpg.chip.jpg,65,Male,White
55_0_0_20170111194750534.jpg.chip.jpg,55,Male,White
35_0_0_20170117185301642.jpg.chip.jpg,35,Male,White
70_0_3_20170119205722199.jpg.chip.jpg,70,Male,Indian
60_1_0_20170110141023577.jpg.chip.jpg,60,Female,White
36_0_3_20170119183543230.jpg.chip.jpg,36,Male,Indian
35_1_0_20170117174927240.jpg.chip.jpg,35,Female,White
40_1_1_20170117022327672.jpg.chip.jpg,40,Female,Black
40_1_1_20170112205136114.jpg.chip.jpg,40,Female,Black
30_1_1_20170116022055600.jpg.chip.jpg,30,Female,Black
66_0_4_20170104185439302.jpg.chip.jpg,66,Male,Others
1_0_0_20170109193052283.jpg.chip.jpg,1,Male,White
2_0_4_20170103205108602.jpg.chip.jpg,2,Male,Others
1_0_2_20161219140913256.jpg.chip.jpg,1,Male,Asian
26_0_2_20170116175433114.jpg.chip.jpg,26,Male,Asian
24_1_0_20170117150858676.jpg.chip.jpg,24,Female,White
28_1_3_20170109132916902.jpg.chip.jpg,28,Female,Indian
4_1_3_20161219230102512.jpg.chip.jpg,4,Female,Indian
8_1_0_20170109204910999.jpg.chip.jpg,8,Female,White
36_1_0_20170105172639541.jpg.chip.jpg,36,Female,White
67_0_0_20170120225722729.jpg.chip.jpg,67,Male,White
38_1_0_20170104200929513.jpg.chip.jpg,38,Female,White
30_1_0_20170117193827524.jpg.chip.jpg,30,Female,White
60_0_3_20170119203850894.jpg.chip.jpg,60,Male,Indian
26_1_0_20170116224857470.jpg.chip.jpg,26,Female,White
45_0_1_20170113184246839.jpg.chip.jpg,45,Male,Black
55_0_3_20170119180725108.jpg.chip.jpg,55,Male,Indian
29_1_2_20170116165527351.jpg.chip.jpg,29,Female,Asian
26_0_3_20170119180950828.jpg.chip.jpg,26,Male,Indian
32_0_0_20170116180259328.jpg.chip.jpg,32,Male,White
34_0_0_20170116214408892.jpg.chip.jpg,34,Male,White
2_1_3_20161219224442584.jpg.chip.jpg,2,Female,Indian
72_1_0_20170110181628038.jpg.chip.jpg,72,Female,White
30_0_2_20170116173700119.jpg.chip.jpg,30,Male,Asian
53_0_3_20170119205806352.jpg.chip.jpg,53,Male,Indian
37_0_0_20170117183624982.jpg.chip.jpg,37,Male,White
12_1_0_20170109204431716.jpg.chip.jpg,12,Female,White
25_0_3_20170117151555901.jpg.chip.jpg,25,Male,Indian
61_1_2_20170117123801917.jpg.chip.jpg,61,Female,Asian
57_0_1_20170113184855343.jpg.chip.jpg,57,Male,Black
46_0_3_20170119205025182.jpg.chip.jpg,46,Male,Indian
37_0_2_20170104022325581.jpg.chip.jpg,37,Male,Asian
27_1_0_20170116173136538.jpg.chip.jpg,27,Female,White
24_1_2_20170104021559044.jpg.chip.jpg,24,Female,Asian
52_1_0_20170104210038027.jpg.chip.jpg,52,Female,White
27_0_1_20170116193905098.jpg.chip.jpg,27,Male,Black
32_1_0_20170117182439717.jpg.chip.jpg,32,Female,White
15_1_1_20170104012002526.jpg.chip.jpg,15,Female,Black
32_1_1_20170113000950242.jpg.chip.jpg,32,Female,Black
27_1_0_20170105183939496.jpg.chip.jpg,27,Female,White
42_0_0_20170109004710455.jpg.chip.jpg,42,Male,White
55_0_3_20170119203918423.jpg.chip.jpg,55,Male,Indian
26_1_0_20170117201640750.jpg.chip.jpg,26,Female,White
54_0_3_20170119210120352.jpg.chip.jpg,54,Male,Indian
58_1_0_20170104185710750.jpg.chip.jpg,58,Female,White
65_1_0_20170110151430189.jpg.chip.jpg,65,Female,White
26_0_1_20170112210717501.jpg.chip.jpg,26,Male,Black
7_0_1_20170110223522905.jpg.chip.jpg,7,Male,Black
19_1_3_20170104231315881.jpg.chip.jpg,19,Female,Indian
66_0_3_20170119212007271.jpg.chip.jpg,66,Male,Indian
26_0_1_20170113151758038.jpg.chip.jpg,26,Male,Black
70_0_1_20170117175512623.jpg.chip.jpg,70,Male,Black
35_1_2_20170116191843657.jpg.chip.jpg,35,Female,Asian
39_0_0_20170104180001436.jpg.chip.jpg,39,Male,White
35_0_2_20170117140448176.jpg.chip.jpg,35,Male,Asian
31_1_2_20170116191228244.jpg.chip.jpg,31,Female,Asian
32_0_3_20170120220937948.jpg.chip.jpg,32,Male,Indian
68_0_0_20170111204848471.jpg.chip.jpg,68,Male,White
78_1_0_20170120230525666.jpg.chip.jpg,78,Female,White
38_1_1_20170116222328756.jpg.chip.jpg,38,Female,Black
52_0_3_20170119200259595.jpg.chip.jpg,52,Male,Indian
35_0_0_20170117153823071.jpg.chip.jpg,35,Male,White
30_0_1_20170117181249594.jpg.chip.jpg,30,Male,Black
29_1_1_20170116023632884.jpg.chip.jpg,29,Female,Black
28_0_1_20170116143149179.jpg.chip.jpg,28,Male,Black
52_1_0_20170109220926115.jpg.chip.jpg,52,Female,White
65_1_0_20170117171643563.jpg.chip.jpg,65,Female,White
25_1_2_20170116003442393.jpg.chip.jpg,25,Female,Asian
15_1_1_20170116000638538.jpg.chip.jpg,15,Female,Black
51_0_0_20170109011802151.jpg.chip.jpg,51,Male,White
32_0_1_20170113135916978.jpg.chip.jpg,32,Male,Black
47_0_0_20170117165141482.jpg.chip.jpg,47,Male,White
25_1_0_20170116223827511.jpg.chip.jpg,25,Female,White
30_0_2_20170116171830989.jpg.chip.jpg,30,Male,Asian
32_0_3_20170119200236372.jpg.chip.jpg,32,Male,Indian
45_0_0_20170104172836234.jpg.chip.jpg,45,Male,White
50_1_2_20170104235513244.jpg.chip.jpg,50,Female,Asian
1_0_2_20161219203954396.jpg.chip.jpg,1,Male,Asian
40_1_0_20170104174233331.jpg.chip.jpg,40,Female,White
39_0_0_20170109133418712.jpg.chip.jpg,39,Male,White
54_0_0_20170111171747438.jpg.chip.jpg,54,Male,White
30_0_0_20170117171547706.jpg.chip.jpg,30,Male,White
26_0_0_20170117172704775.jpg.chip.jpg,26,Male,White
24_1_2_20170116165951514.jpg.chip.jpg,24,Female,Asian
28_0_1_20170113190421608.jpg.chip.jpg,28,Male,Black
52_1_0_20170110132411787.jpg.chip.jpg,52,Female,White
34_0_4_20170117141716057.jpg.chip.jpg,34,Male,Others
23_0_1_20170113195548821.jpg.chip.jpg,23,Male,Black
26_1_4_20170117201612869.jpg.chip.jpg,26,Female,Others
22_1_3_20170104223125535.jpg.chip.jpg,22,Female,Indian
1_0_3_20161220220317465.jpg.chip.jpg,1,Male,Indian
28_1_2_20170116165514344.jpg.chip.jpg,28,Female,Asian
54_0_0_20170117171400372.jpg.chip.jpg,54,Male,White
24_1_1_20170116162121188.jpg.chip.jpg,24,Female,Black
35_0_3_20170104215607486.jpg.chip.jpg,35,Male,Indian
35_0_2_20170117182954110.jpg.chip.jpg,35,Male,Asian
60_1_0_20170110151456654.jpg.chip.jpg,60,Female,White
35_1_1_20170115235922203.jpg.chip.jpg,35,Female,Black
77_0_2_20170112220236152.jpg.chip.jpg,77,Male,Asian
1_0_0_20161219203009924.jpg.chip.jpg,1,Male,White
26_0_0_20170116192554607.jpg.chip.jpg,26,Male,White
32_0_3_20170119200350788.jpg.chip.jpg,32,Male,Indian
1_0_4_20161221202008129.jpg.chip.jpg,1,Male,Others
45_0_1_20170117135648741.jpg.chip.jpg,45,Male,Black
37_1_2_20170105172724340.jpg.chip.jpg,37,Female,Asian
38_1_0_20170104171602219.jpg.chip.jpg,38,Female,White
45_0_3_20170119200804204.jpg.chip.jpg,45,Male,Indian
31_1_0_20170117133119014.jpg.chip.jpg,31,Female,White
26_0_1_20170116010816035.jpg.chip.jpg,26,Male,Black
35_0_3_20170116210123526.jpg.chip.jpg,35,Male,Indian
1_0_2_20161219194811588.jpg.chip.jpg,1,Male,Asian
28_1_2_20170116164640416.jpg.chip.jpg,28,Female,Asian
50_0_3_20170119205559383.jpg.chip.jpg,50,Male,Indian
28_1_3_20170104231509930.jpg.chip.jpg,28,Female,Indian
46_0_0_20170104210235844.jpg.chip.jpg,46,Male,White
21_0_0_20170117141823641.jpg.chip.jpg,21,Male,White
1_1_2_20161219155907501.jpg.chip.jpg,1,Female,Asian
62_0_1_20170111204710125.jpg.chip.jpg,62,Male,Black
50_0_3_20170119203956223.jpg.chip.jpg,50,Male,Indian
57_1_0_20170110154547015.jpg.chip.jpg,57,Female,White
28_1_2_20170116190142300.jpg.chip.jpg,28,Female,Asian
24_0_3_20170117144123778.jpg.chip.jpg,24,Male,Indian
53_0_0_20170120222602009.jpg.chip.jpg,53,Male,White
18_1_1_20170113005321501.jpg.chip.jpg,18,Female,Black
38_0_0_20170104203131804.jpg.chip.jpg,38,Male,White
65_0_0_20170111195430569.jpg.chip.jpg,65,Male,White
80_0_0_20170117174524277.jpg.chip.jpg,80,Male,White
25_1_4_20170103230211911.jpg.chip.jpg,25,Female,Others
38_0_1_20170116002845718.jpg.chip.jpg,38,Male,Black
50_1_3_20170104181430093.jpg.chip.jpg,50,Female,Indian
22_1_1_20170114025217323.jpg.chip.jpg,22,Female,Black
35_0_1_20170117170546969.jpg.chip.jpg,35,Male,Black
1_1_0_20161219154510229.jpg.chip.jpg,1,Female,White
57_0_0_20170104183717886.jpg.chip.jpg,57,Male,White
4_1_0_20170109192110040.jpg.chip.jpg,4,Female,White
25_0_3_20170119171120578.jpg.chip.jpg,25,Male,Indian
24_1_0_20170105000615467.jpg.chip.jpg,24,Female,White
32_0_0_20170117021349237.jpg.chip.jpg,32,Male,White
40_1_1_20170113011948248.jpg.chip.jpg,40,Female,Black
65_0_0_20170117191819572.jpg.chip.jpg,65,Male,White
69_0_1_20170113184901806.jpg.chip.jpg,69,Male,Black
60_0_0_20170117192002666.jpg.chip.jpg,60,Male,White
20_1_0_20170119153358328.jpg.chip.jpg,20,Female,White
37_1_0_20170119202548638.jpg.chip.jpg,37,Female,White
2_0_2_20161219192150665.jpg.chip.jpg,2,Male,Asian
26_1_2_20170104021834541.jpg.chip.jpg,26,Female,Asian
26_1_1_20170116170023605.jpg.chip.jpg,26,Female,Black
61_0_0_20170117175110925.jpg.chip.jpg,61,Male,White
16_1_4_20170103201023166.jpg.chip.jpg,16,Female,Others
61_1_0_20170117175115575.jpg.chip.jpg,61,Female,White
26_1_2_20170116175503224.jpg.chip.jpg,26,Female,Asian
30_1_2_20170116164729972.jpg.chip.jpg,30,Female,Asian
33_0_0_20170105164910285.jpg.chip.jpg,33,Male,White
30_0_0_20170119195624116.jpg.chip.jpg,30,Male,White
10_0_0_20170110221811823.jpg.chip.jpg,10,Male,White
37_0_3_20170119180031371.jpg.chip.jpg,37,Male,Indian
36_1_2_20170104171636882.jpg.chip.jpg,36,Female,Asian
40_0_0_20170117000342028.jpg.chip.jpg,40,Male,White
28_1_0_20170120140301800.jpg.chip.jpg,28,Female,White
26_0_4_20170117195722036.jpg.chip.jpg,26,Male,Others
16_0_0_20170110231221050.jpg.chip.jpg,16,Male,White
24_1_0_20170108225915369.jpg.chip.jpg,24,Female,White
26_0_0_20170117195728500.jpg.chip.jpg,26,Male,White
80_0_0_20170117175258116.jpg.chip.jpg,80,Male,White
29_0_1_20170117094745480.jpg.chip.jpg,29,Male,Black
76_1_0_20170110180142396.jpg.chip.jpg,76,Female,White
35_0_3_20170119175248164.jpg.chip.jpg,35,Male,Indian
16_0_0_20170104012330536.jpg.chip.jpg,16,Male,White
72_0_1_20170113185128016.jpg.chip.jpg,72,Male,Black
26_1_3_20170104235151882.jpg.chip.jpg,26,Female,Indian
22_1_2_20170104020035915.jpg.chip.jpg,22,Female,Asian
23_0_0_20170117194041797.jpg.chip.jpg,23,Male,White
38_1_3_20170119163208659.jpg.chip.jpg,38,Female,Indian
34_1_0_20170117190413161.jpg.chip.jpg,34,Female,White
4_0_4_20161221193322159.jpg.chip.jpg,4,Male,Others
24_1_3_20170119170911086.jpg.chip.jpg,24,Female,Indian
39_0_3_20170119183908421.jpg.chip.jpg,39,Male,Indian
4_1_4_20170103210522819.jpg.chip.jpg,4,Female,Others
32_1_1_20170112210310963.jpg.chip.jpg,32,Female,Black
27_1_0_20170117174845392.jpg.chip.jpg,27,Female,White
54_0_3_20170117185818497.jpg.chip.jpg,54,Male,Indian
23_1_3_20170119164552438.jpg.chip.jpg,23,Female,Indian
28_0_3_20170117020733772.jpg.chip.jpg,28,Male,Indian
20_0_2_20170117135024223.jpg.chip.jpg,20,Male,Asian
20_0_0_20170116205352042.jpg.chip.jpg,20,Male,White
60_0_3_20170119205804806.jpg.chip.jpg,60,Male,Indian
34_1_1_20170117022208457.jpg.chip.jpg,34,Female,Black
36_0_1_20170117154315346.jpg.chip.jpg,36,Male,Black
36_1_1_20170117135855155.jpg.chip.jpg,36,Female,Black
23_1_0_20170116221715630.jpg.chip.jpg,23,Female,White
54_0_0_20170120134341414.jpg.chip.jpg,54,Male,White
6_1_0_20170114033411045.jpg.chip.jpg,6,Female,White
35_0_1_20170116195822091.jpg.chip.jpg,35,Male,Black
38_1_1_20170116165625644.jpg.chip.jpg,38,Female,Black
26_0_1_20170113135304305.jpg.chip.jpg,26,Male,Black
30_0_0_20170117171629282.jpg.chip.jpg,30,Male,White
10_0_0_20170110220447314.jpg.chip.jpg,10,Male,White
34_1_0_20170117171706314.jpg.chip.jpg,34,Female,White
76_0_2_20170112224634252.jpg.chip.jpg,76,Male,Asian
24_1_2_20170116174418910.jpg.chip.jpg,24,Female,Asian
18_1_0_20170109214646809.jpg.chip.jpg,18,Female,White
72_0_0_20170111222538530.jpg.chip.jpg,72,Male,White
73_1_0_20170110140448378.jpg.chip.jpg,73,Female,White
1_1_0_20161219222653447.jpg.chip.jpg,1,Female,White
40_0_0_20170117183221334.jpg.chip.jpg,40,Male,White
50_0_4_20170104210650526.jpg.chip.jpg,50,Male,Others
35_0_1_20170108224707492.jpg.chip.jpg,35,Male,Black
65_0_0_20170120223009912.jpg.chip.jpg,65,Male,White
26_1_2_20170116180325633.jpg.chip.jpg,26,Female,Asian
37_0_3_20170119202258422.jpg.chip.jpg,37,Male,Indian
18_1_0_20170109213011914.jpg.chip.jpg,18,Female,White
28_1_0_20170117184735527.jpg.chip.jpg,28,Female,White
35_0_0_20170117120948071.jpg.chip.jpg,35,Male,White
34_0_3_20170119165336734.jpg.chip.jpg,34,Male,Indian
31_1_2_20161219211907149.jpg.chip.jpg,31,Female,Asian
26_0_2_20170116175936478.jpg.chip.jpg,26,Male,Asian
9_0_0_20170110224455692.jpg.chip.jpg,9,Male,White
23_1_4_20170104011031984.jpg.chip.jpg,23,Female,Others
26_0_4_20170117153053957.jpg.chip.jpg,26,Male,Others
28_0_3_20170119194818890.jpg.chip.jpg,28,Male,Indian
45_0_3_20170119194836227.jpg.chip.jpg,45,Male,Indian
29_0_1_20170117104606138.jpg.chip.jpg,29,Male,Black
26_0_2_20170116184700065.jpg.chip.jpg,26,Male,Asian
12_1_0_20170104005712405.jpg.chip.jpg,12,Female,White
75_0_0_20170111210855670.jpg.chip.jpg,75,Male,White
56_0_1_20170117165152523.jpg.chip.jpg,56,Male,Black
8_1_0_20170109201654441.jpg.chip.jpg,8,Female,White
24_1_0_20170116205903763.jpg.chip.jpg,24,Female,White
4_1_3_20161220220859874.jpg.chip.jpg,4,Female,Indian
31_0_3_20170104204851228.jpg.chip.jpg,31,Male,Indian
38_1_0_20170117154114972.jpg.chip.jpg,38,Female,White
2_0_4_20170103202421392.jpg.chip.jpg,2,Male,Others
28_0_1_20170116152956497.jpg.chip.jpg,28,Male,Black
56_1_0_20170113001501874.jpg.chip.jpg,56,Female,White
43_0_3_20170112220309502.jpg.chip.jpg,43,Male,Indian
27_0_2_20170116163655761.jpg.chip.jpg,27,Male,Asian
36_1_3_20170117183328934.jpg.chip.jpg,36,Female,Indian
22_1_0_20170116214314602.jpg.chip.jpg,22,Female,White
29_1_0_20170109132341425.jpg.chip.jpg,29,Female,White
53_1_0_20170104202409738.jpg.chip.jpg,53,Female,White
44_0_3_20170119181415173.jpg.chip.jpg,44,Male,Indian
35_0_0_20170109002742991.jpg.chip.jpg,35,Male,White
3_1_2_20161219160306229.jpg.chip.jpg,3,Female,Asian
55_0_3_20170119201401100.jpg.chip.jpg,55,Male,Indian
42_1_3_20170109141104388.jpg.chip.jpg,42,Female,Indian
39_1_0_20170105184017031.jpg.chip.jpg,39,Female,White
36_0_3_20170119183728238.jpg.chip.jpg,36,Male,Indian
28_1_0_20170116213524092.jpg.chip.jpg,28,Female,White
55_0_0_20170113185136832.jpg.chip.jpg,55,Male,White
2_1_4_20170103202812009.jpg.chip.jpg,2,Female,Others
1_0_0_20170110213206043.jpg.chip.jpg,1,Male,White
14_1_0_20170103200757286.jpg.chip.jpg,14,Female,White
54_1_1_20170117171655227.jpg.chip.jpg,54,Female,Black
22_1_2_20170116172719532.jpg.chip.jpg,22,Female,Asian
39_0_0_20170105172508901.jpg.chip.jpg,39,Male,White
6_1_3_20161220221604706.jpg.chip.jpg,6,Female,Indian
32_0_1_20170113195640844.jpg.chip.jpg,32,Male,Black
58_0_0_20170120224609760.jpg.chip.jpg,58,Male,White
25_1_0_20170104183350805.jpg.chip.jpg,25,Female,White
50_0_0_20170117135334839.jpg.chip.jpg,50,Male,White
37_0_0_20170109013120280.jpg.chip.jpg,37,Male,White
50_0_3_20170104220753655.jpg.chip.jpg,50,Male,Indian
68_0_1_20170117194555228.jpg.chip.jpg,68,Male,Black
61_0_0_20170104210224700.jpg.chip.jpg,61,Male,White
25_1_0_20170117182558966.jpg.chip.jpg,25,Female,White
16_1_0_20170104013530988.jpg.chip.jpg,16,Female,White
64_0_2_20170116193332398.jpg.chip.jpg,64,Male,Asian
24_1_3_20170117150638948.jpg.chip.jpg,24,Female,Indian
15_1_4_20170103234910356.jpg.chip.jpg,15,Female,Others
3_0_0_20170110213243664.jpg.chip.jpg,3,Male,White
54_0_0_20170113210319956.jpg.chip.jpg,54,Male,White
26_1_3_20170119193058134.jpg.chip.jpg,26,Female,Indian
40_0_0_20170117134408032.jpg.chip.jpg,40,Male,White
5_1_2_20161219192039498.jpg.chip.jpg,5,Female,Asian
27_0_3_20170119193231250.jpg.chip.jpg,27,Male,Indian
31_0_0_20170117131124063.jpg.chip.jpg,31,Male,White
28_0_1_20170116210503300.jpg.chip.jpg,28,Male,Black
50_1_0_20170117134105409.jpg.chip.jpg,50,Female,White
51_1_0_20170110160643172.jpg.chip.jpg,51,Female,White
28_1_4_20170117202558575.jpg.chip.jpg,28,Female,Others
65_0_3_20170105180657742.jpg.chip.jpg,65,Male,Indian
38_1_2_20170109002533677.jpg.chip.jpg,38,Female,Asian
8_1_2_20170104005626607.jpg.chip.jpg,8,Female,Asian
26_1_2_20170116175901780.jpg.chip.jpg,26,Female,Asian
22_1_1_20170103180755073.jpg.chip.jpg,22,Female,Black
31_1_0_20170103183408770.jpg.chip.jpg,31,Female,White
13_1_0_20170109201615837.jpg.chip.jpg,13,Female,White
27_0_0_20170116204122640.jpg.chip.jpg,27,Male,White
52_0_0_20170117160940615.jpg.chip.jpg,52,Male,White
21_1_4_20170103180619480.jpg.chip.jpg,21,Female,Others
34_1_1_20170116232159244.jpg.chip.jpg,34,Female,Black
30_1_0_20170117160402167.jpg.chip.jpg,30,Female,White
26_1_2_20170117174716222.jpg.chip.jpg,26,Female,Asian
18_1_1_20170113005132350.jpg.chip.jpg,18,Female,Black
28_1_0_20170117202529215.jpg.chip.jpg,28,Female,White
26_1_1_20170113012034848.jpg.chip.jpg,26,Female,Black
2_0_2_20161219142258121.jpg.chip.jpg,2,Male,Asian
34_0_0_20170117182746110.jpg.chip.jpg,34,Male,White
65_0_0_20170120225216335.jpg.chip.jpg,65,Male,White
8_0_0_20170103200436055.jpg.chip.jpg,8,Male,White
4_0_2_20161219194118187.jpg.chip.jpg,4,Male,Asian
26_1_2_20170116175958704.jpg.chip.jpg,26,Female,Asian
27_0_2_20170116161902902.jpg.chip.jpg,27,Male,Asian
50_0_3_20170119204134671.jpg.chip.jpg,50,Male,Indian
62_0_0_20170117192208082.jpg.chip.jpg,62,Male,White
35_1_1_20170113012807626.jpg.chip.jpg,35,Female,Black
28_1_4_20170117202422103.jpg.chip.jpg,28,Female,Others
22_1_3_20170109131950179.jpg.chip.jpg,22,Female,Indian
24_1_1_20170112220135559.jpg.chip.jpg,24,Female,Black
15_1_4_20170103223416559.jpg.chip.jpg,15,Female,Others
34_0_3_20170119200600229.jpg.chip.jpg,34,Male,Indian
1_0_0_20170110211535352.jpg.chip.jpg,1,Male,White
1_1_2_20161219142156353.jpg.chip.jpg,1,Female,Asian
15_1_0_20170109204210842.jpg.chip.jpg,15,Female,White
35_0_2_20170117191648050.jpg.chip.jpg,35,Male,Asian
75_1_0_20170110131534363.jpg.chip.jpg,75,Female,White
47_0_0_20170105173121444.jpg.chip.jpg,47,Male,White
15_1_2_20170104012031136.jpg.chip.jpg,15,Female,Asian
49_1_3_20170109141741879.jpg.chip.jpg,49,Female,Indian
47_0_3_20170119175043787.jpg.chip.jpg,47,Male,Indian
27_1_3_20170117183509909.jpg.chip.jpg,27,Female,Indian
27_0_0_20170104193647416.jpg.chip.jpg,27,Male,White
27_1_2_20170116163003893.jpg.chip.jpg,27,Female,Asian
76_0_2_20170105174825693.jpg.chip.jpg,76,Male,Asian
35_1_4_20170117203423144.jpg.chip.jpg,35,Female,Others
25_0_4_20170117144100122.jpg.chip.jpg,25,Male,Others
39_1_0_20170103182037472.jpg.chip.jpg,39,Female,White
26_0_1_20170116142850729.jpg.chip.jpg,26,Male,Black
26_1_0_20170116184837899.jpg.chip.jpg,26,Female,White
25_0_0_20170116215601291.jpg.chip.jpg,25,Male,White
4_0_3_20161220220754249.jpg.chip.jpg,4,Male,Indian
31_0_2_20170116191334762.jpg.chip.jpg,31,Male,Asian
16_0_0_20170110231218369.jpg.chip.jpg,16,Male,White
26_1_3_20170113011802678.jpg.chip.jpg,26,Female,Indian
30_1_4_20170103225917841.jpg.chip.jpg,30,Female,Others
20_0_0_20170116201311689.jpg.chip.jpg,20,Male,White
55_0_4_20170120134239783.jpg.chip.jpg,55,Male,Others
25_0_0_20170117151851107.jpg.chip.jpg,25,Male,White
30_0_0_20170107212036868.jpg.chip.jpg,30,Male,White
32_1_1_20170112213321285.jpg.chip.jpg,32,Female,Black
25_1_3_20170119171925976.jpg.chip.jpg,25,Female,Indian
24_1_2_20170116172642345.jpg.chip.jpg,24,Female,Asian
76_1_0_20170110175728311.jpg.chip.jpg,76,Female,White
34_0_3_20170117182655941.jpg.chip.jpg,34,Male,Indian
28_0_4_20170117202324814.jpg.chip.jpg,28,Male,Others
30_0_2_20170116174750148.jpg.chip.jpg,30,Male,Asian
59_0_0_20170104212234005.jpg.chip.jpg,59,Male,White
49_0_0_20170119211323601.jpg.chip.jpg,49,Male,White
26_1_3_20170104214236981.jpg.chip.jpg,26,Female,Indian
24_1_3_20170117150530668.jpg.chip.jpg,24,Female,Indian
27_1_1_20170112213535591.jpg.chip.jpg,27,Female,Black
50_1_0_20170117203951023.jpg.chip.jpg,50,Female,White
34_1_2_20170104023010725.jpg.chip.jpg,34,Female,Asian
69_1_0_20170110141818223.jpg.chip.jpg,69,Female,White
43_1_0_20170117155107368.jpg.chip.jpg,43,Female,White
60_0_0_20170117204804937.jpg.chip.jpg,60,Male,White
2_0_4_20170103210341459.jpg.chip.jpg,2,Male,Others
26_0_2_20170116180859386.jpg.chip.jpg,26,Male,Asian
48_0_0_20170117140647918.jpg.chip.jpg,48,Male,White
35_0_0_20170105163921171.jpg.chip.jpg,35,Male,White
30_1_3_20170117153305045.jpg.chip.jpg,30,Female,Indian
36_1_1_20170112204442403.jpg.chip.jpg,36,Female,Black
35_1_0_20170116222743531.jpg.chip.jpg,35,Female,White
15_1_2_20170104012024121.jpg.chip.jpg,15,Female,Asian
15_0_0_20170116201332456.jpg.chip.jpg,15,Male,White
15_1_0_20170109214723528.jpg.chip.jpg,15,Female,White
29_0_1_20170117022429192.jpg.chip.jpg,29,Male,Black
24_1_4_20170117194833796.jpg.chip.jpg,24,Female,Others
37_1_1_20170116162128869.jpg.chip.jpg,37,Female,Black
45_0_0_20170117152339171.jpg.chip.jpg,45,Male,White
25_1_3_20170117142257810.jpg.chip.jpg,25,Female,Indian
26_1_3_20170104222600591.jpg.chip.jpg,26,Female,Indian
9_0_0_20170110220130810.jpg.chip.jpg,9,Male,White
48_0_3_20170119201811053.jpg.chip.jpg,48,Male,Indian
54_0_3_20170119201754083.jpg.chip.jpg,54,Male,Indian
40_0_0_20170105172925445.jpg.chip.jpg,40,Male,White
26_1_1_20170116175448301.jpg.chip.jpg,26,Female,Black
27_1_4_20170103230157624.jpg.chip.jpg,27,Female,Others
35_0_0_20170117143404590.jpg.chip.jpg,35,Male,White
25_1_4_20161221195850512.jpg.chip.jpg,25,Female,Others
51_0_3_20170104220403390.jpg.chip.jpg,51,Male,Indian
45_0_0_20170111204133863.jpg.chip.jpg,45,Male,White
20_1_3_20170119144712261.jpg.chip.jpg,20,Female,Indian
5_1_0_20170109193951363.jpg.chip.jpg,5,Female,White
29_1_1_20170103183648691.jpg.chip.jpg,29,Female,Black
36_0_1_20170117183213758.jpg.chip.jpg,36,Male,Black
54_0_3_20170119210214520.jpg.chip.jpg,54,Male,Indian
32_1_1_20170112210500948.jpg.chip.jpg,32,Female,Black
28_1_1_20170112211718717.jpg.chip.jpg,28,Female,Black
1_0_4_20161221195030936.jpg.chip.jpg,1,Male,Others
15_0_0_20170110225440579.jpg.chip.jpg,15,Male,White
26_1_3_20170117174352558.jpg.chip.jpg,26,Female,Indian
80_0_0_20170117175507859.jpg.chip.jpg,80,Male,White
1_1_0_20170109191253730.jpg.chip.jpg,1,Female,White
16_1_0_20170109201603478.jpg.chip.jpg,16,Female,White
51_0_1_20170113174654644.jpg.chip.jpg,51,Male,Black
54_0_0_20170111222142109.jpg.chip.jpg,54,Male,White
26_1_3_20170119181305426.jpg.chip.jpg,26,Female,Indian
24_1_2_20170116174538267.jpg.chip.jpg,24,Female,Asian
37_1_0_20170103163519252.jpg.chip.jpg,37,Female,White
20_0_4_20170117203144623.jpg.chip.jpg,20,Male,Others
17_0_1_20170117170512970.jpg.chip.jpg,17,Male,Black
36_0_1_20170113182443806.jpg.chip.jpg,36,Male,Black
58_1_0_20170117154125683.jpg.chip.jpg,58,Female,White
8_1_0_20170109204400392.jpg.chip.jpg,8,Female,White
26_1_1_20170116023808283.jpg.chip.jpg,26,Female,Black
5_1_4_20161221201952681.jpg.chip.jpg,5,Female,Others
36_0_0_20170117135442285.jpg.chip.jpg,36,Male,White
56_0_1_20170113184709263.jpg.chip.jpg,56,Male,Black
56_0_1_20170113173811475.jpg.chip.jpg,56,Male,Black
50_0_1_20170113152855753.jpg.chip.jpg,50,Male,Black
35_0_0_20170117134941492.jpg.chip.jpg,35,Male,White
41_0_0_20170104200612385.jpg.chip.jpg,41,Male,White
36_0_3_20170119201805435.jpg.chip.jpg,36,Male,Indian
15_1_0_20170109213421667.jpg.chip.jpg,15,Female,White
28_1_0_20170104171611673.jpg.chip.jpg,28,Female,White
20_1_1_20170112191323933.jpg.chip.jpg,20,Female,Black
65_0_0_20170111171747629.jpg.chip.jpg,65,Male,White
32_1_2_20170116184058376.jpg.chip.jpg,32,Female,Asian
35_0_0_20170117194328411.jpg.chip.jpg,35,Male,White
31_0_1_20170113134750410.jpg.chip.jpg,31,Male,Black
28_1_1_20170117010436105.jpg.chip.jpg,28,Female,Black
1_1_0_20170109191148861.jpg.chip.jpg,1,Female,White
20_0_4_20170117193505639.jpg.chip.jpg,20,Male,Others
53_1_0_20170109142039096.jpg.chip.jpg,53,Female,White
26_1_1_20170117172351702.jpg.chip.jpg,26,Female,Black
11_0_0_20170110225327724.jpg.chip.jpg,11,Male,White
37_0_2_20170116184924251.jpg.chip.jpg,37,Male,Asian
20_1_0_20170104021334149.jpg.chip.jpg,20,Female,White
26_0_1_20170117200630022.jpg.chip.jpg,26,Male,Black
56_0_1_20170113174604139.jpg.chip.jpg,56,Male,Black
45_0_0_20170117181001561.jpg.chip.jpg,45,Male,White
45_0_3_20170119195659219.jpg.chip.jpg,45,Male,Indian
9_0_0_20170110220159083.jpg.chip.jpg,9,Male,White
75_0_3_20170112224225939.jpg.chip.jpg,75,Male,Indian
34_0_1_20170117010655969.jpg.chip.jpg,34,Male,Black
28_0_4_20170117020801701.jpg.chip.jpg,28,Male,Others
22_0_1_20170114033134437.jpg.chip.jpg,22,Male,Black
18_1_0_20170109214122492.jpg.chip.jpg,18,Female,White
36_0_4_20170105170158252.jpg.chip.jpg,36,Male,Others
1_1_0_20170109193022683.jpg.chip.jpg,1,Female,White
23_0_0_20170117144545593.jpg.chip.jpg,23,Male,White
40_0_0_20170116182430598.jpg.chip.jpg,40,Male,White
2_1_2_20161219222430327.jpg.chip.jpg,2,Female,Asian
40_0_0_20170117185309809.jpg.chip.jpg,40,Male,White
23_0_4_20170117194033772.jpg.chip.jpg,23,Male,Others
32_1_1_20170117194640746.jpg.chip.jpg,32,Female,Black
24_0_4_20170116232936514.jpg.chip.jpg,24,Male,Others
52_1_0_20170110151437658.jpg.chip.jpg,52,Female,White
28_0_3_20170119194457163.jpg.chip.jpg,28,Male,Indian
26_1_2_20170116180506806.jpg.chip.jpg,26,Female,Asian
29_1_0_20170104184312581.jpg.chip.jpg,29,Female,White
45_1_0_20170109135632551.jpg.chip.jpg,45,Female,White
38_0_1_20170113174624908.jpg.chip.jpg,38,Male,Black
30_1_0_20170104234753946.jpg.chip.jpg,30,Female,White
32_0_0_20170117203115358.jpg.chip.jpg,32,Male,White
37_0_0_20170117183419508.jpg.chip.jpg,37,Male,White
39_0_2_20170117154429963.jpg.chip.jpg,39,Male,Asian
26_1_0_20170113210127505.jpg.chip.jpg,26,Female,White
47_0_1_20170117193737256.jpg.chip.jpg,47,Male,Black
24_0_3_20170117150546627.jpg.chip.jpg,24,Male,Indian
78_1_0_20170110181616162.jpg.chip.jpg,78,Female,White
2_0_2_20161219202644971.jpg.chip.jpg,2,Male,Asian
30_1_1_20170113001206682.jpg.chip.jpg,30,Female,Black
28_1_0_20170114032127194.jpg.chip.jpg,28,Female,White
1_0_0_20170110213223460.jpg.chip.jpg,1,Male,White
2_1_3_20161219225526407.jpg.chip.jpg,2,Female,Indian
36_0_3_20170119191815385.jpg.chip.jpg,36,Male,Indian
29_1_3_20170117180824298.jpg.chip.jpg,29,Female,Indian
15_0_0_20170110232443234.jpg.chip.jpg,15,Male,White
7_1_4_20161221202624721.jpg.chip.jpg,7,Female,Others
39_0_1_20170116202008001.jpg.chip.jpg,39,Male,Black
62_0_2_20170112223958141.jpg.chip.jpg,62,Male,Asian
25_1_0_20170113005444622.jpg.chip.jpg,25,Female,White
28_1_3_20170104231853785.jpg.chip.jpg,28,Female,Indian
37_1_1_20170103183005866.jpg.chip.jpg,37,Female,Black
44_0_3_20170119204704727.jpg.chip.jpg,44,Male,Indian
28_1_1_20170116023923708.jpg.chip.jpg,28,Female,Black
63_1_3_20170109134308184.jpg.chip.jpg,63,Female,Indian
26_0_0_20170117172856799.jpg.chip.jpg,26,Male,White
23_1_3_20170119164553534.jpg.chip.jpg,23,Female,Indian
48_1_1_20170109142322529.jpg.chip.jpg,48,Female,Black
25_0_3_20170119153857705.jpg.chip.jpg,25,Male,Indian
30_1_1_20170112215103998.jpg.chip.jpg,30,Female,Black
58_0_3_20170119211545409.jpg.chip.jpg,58,Male,Indian
26_1_4_20170103230503161.jpg.chip.jpg,26,Female,Others
72_0_2_20170112224532491.jpg.chip.jpg,72,Male,Asian
24_0_1_20170114025920224.jpg.chip.jpg,24,Male,Black
75_0_0_20170111205314158.jpg.chip.jpg,75,Male,White
70_0_3_20170119181040603.jpg.chip.jpg,70,Male,Indian
26_1_0_20170117170011666.jpg.chip.jpg,26,Female,White
39_1_0_20170117171010820.jpg.chip.jpg,39,Female,White
31_1_0_20170117131127303.jpg.chip.jpg,31,Female,White
35_0_1_20170117143106996.jpg.chip.jpg,35,Male,Black
8_1_0_20170109203324490.jpg.chip.jpg,8,Female,White
29_1_4_20170104165735505.jpg.chip.jpg,29,Female,Others
12_1_0_20170116211852302.jpg.chip.jpg,12,Female,White
2_1_3_20161219224614064.jpg.chip.jpg,2,Female,Indian
30_1_0_20170117092814966.jpg.chip.jpg,30,Female,White
34_0_1_20170113155438945.jpg.chip.jpg,34,Male,Black
4_1_0_20170109204913999.jpg.chip.jpg,4,Female,White
16_0_0_20170110231904662.jpg.chip.jpg,16,Male,White
29_1_2_20170116171619907.jpg.chip.jpg,29,Female,Asian
36_1_1_20170116023952972.jpg.chip.jpg,36,Female,Black
28_0_0_20170120134432302.jpg.chip.jpg,28,Male,White
15_1_0_20170103201148510.jpg.chip.jpg,15,Female,White
65_0_0_20170120224023991.jpg.chip.jpg,65,Male,White
26_1_0_20170109134235854.jpg.chip.jpg,26,Female,White
32_1_4_20170117203127032.jpg.chip.jpg,32,Female,Others
30_1_1_20170112215105568.jpg.chip.jpg,30,Female,Black
31_1_1_20170116180044004.jpg.chip.jpg,31,Female,Black
35_0_0_20170117171451970.jpg.chip.jpg,35,Male,White
72_1_1_20170120223941518.jpg.chip.jpg,72,Female,Black
47_1_0_20170117160238720.jpg.chip.jpg,47,Female,White
2_1_2_20161219151440283.jpg.chip.jpg,2,Female,Asian
27_1_2_20170116163729639.jpg.chip.jpg,27,Female,Asian
55_0_3_20170119201651189.jpg.chip.jpg,55,Male,Indian
54_0_2_20170109012851763.jpg.chip.jpg,54,Male,Asian
21_0_0_20170104230014969.jpg.chip.jpg,21,Male,White
51_0_0_20170117173720491.jpg.chip.jpg,51,Male,White
18_1_4_20170103223026335.jpg.chip.jpg,18,Female,Others
70_1_0_20170120221601317.jpg.chip.jpg,70,Female,White
29_0_0_20170104201322098.jpg.chip.jpg,29,Male,White
37_0_4_20170104000927484.jpg.chip.jpg,37,Male,Others
24_0_3_20170119164647197.jpg.chip.jpg,24,Male,Indian
14_0_1_20170113145153262.jpg.chip.jpg,14,Male,Black
26_1_1_20170116011425192.jpg.chip.jpg,26,Female,Black
26_1_3_20170104215719454.jpg.chip.jpg,26,Female,Indian
20_1_0_20170119153405080.jpg.chip.jpg,20,Female,White
26_1_2_20170117154425237.jpg.chip.jpg,26,Female,Asian
54_0_0_20170117191405698.jpg.chip.jpg,54,Male,White
43_0_1_20170111194850581.jpg.chip.jpg,43,Male,Black
30_1_0_20170117131022202.jpg.chip.jpg,30,Female,White
23_0_0_20170104004012222.jpg.chip.jpg,23,Male,White
50_0_0_20170117135317385.jpg.chip.jpg,50,Male,White
2_0_2_20161219194420523.jpg.chip.jpg,2,Male,Asian
26_0_1_20170116024646322.jpg.chip.jpg,26,Male,Black
30_1_2_20170116191236376.jpg.chip.jpg,30,Female,Asian
24_1_0_20170103180642496.jpg.chip.jpg,24,Female,White
26_0_4_20170117200025445.jpg.chip.jpg,26,Male,Others
27_0_0_20170117013808240.jpg.chip.jpg,27,Male,White
75_1_0_20170109142100690.jpg.chip.jpg,75,Female,White
61_0_1_20170117182431301.jpg.chip.jpg,61,Male,Black
30_0_0_20170117132539923.jpg.chip.jpg,30,Male,White
58_0_0_20170120222516888.jpg.chip.jpg,58,Male,White
35_1_1_20170112191352903.jpg.chip.jpg,35,Female,Black
72_1_0_20170110175340308.jpg.chip.jpg,72,Female,White
32_0_3_20170119200348476.jpg.chip.jpg,32,Male,Indian
28_1_2_20170105162418251.jpg.chip.jpg,28,Female,Asian
23_0_2_20170107213747034.jpg.chip.jpg,23,Male,Asian
23_0_2_20170116173001224.jpg.chip.jpg,23,Male,Asian
51_1_0_20170110123256915.jpg.chip.jpg,51,Female,White
18_1_3_20170109212742369.jpg.chip.jpg,18,Female,Indian
47_0_0_20170117204124336.jpg.chip.jpg,47,Male,White
28_0_0_20170117180611163.jpg.chip.jpg,28,Male,White
55_1_1_20170117202741735.jpg.chip.jpg,55,Female,Black
24_1_3_20170104222408639.jpg.chip.jpg,24,Female,Indian
22_1_3_20170104232454786.jpg.chip.jpg,22,Female,Indian
52_0_0_20170109005553829.jpg.chip.jpg,52,Male,White
21_0_1_20170113133118839.jpg.chip.jpg,21,Male,Black
27_1_1_20170117013836057.jpg.chip.jpg,27,Female,Black
55_0_0_20170117184812800.jpg.chip.jpg,55,Male,White
28_0_1_20170113133943577.jpg.chip.jpg,28,Male,Black
50_0_3_20170119203626302.jpg.chip.jpg,50,Male,Indian
36_0_3_20170117183319878.jpg.chip.jpg,36,Male,Indian
24_0_0_20170117150004378.jpg.chip.jpg,24,Male,White
29_0_0_20170116024240065.jpg.chip.jpg,29,Male,White
27_0_1_20170117014026944.jpg.chip.jpg,27,Male,Black
39_0_4_20170104200827073.jpg.chip.jpg,39,Male,Others
65_0_1_20170117194017535.jpg.chip.jpg,65,Male,Black
27_1_1_20170117165225648.jpg.chip.jpg,27,Female,Black
57_0_0_20170117172545585.jpg.chip.jpg,57,Male,White
62_1_0_20170110140759145.jpg.chip.jpg,62,Female,White
39_0_2_20170117172557625.jpg.chip.jpg,39,Male,Asian
1_1_0_20170109190810090.jpg.chip.jpg,1,Female,White
1_1_3_20161219224753152.jpg.chip.jpg,1,Female,Indian
49_1_0_20170109220635624.jpg.chip.jpg,49,Female,White
75_1_0_20170110183152937.jpg.chip.jpg,75,Female,White
9_0_0_20170110224819698.jpg.chip.jpg,9,Male,White
20_1_0_20170117192922563.jpg.chip.jpg,20,Female,White
40_0_0_20170105172450332.jpg.chip.jpg,40,Male,White
31_0_2_20170112191137663.jpg.chip.jpg,31,Male,Asian
14_1_0_20170109213548658.jpg.chip.jpg,14,Female,White
77_1_0_20170110122639530.jpg.chip.jpg,77,Female,White
63_0_1_20170117182443400.jpg.chip.jpg,63,Male,Black
24_1_0_20170117145637012.jpg.chip.jpg,24,Female,White
30_1_2_20170116163458646.jpg.chip.jpg,30,Female,Asian
10_1_1_20170110225155603.jpg.chip.jpg,10,Female,Black
2_1_1_20170109190932811.jpg.chip.jpg,2,Female,Black
47_0_4_20170104211902412.jpg.chip.jpg,47,Male,Others
57_1_0_20170109134356713.jpg.chip.jpg,57,Female,White
26_0_4_20170116193007097.jpg.chip.jpg,26,Male,Others
5_0_2_20161219192452267.jpg.chip.jpg,5,Male,Asian
43_0_0_20170117175406746.jpg.chip.jpg,43,Male,White
50_0_0_20170104212134308.jpg.chip.jpg,50,Male,White
24_1_1_20170116222611638.jpg.chip.jpg,24,Female,Black
28_0_0_20170119194754322.jpg.chip.jpg,28,Male,White
37_0_0_20170116200645679.jpg.chip.jpg,37,Male,White
31_0_4_20170116214318093.jpg.chip.jpg,31,Male,Others
35_1_0_20170105172551789.jpg.chip.jpg,35,Female,White
26_1_1_20170112210451957.jpg.chip.jpg,26,Female,Black
25_0_1_20170113134142538.jpg.chip.jpg,25,Male,Black
26_0_0_20170116204100913.jpg.chip.jpg,26,Male,White
54_1_3_20170104220907782.jpg.chip.jpg,54,Female,Indian
10_0_0_20170110220654150.jpg.chip.jpg,10,Male,White
10_1_4_20161223225900460.jpg.chip.jpg,10,Female,Others
72_0_0_20170111210618013.jpg.chip.jpg,72,Male,White
30_0_1_20170114033434587.jpg.chip.jpg,30,Male,Black
40_1_0_20170104204319051.jpg.chip.jpg,40,Female,White
36_1_0_20170117091600475.jpg.chip.jpg,36,Female,White
29_1_2_20170116191210967.jpg.chip.jpg,29,Female,Asian
24_1_0_20170117150911661.jpg.chip.jpg,24,Female,White
18_0_0_20170117133102084.jpg.chip.jpg,18,Male,White
26_0_0_20170116224934139.jpg.chip.jpg,26,Male,White
36_1_1_20170116160832540.jpg.chip.jpg,36,Female,Black
26_0_2_20170116180332055.jpg.chip.jpg,26,Male,Asian
29_1_0_20170116211713681.jpg.chip.jpg,29,Female,White
38_0_2_20170120220104632.jpg.chip.jpg,38,Male,Asian
35_1_1_20170117135248701.jpg.chip.jpg,35,Female,Black
23_0_1_20170113150723591.jpg.chip.jpg,23,Male,Black
59_1_0_20170110123116580.jpg.chip.jpg,59,Female,White
4_1_2_20161219160740335.jpg.chip.jpg,4,Female,Asian
28_0_3_20170119194937372.jpg.chip.jpg,28,Male,Indian
1_1_0_20161219201307075.jpg.chip.jpg,1,Female,White
43_0_0_20170111181750399.jpg.chip.jpg,43,Male,White
27_0_2_20170116172528863.jpg.chip.jpg,27,Male,Asian
26_1_2_20170116184543342.jpg.chip.jpg,26,Female,Asian
55_0_4_20170117193528283.jpg.chip.jpg,55,Male,Others
23_0_3_20170119163856511.jpg.chip.jpg,23,Male,Indian
30_1_2_20170116164737724.jpg.chip.jpg,30,Female,Asian
28_0_1_20170113151216654.jpg.chip.jpg,28,Male,Black
13_0_3_20170119153840721.jpg.chip.jpg,13,Male,Indian
33_0_0_20170109001152301.jpg.chip.jpg,33,Male,White
31_0_0_20170120134310511.jpg.chip.jpg,31,Male,White
67_0_0_20170120224529039.jpg.chip.jpg,67,Male,White
23_1_0_20170103223610503.jpg.chip.jpg,23,Female,White
26_0_4_20170117152714787.jpg.chip.jpg,26,Male,Others
33_1_1_20170113011456750.jpg.chip.jpg,33,Female,Black
27_1_2_20170116165932169.jpg.chip.jpg,27,Female,Asian
26_0_3_20170119184329894.jpg.chip.jpg,26,Male,Indian
24_1_2_20170116165619547.jpg.chip.jpg,24,Female,Asian
18_1_0_20170109212847067.jpg.chip.jpg,18,Female,White
45_0_4_20170120134936535.jpg.chip.jpg,45,Male,Others
30_1_2_20170116174548024.jpg.chip.jpg,30,Female,Asian
75_0_0_20170117175212732.jpg.chip.jpg,75,Male,White
32_0_0_20170113210127524.jpg.chip.jpg,32,Male,White
58_0_1_20170117192230322.jpg.chip.jpg,58,Male,Black
38_1_1_20170112215245858.jpg.chip.jpg,38,Female,Black
43_0_0_20170120222356456.jpg.chip.jpg,43,Male,White
2_0_2_20161219203126700.jpg.chip.jpg,2,Male,Asian
1_0_3_20161219225721496.jpg.chip.jpg,1,Male,Indian
8_1_3_20161220222819947.jpg.chip.jpg,8,Female,Indian
63_0_1_20170116235836887.jpg.chip.jpg,63,Male,Black
40_0_2_20170117135432344.jpg.chip.jpg,40,Male,Asian
26_1_2_20170116184521807.jpg.chip.jpg,26,Female,Asian
66_1_0_20170110140456209.jpg.chip.jpg,66,Female,White
27_1_3_20170119164348390.jpg.chip.jpg,27,Female,Indian
29_1_0_20170103180229287.jpg.chip.jpg,29,Female,White
28_1_2_20170116165143580.jpg.chip.jpg,28,Female,Asian
28_0_0_20170117180605616.jpg.chip.jpg,28,Male,White
32_0_4_20170117140137322.jpg.chip.jpg,32,Male,Others
27_0_3_20170117151048707.jpg.chip.jpg,27,Male,Indian
55_0_0_20170120221341989.jpg.chip.jpg,55,Male,White
30_1_1_20170112234651369.jpg.chip.jpg,30,Female,Black
25_0_0_20170117140811354.jpg.chip.jpg,25,Male,White
50_1_0_20170110154254311.jpg.chip.jpg,50,Female,White
48_1_0_20170117160521447.jpg.chip.jpg,48,Female,White
36_0_3_20170119201916448.jpg.chip.jpg,36,Male,Indian
58_0_4_20170104212755933.jpg.chip.jpg,58,Male,Others
18_1_0_20170109205411880.jpg.chip.jpg,18,Female,White
42_1_1_20170113013008103.jpg.chip.jpg,42,Female,Black
23_1_4_20170103223102032.jpg.chip.jpg,23,Female,Others
47_0_0_20170120222544769.jpg.chip.jpg,47,Male,White
34_0_1_20170117020029793.jpg.chip.jpg,34,Male,Black
72_0_0_20170111222541402.jpg.chip.jpg,72,Male,White
24_1_1_20170116200854756.jpg.chip.jpg,24,Female,Black
16_1_0_20170109214621700.jpg.chip.jpg,16,Female,White
61_0_2_20170116183826361.jpg.chip.jpg,61,Male,Asian
18_1_0_20170117140504776.jpg.chip.jpg,18,Female,White
2_1_4_20161221201536537.jpg.chip.jpg,2,Female,Others
40_1_0_20170120133632861.jpg.chip.jpg,40,Female,White
29_0_3_20170119195312395.jpg.chip.jpg,29,Male,Indian
26_0_1_20170116233450112.jpg.chip.jpg,26,Male,Black
21_0_4_20161223214827816.jpg.chip.jpg,21,Male,Others
49_0_3_20170105172442069.jpg.chip.jpg,49,Male,Indian
50_1_1_20170113012828731.jpg.chip.jpg,50,Female,Black
12_1_2_20170116194059753.jpg.chip.jpg,12,Female,Asian
23_1_3_20170104222242439.jpg.chip.jpg,23,Female,Indian
3_0_2_20161219142553649.jpg.chip.jpg,3,Male,Asian
57_0_0_20170111171747492.jpg.chip.jpg,57,Male,White
24_1_3_20170104232305465.jpg.chip.jpg,24,Female,Indian
28_0_0_20170117202434527.jpg.chip.jpg,28,Male,White
1_0_2_20161219194820459.jpg.chip.jpg,1,Male,Asian
20_1_2_20170103225030704.jpg.chip.jpg,20,Female,Asian
3_1_4_20170103234200795.jpg.chip.jpg,3,Female,Others
28_1_0_20170119194946890.jpg.chip.jpg,28,Female,White
54_0_0_20170119210011397.jpg.chip.jpg,54,Male,White
45_1_1_20170117140432386.jpg.chip.jpg,45,Female,Black
1_0_2_20161219204409620.jpg.chip.jpg,1,Male,Asian
19_0_2_20170116212031170.jpg.chip.jpg,19,Male,Asian
41_0_1_20170117171011004.jpg.chip.jpg,41,Male,Black
22_1_0_20170116220644040.jpg.chip.jpg,22,Female,White
25_0_2_20170116175213151.jpg.chip.jpg,25,Male,Asian
23_0_4_20170103234919628.jpg.chip.jpg,23,Male,Others
63_0_0_20170104213529213.jpg.chip.jpg,63,Male,White
49_0_0_20170117135838690.jpg.chip.jpg,49,Male,White
30_1_0_20170117151428835.jpg.chip.jpg,30,Female,White
67_1_0_20170110152820302.jpg.chip.jpg,67,Female,White
1_0_3_20170104230640081.jpg.chip.jpg,1,Male,Indian
30_0_1_20170112215013928.jpg.chip.jpg,30,Male,Black
25_0_1_20170114030958039.jpg.chip.jpg,25,Male,Black
1_1_0_20170109190724839.jpg.chip.jpg,1,Female,White
55_0_3_20170119171117830.jpg.chip.jpg,55,Male,Indian
36_1_0_20170113182833573.jpg.chip.jpg,36,Female,White
30_1_3_20170119204032119.jpg.chip.jpg,30,Female,Indian
16_1_0_20170109212357604.jpg.chip.jpg,16,Female,White
37_0_0_20170117183417406.jpg.chip.jpg,37,Male,White
41_0_4_20170104185252334.jpg.chip.jpg,41,Male,Others
27_0_0_20170117114920473.jpg.chip.jpg,27,Male,White
29_1_3_20170119195154547.jpg.chip.jpg,29,Female,Indian
1_0_1_20170110213808936.jpg.chip.jpg,1,Male,Black
56_0_0_20170111201127150.jpg.chip.jpg,56,Male,White
32_0_0_20170117091009872.jpg.chip.jpg,32,Male,White
45_0_0_20170108231358834.jpg.chip.jpg,45,Male,White
22_1_0_20170112192312350.jpg.chip.jpg,22,Female,White
35_1_0_20170109132412553.jpg.chip.jpg,35,Female,White
46_0_3_20170119195012113.jpg.chip.jpg,46,Male,Indian
65_0_0_20170103183632050.jpg.chip.jpg,65,Male,White
25_0_3_20170104214613229.jpg.chip.jpg,25,Male,Indian
29_1_0_20170104172544539.jpg.chip.jpg,29,Female,White
25_1_2_20170116175237465.jpg.chip.jpg,25,Female,Asian
61_0_0_20170117192033956.jpg.chip.jpg,61,Male,White
1_1_0_20170109194137393.jpg.chip.jpg,1,Female,White
31_0_1_20170117181933252.jpg.chip.jpg,31,Male,Black
1_1_4_20161221202053505.jpg.chip.jpg,1,Female,Others
20_1_1_20170114031114934.jpg.chip.jpg,20,Female,Black
27_0_1_20170113155126130.jpg.chip.jpg,27,Male,Black
26_1_2_20170116184656151.jpg.chip.jpg,26,Female,Asian
26_1_1_20170116162448538.jpg.chip.jpg,26,Female,Black
10_1_0_20170109203924076.jpg.chip.jpg,10,Female,White
27_0_1_20170102233552626.jpg.chip.jpg,27,Male,Black
1_0_2_20161219142002631.jpg.chip.jpg,1,Male,Asian
50_0_1_20170113173828618.jpg.chip.jpg,50,Male,Black
23_1_4_20170117194143181.jpg.chip.jpg,23,Female,Others
77_0_0_20170109132051992.jpg.chip.jpg,77,Male,White
55_0_0_20170117155725626.jpg.chip.jpg,55,Male,White
3_0_1_20170109194623635.jpg.chip.jpg,3,Male,Black
36_0_1_20170117203439232.jpg.chip.jpg,36,Male,Black
34_1_0_20170120140756170.jpg.chip.jpg,34,Female,White
53_0_0_20170113184910088.jpg.chip.jpg,53,Male,White
26_1_3_20170104235148954.jpg.chip.jpg,26,Female,Indian
29_0_1_20170113145429766.jpg.chip.jpg,29,Male,Black
56_0_0_20170113185134655.jpg.chip.jpg,56,Male,White
65_0_0_20170117163738348.jpg.chip.jpg,65,Male,White
1_1_3_20161219225238384.jpg.chip.jpg,1,Female,Indian
30_0_1_20170117130551448.jpg.chip.jpg,30,Male,Black
22_1_4_20170103223002341.jpg.chip.jpg,22,Female,Others
32_1_0_20170103182602906.jpg.chip.jpg,32,Female,White
38_1_1_20170117141853541.jpg.chip.jpg,38,Female,Black
25_1_0_20170117141719089.jpg.chip.jpg,25,Female,White
29_0_3_20170117180744344.jpg.chip.jpg,29,Male,Indian
15_1_1_20170104005130400.jpg.chip.jpg,15,Female,Black
26_0_1_20170113135255058.jpg.chip.jpg,26,Male,Black
52_0_0_20170120222910474.jpg.chip.jpg,52,Male,White
4_0_2_20161219194145563.jpg.chip.jpg,4,Male,Asian
41_0_1_20170116203626044.jpg.chip.jpg,41,Male,Black
36_0_3_20170119202129918.jpg.chip.jpg,36,Male,Indian
18_0_3_20170104230329273.jpg.chip.jpg,18,Male,Indian
35_0_0_20170119171132449.jpg.chip.jpg,35,Male,White
45_1_0_20170110140908362.jpg.chip.jpg,45,Female,White
32_0_0_20170117000815389.jpg.chip.jpg,32,Male,White
35_1_1_20170113011001766.jpg.chip.jpg,35,Female,Black
53_1_0_20170117163702203.jpg.chip.jpg,53,Female,White
61_0_0_20170117185746790.jpg.chip.jpg,61,Male,White
40_1_1_20170113001137947.jpg.chip.jpg,40,Female,Black
2_1_2_20161219221929879.jpg.chip.jpg,2,Female,Asian
50_0_3_20170119205600824.jpg.chip.jpg,50,Male,Indian
1_1_3_20161220143409894.jpg.chip.jpg,1,Female,Indian
42_1_0_20170109012301228.jpg.chip.jpg,42,Female,White
26_1_3_20170119193151218.jpg.chip.jpg,26,Female,Indian
18_1_0_20170109213413212.jpg.chip.jpg,18,Female,White
54_0_1_20170117172505751.jpg.chip.jpg,54,Male,Black
1_1_0_20170109191822349.jpg.chip.jpg,1,Female,White
26_1_4_20170117153408062.jpg.chip.jpg,26,Female,Others
27_1_1_20170113002029522.jpg.chip.jpg,27,Female,Black
49_0_0_20170104213117085.jpg.chip.jpg,49,Male,White
34_0_0_20170119200810940.jpg.chip.jpg,34,Male,White
26_1_2_20170116233134701.jpg.chip.jpg,26,Female,Asian
45_0_0_20170113183417861.jpg.chip.jpg,45,Male,White
15_0_0_20170116201342325.jpg.chip.jpg,15,Male,White
28_0_1_20170113180628821.jpg.chip.jpg,28,Male,Black
42_0_0_20170117185755243.jpg.chip.jpg,42,Male,White
35_0_0_20170117203240562.jpg.chip.jpg,35,Male,White
1_1_2_20161219142147841.jpg.chip.jpg,1,Female,Asian
55_0_0_20170117000800699.jpg.chip.jpg,55,Male,White
15_1_1_20170109214142778.jpg.chip.jpg,15,Female,Black
24_0_4_20170102233500506.jpg.chip.jpg,24,Male,Others
26_1_0_20170113180707130.jpg.chip.jpg,26,Female,White
38_1_3_20170109140706612.jpg.chip.jpg,38,Female,Indian
28_1_0_20170116221840111.jpg.chip.jpg,28,Female,White
26_1_2_20170116184143860.jpg.chip.jpg,26,Female,Asian
26_1_0_20170116184507521.jpg.chip.jpg,26,Female,White
50_0_0_20170111200749613.jpg.chip.jpg,50,Male,White
28_0_1_20170113151043367.jpg.chip.jpg,28,Male,Black
40_0_0_20170104204711073.jpg.chip.jpg,40,Male,White
25_1_2_20170116223140371.jpg.chip.jpg,25,Female,Asian
53_0_0_20170116232802899.jpg.chip.jpg,53,Male,White
58_1_0_20170110160643673.jpg.chip.jpg,58,Female,White
26_1_1_20170113193242959.jpg.chip.jpg,26,Female,Black
26_1_3_20170119144411037.jpg.chip.jpg,26,Female,Indian
26_0_1_20170116205326371.jpg.chip.jpg,26,Male,Black
28_0_2_20170116180337639.jpg.chip.jpg,28,Male,Asian
22_1_0_20170104021327948.jpg.chip.jpg,22,Female,White
1_1_4_20161221201846817.jpg.chip.jpg,1,Female,Others
1_0_0_20170110212704144.jpg.chip.jpg,1,Male,White
28_0_3_20170119194803955.jpg.chip.jpg,28,Male,Indian
80_0_0_20170117175546325.jpg.chip.jpg,80,Male,White
26_1_2_20170116180913581.jpg.chip.jpg,26,Female,Asian
53_0_0_20170104212355436.jpg.chip.jpg,53,Male,White
3_1_4_20161221192845405.jpg.chip.jpg,3,Female,Others
15_0_0_20170104002211388.jpg.chip.jpg,15,Male,White
4_0_0_20170110213229910.jpg.chip.jpg,4,Male,White
21_1_1_20170114032152049.jpg.chip.jpg,21,Female,Black
12_0_0_20170117141849040.jpg.chip.jpg,12,Male,White
38_1_2_20170109002952813.jpg.chip.jpg,38,Female,Asian
39_1_1_20170116160927002.jpg.chip.jpg,39,Female,Black
37_0_3_20170119202410749.jpg.chip.jpg,37,Male,Indian
21_0_0_20170117141529337.jpg.chip.jpg,21,Male,White
21_1_1_20170117170723269.jpg.chip.jpg,21,Female,Black
75_1_0_20170110131723117.jpg.chip.jpg,75,Female,White
35_0_3_20170119151444959.jpg.chip.jpg,35,Male,Indian
26_0_2_20170116181346232.jpg.chip.jpg,26,Male,Asian
25_0_0_20170113181532013.jpg.chip.jpg,25,Male,White
43_0_0_20170117175212882.jpg.chip.jpg,43,Male,White
33_1_1_20170112210343452.jpg.chip.jpg,33,Female,Black
34_0_0_20170117134856428.jpg.chip.jpg,34,Male,White
70_1_0_20170110141403561.jpg.chip.jpg,70,Female,White
6_1_3_20161220220517209.jpg.chip.jpg,6,Female,Indian
26_1_1_20170113011757664.jpg.chip.jpg,26,Female,Black
20_1_0_20170117141216752.jpg.chip.jpg,20,Female,White
10_0_0_20170110224255796.jpg.chip.jpg,10,Male,White
31_1_1_20170116175710225.jpg.chip.jpg,31,Female,Black
55_1_1_20170109220622318.jpg.chip.jpg,55,Female,Black
80_0_2_20170112215149951.jpg.chip.jpg,80,Male,Asian
43_0_0_20170113181351741.jpg.chip.jpg,43,Male,White
25_0_0_20170105184137702.jpg.chip.jpg,25,Male,White
28_1_2_20170116164556009.jpg.chip.jpg,28,Female,Asian
14_1_3_20170104221818294.jpg.chip.jpg,14,Female,Indian
66_1_0_20170110143321085.jpg.chip.jpg,66,Female,White
26_1_0_20170116193313554.jpg.chip.jpg,26,Female,White
27_1_2_20170116171522295.jpg.chip.jpg,27,Female,Asian
22_1_3_20170104231710175.jpg.chip.jpg,22,Female,Indian
36_0_1_20170117163205356.jpg.chip.jpg,36,Male,Black
19_1_0_20170109214615122.jpg.chip.jpg,19,Female,White
56_1_0_20170110131907975.jpg.chip.jpg,56,Female,White
28_0_1_20170113142348356.jpg.chip.jpg,28,Male,Black
6_1_0_20170109201859697.jpg.chip.jpg,6,Female,White
75_0_2_20170112205312755.jpg.chip.jpg,75,Male,Asian
45_0_3_20170119144853174.jpg.chip.jpg,45,Male,Indian
26_1_3_20170104222850687.jpg.chip.jpg,26,Female,Indian
26_0_3_20170117153621606.jpg.chip.jpg,26,Male,Indian
27_0_3_20170119193304226.jpg.chip.jpg,27,Male,Indian
33_1_1_20170113161351324.jpg.chip.jpg,33,Female,Black
25_1_3_20170104232025362.jpg.chip.jpg,25,Female,Indian
64_1_1_20170112233355207.jpg.chip.jpg,64,Female,Black
29_1_4_20170113011257168.jpg.chip.jpg,29,Female,Others
47_1_1_20170113012448233.jpg.chip.jpg,47,Female,Black
48_1_1_20170113190404873.jpg.chip.jpg,48,Female,Black
42_0_0_20170104205801060.jpg.chip.jpg,42,Male,White
10_0_3_20170104225238736.jpg.chip.jpg,10,Male,Indian
29_0_1_20170113183208366.jpg.chip.jpg,29,Male,Black
26_0_1_20170116010920708.jpg.chip.jpg,26,Male,Black
31_1_1_20170116234711144.jpg.chip.jpg,31,Female,Black
1_0_3_20161220220544050.jpg.chip.jpg,1,Male,Indian
21_0_2_20170116161452673.jpg.chip.jpg,21,Male,Asian
56_1_2_20170105000902100.jpg.chip.jpg,56,Female,Asian
65_1_0_20170110135759710.jpg.chip.jpg,65,Female,White
65_1_0_20170110123555351.jpg.chip.jpg,65,Female,White
35_0_0_20170117140509709.jpg.chip.jpg,35,Male,White
45_0_2_20170116182728525.jpg.chip.jpg,45,Male,Asian
27_1_2_20170116163123283.jpg.chip.jpg,27,Female,Asian
35_0_3_20170119201446469.jpg.chip.jpg,35,Male,Indian
50_1_0_20170103183624314.jpg.chip.jpg,50,Female,White
1_0_0_20170110205409644.jpg.chip.jpg,1,Male,White
22_0_1_20170102233341092.jpg.chip.jpg,22,Male,Black
35_0_1_20170116201805063.jpg.chip.jpg,35,Male,Black
29_1_1_20170115235932970.jpg.chip.jpg,29,Female,Black
66_1_1_20170113000154762.jpg.chip.jpg,66,Female,Black
36_1_1_20170116173257960.jpg.chip.jpg,36,Female,Black
50_0_3_20170119205545190.jpg.chip.jpg,50,Male,Indian
35_0_2_20170117135017903.jpg.chip.jpg,35,Male,Asian
36_1_0_20170108230047374.jpg.chip.jpg,36,Female,White
29_0_1_20170117103814669.jpg.chip.jpg,29,Male,Black
33_1_3_20170119200544140.jpg.chip.jpg,33,Female,Indian
38_0_3_20170117165027105.jpg.chip.jpg,38,Male,Indian
35_0_0_20170117141853785.jpg.chip.jpg,35,Male,White
5_1_3_20161219225406048.jpg.chip.jpg,5,Female,Indian
29_0_0_20170104192604087.jpg.chip.jpg,29,Male,White
63_0_2_20170112224418403.jpg.chip.jpg,63,Male,Asian
68_0_0_20170111200803612.jpg.chip.jpg,68,Male,White
53_0_0_20170117190933140.jpg.chip.jpg,53,Male,White
42_0_0_20170116205352497.jpg.chip.jpg,42,Male,White
26_0_1_20170113152216521.jpg.chip.jpg,26,Male,Black
1_0_2_20161219140952943.jpg.chip.jpg,1,Male,Asian
40_0_0_20170117152411165.jpg.chip.jpg,40,Male,White
27_1_0_20170117173155398.jpg.chip.jpg,27,Female,White
39_0_0_20170116214253075.jpg.chip.jpg,39,Male,White
27_0_0_20170117175356352.jpg.chip.jpg,27,Male,White
9_1_3_20170104222949455.jpg.chip.jpg,9,Female,Indian
35_1_1_20170117194907090.jpg.chip.jpg,35,Female,Black
7_0_2_20170110224711687.jpg.chip.jpg,7,Male,Asian
53_0_0_20170120223141508.jpg.chip.jpg,53,Male,White
75_0_0_20170120225925506.jpg.chip.jpg,75,Male,White
26_0_0_20170113210319024.jpg.chip.jpg,26,Male,White
2_0_4_20161221203017368.jpg.chip.jpg,2,Male,Others
26_0_0_20170117195919229.jpg.chip.jpg,26,Male,White
4_1_2_20161219190919019.jpg.chip.jpg,4,Female,Asian
39_1_0_20170105003308781.jpg.chip.jpg,39,Female,White
20_0_0_20170116200755014.jpg.chip.jpg,20,Male,White
55_0_1_20170117015513943.jpg.chip.jpg,55,Male,Black
30_0_3_20170119195811116.jpg.chip.jpg,30,Male,Indian
26_0_2_20170116175940674.jpg.chip.jpg,26,Male,Asian
2_0_3_20161219225137296.jpg.chip.jpg,2,Male,Indian
40_0_0_20170117185304858.jpg.chip.jpg,40,Male,White
58_0_0_20170117193904073.jpg.chip.jpg,58,Male,White
28_0_4_20170103213024052.jpg.chip.jpg,28,Male,Others
47_0_0_20170104210532204.jpg.chip.jpg,47,Male,White
40_0_1_20170116204017708.jpg.chip.jpg,40,Male,Black
1_1_2_20161219222154119.jpg.chip.jpg,1,Female,Asian
1_0_2_20161219221919847.jpg.chip.jpg,1,Male,Asian
30_1_2_20170116191317558.jpg.chip.jpg,30,Female,Asian
26_1_1_20170112213007903.jpg.chip.jpg,26,Female,Black
62_0_1_20170113185008129.jpg.chip.jpg,62,Male,Black
68_1_0_20170110140321752.jpg.chip.jpg,68,Female,White
30_1_0_20170117092656822.jpg.chip.jpg,30,Female,White
35_0_0_20170117192314819.jpg.chip.jpg,35,Male,White
21_1_2_20170116171134381.jpg.chip.jpg,21,Female,Asian
25_1_4_20161220222242243.jpg.chip.jpg,25,Female,Others
27_0_1_20170113175646676.jpg.chip.jpg,27,Male,Black
16_1_0_20170109214508303.jpg.chip.jpg,16,Female,White
24_1_2_20170116171543349.jpg.chip.jpg,24,Female,Asian
66_1_0_20170110160644001.jpg.chip.jpg,66,Female,White
28_1_3_20170119195053979.jpg.chip.jpg,28,Female,Indian
11_1_2_20170104005111615.jpg.chip.jpg,11,Female,Asian
32_0_2_20170117133720063.jpg.chip.jpg,32,Male,Asian
43_1_3_20170119195521961.jpg.chip.jpg,43,Female,Indian
11_1_4_20170109201611941.jpg.chip.jpg,11,Female,Others
75_0_0_20170111204138781.jpg.chip.jpg,75,Male,White
40_0_0_20170113141815046.jpg.chip.jpg,40,Male,White
28_1_0_20170109003005024.jpg.chip.jpg,28,Female,White
26_0_0_20170117195446239.jpg.chip.jpg,26,Male,White
32_0_0_20170117123747212.jpg.chip.jpg,32,Male,White
36_0_0_20170108225341913.jpg.chip.jpg,36,Male,White
22_1_2_20170108224643996.jpg.chip.jpg,22,Female,Asian
1_0_3_20161219225012529.jpg.chip.jpg,1,Male,Indian
50_0_0_20170109012046787.jpg.chip.jpg,50,Male,White
29_0_0_20170117130607527.jpg.chip.jpg,29,Male,White
35_0_0_20170113183145134.jpg.chip.jpg,35,Male,White
65_0_0_20170104184048158.jpg.chip.jpg,65,Male,White
59_0_0_20170116215844539.jpg.chip.jpg,59,Male,White
51_0_0_20170105173555117.jpg.chip.jpg,51,Male,White
52_0_0_20170111201135454.jpg.chip.jpg,52,Male,White
55_0_3_20170119200941652.jpg.chip.jpg,55,Male,Indian
1_1_0_20170109193830378.jpg.chip.jpg,1,Female,White
32_1_4_20170117203133752.jpg.chip.jpg,32,Female,Others
27_0_1_20170117012340251.jpg.chip.jpg,27,Male,Black
21_1_2_20170116171507249.jpg.chip.jpg,21,Female,Asian
24_1_2_20170116174415218.jpg.chip.jpg,24,Female,Asian
70_0_2_20161219193557323.jpg.chip.jpg,70,Male,Asian
49_1_0_20170104185652921.jpg.chip.jpg,49,Female,White
32_0_1_20170113155005881.jpg.chip.jpg,32,Male,Black
35_1_1_20170117123859839.jpg.chip.jpg,35,Female,Black
42_0_0_20170116232941954.jpg.chip.jpg,42,Male,White
80_1_0_20170109142913604.jpg.chip.jpg,80,Female,White
20_0_4_20170102233239947.jpg.chip.jpg,20,Male,Others
40_0_0_20170117134415492.jpg.chip.jpg,40,Male,White
39_1_1_20170116224149881.jpg.chip.jpg,39,Female,Black
36_0_3_20170119201732293.jpg.chip.jpg,36,Male,Indian
26_1_1_20170103181931657.jpg.chip.jpg,26,Female,Black
50_0_3_20170119204714191.jpg.chip.jpg,50,Male,Indian
50_0_2_20170104212145355.jpg.chip.jpg,50,Male,Asian
49_1_3_20170109012415373.jpg.chip.jpg,49,Female,Indian
42_0_3_20170113183757104.jpg.chip.jpg,42,Male,Indian
28_1_3_20170104232946267.jpg.chip.jpg,28,Female,Indian
26_1_4_20170117201502838.jpg.chip.jpg,26,Female,Others
12_0_0_20170110224603045.jpg.chip.jpg,12,Male,White
25_0_3_20170117141454255.jpg.chip.jpg,25,Male,Indian
20_0_1_20170113132622368.jpg.chip.jpg,20,Male,Black
26_0_1_20170113135240994.jpg.chip.jpg,26,Male,Black
26_1_2_20170116182406083.jpg.chip.jpg,26,Female,Asian
15_0_0_20170116201253769.jpg.chip.jpg,15,Male,White
31_1_4_20170103230221721.jpg.chip.jpg,31,Female,Others
21_0_1_20170116215541940.jpg.chip.jpg,21,Male,Black
22_0_2_20170104021125111.jpg.chip.jpg,22,Male,Asian
40_0_0_20170117154511273.jpg.chip.jpg,40,Male,White
20_0_0_20170116205342932.jpg.chip.jpg,20,Male,White
80_0_0_20170117175248197.jpg.chip.jpg,80,Male,White
39_0_0_20170109010216194.jpg.chip.jpg,39,Male,White
48_0_1_20170113183700797.jpg.chip.jpg,48,Male,Black
52_0_0_20170104212253932.jpg.chip.jpg,52,Male,White
53_1_0_20170110154604352.jpg.chip.jpg,53,Female,White
50_0_3_20170119204341751.jpg.chip.jpg,50,Male,Indian
49_1_3_20170109141445294.jpg.chip.jpg,49,Female,Indian
27_0_1_20170117175753874.jpg.chip.jpg,27,Male,Black
52_0_0_20170119205635848.jpg.chip.jpg,52,Male,White
26_1_2_20170116184250474.jpg.chip.jpg,26,Female,Asian
27_1_2_20170116172655057.jpg.chip.jpg,27,Female,Asian
24_1_2_20170104021837189.jpg.chip.jpg,24,Female,Asian
38_0_0_20170109012846030.jpg.chip.jpg,38,Male,White
54_0_0_20170104212707930.jpg.chip.jpg,54,Male,White
26_1_1_20170116171855347.jpg.chip.jpg,26,Female,Black
60_0_0_20170103182716210.jpg.chip.jpg,60,Male,White
19_0_2_20170110225634087.jpg.chip.jpg,19,Male,Asian
17_0_0_20170110231711354.jpg.chip.jpg,17,Male,White
31_0_1_20170116010634833.jpg.chip.jpg,31,Male,Black
26_1_1_20170113000552163.jpg.chip.jpg,26,Female,Black
32_0_4_20170105175534654.jpg.chip.jpg,32,Male,Others
50_1_0_20170116222756898.jpg.chip.jpg,50,Female,White
49_0_0_20170104212123348.jpg.chip.jpg,49,Male,White
1_1_2_20161219155926197.jpg.chip.jpg,1,Female,Asian
32_1_3_20170109134440488.jpg.chip.jpg,32,Female,Indian
67_0_0_20170120225706103.jpg.chip.jpg,67,Male,White
70_0_0_20170117175207508.jpg.chip.jpg,70,Male,White
31_1_1_20170117135048675.jpg.chip.jpg,31,Female,Black
35_0_1_20170116030445338.jpg.chip.jpg,35,Male,Black
64_0_0_20170111222707336.jpg.chip.jpg,64,Male,White
19_0_0_20170103201556447.jpg.chip.jpg,19,Male,White
54_0_0_20170104170659826.jpg.chip.jpg,54,Male,White
2_1_1_20170116231935539.jpg.chip.jpg,2,Female,Black
37_1_3_20170119202513781.jpg.chip.jpg,37,Female,Indian
1_0_3_20161220220040611.jpg.chip.jpg,1,Male,Indian
26_1_1_20170116232800401.jpg.chip.jpg,26,Female,Black
24_1_4_20170104005617062.jpg.chip.jpg,24,Female,Others
26_1_3_20170117154416199.jpg.chip.jpg,26,Female,Indian
70_0_0_20170117174803325.jpg.chip.jpg,70,Male,White
29_0_1_20170117094755752.jpg.chip.jpg,29,Male,Black
20_1_2_20170116170350603.jpg.chip.jpg,20,Female,Asian
27_1_1_20170112213549597.jpg.chip.jpg,27,Female,Black
30_1_1_20170116233559206.jpg.chip.jpg,30,Female,Black
26_1_0_20170113210604325.jpg.chip.jpg,26,Female,White
1_0_2_20161219155857576.jpg.chip.jpg,1,Male,Asian
24_1_1_20170115235403633.jpg.chip.jpg,24,Female,Black
35_0_0_20170105172434989.jpg.chip.jpg,35,Male,White
50_0_1_20170111194904758.jpg.chip.jpg,50,Male,Black
26_0_1_20170113154809050.jpg.chip.jpg,26,Male,Black
45_1_0_20170117153716084.jpg.chip.jpg,45,Female,White
53_0_3_20170119164025958.jpg.chip.jpg,53,Male,Indian
32_1_0_20170112204801955.jpg.chip.jpg,32,Female,White
70_1_0_20170110183435147.jpg.chip.jpg,70,Female,White
31_0_0_20170114031005703.jpg.chip.jpg,31,Male,White
41_0_3_20170119171541497.jpg.chip.jpg,41,Male,Indian
23_1_2_20170116173128603.jpg.chip.jpg,23,Female,Asian
26_0_1_20170113155015170.jpg.chip.jpg,26,Male,Black
28_1_0_20170117180322086.jpg.chip.jpg,28,Female,White
36_0_0_20170117183142678.jpg.chip.jpg,36,Male,White
1_0_0_20170110213042997.jpg.chip.jpg,1,Male,White
33_1_0_20170117182546605.jpg.chip.jpg,33,Female,White
35_0_1_20170117143145454.jpg.chip.jpg,35,Male,Black
26_1_1_20170112213032340.jpg.chip.jpg,26,Female,Black
27_1_0_20170117175947237.jpg.chip.jpg,27,Female,White
36_1_1_20170112230730598.jpg.chip.jpg,36,Female,Black
23_1_3_20170117185811408.jpg.chip.jpg,23,Female,Indian
8_1_0_20170109205022859.jpg.chip.jpg,8,Female,White
24_0_0_20170117194640228.jpg.chip.jpg,24,Male,White
38_0_0_20170113210604697.jpg.chip.jpg,38,Male,White
36_1_2_20170109134229652.jpg.chip.jpg,36,Female,Asian
27_1_1_20170117010348353.jpg.chip.jpg,27,Female,Black
62_0_2_20170112221952114.jpg.chip.jpg,62,Male,Asian
65_1_0_20170117173004744.jpg.chip.jpg,65,Female,White
52_0_3_20170113184200775.jpg.chip.jpg,52,Male,Indian
16_1_0_20170109213954271.jpg.chip.jpg,16,Female,White
60_1_0_20170117153656364.jpg.chip.jpg,60,Female,White
65_0_0_20170120223336620.jpg.chip.jpg,65,Male,White
37_0_0_20170104011358104.jpg.chip.jpg,37,Male,White
38_1_3_20170105002639123.jpg.chip.jpg,38,Female,Indian
20_0_0_20170110232156775.jpg.chip.jpg,20,Male,White
26_1_3_20170119181313268.jpg.chip.jpg,26,Female,Indian
8_0_0_20170110215400015.jpg.chip.jpg,8,Male,White
14_0_0_20170104012341136.jpg.chip.jpg,14,Male,White
40_0_2_20170116192745755.jpg.chip.jpg,40,Male,Asian
58_0_3_20170119211646161.jpg.chip.jpg,58,Male,Indian
1_0_3_20161219225519457.jpg.chip.jpg,1,Male,Indian
56_0_0_20170117155845920.jpg.chip.jpg,56,Male,White
25_1_3_20170119172136505.jpg.chip.jpg,25,Female,Indian
52_0_0_20170104212337021.jpg.chip.jpg,52,Male,White
27_0_3_20170119193403898.jpg.chip.jpg,27,Male,Indian
26_1_4_20170103225117416.jpg.chip.jpg,26,Female,Others
30_0_3_20170119195800379.jpg.chip.jpg,30,Male,Indian
27_1_4_20170103210539730.jpg.chip.jpg,27,Female,Others
45_0_0_20170104000913421.jpg.chip.jpg,45,Male,White
41_0_3_20170119162741678.jpg.chip.jpg,41,Male,Indian
26_0_1_20170117195923557.jpg.chip.jpg,26,Male,Black
46_0_4_20170104183938014.jpg.chip.jpg,46,Male,Others
26_0_1_20170113135547147.jpg.chip.jpg,26,Male,Black
26_1_1_20170114034141360.jpg.chip.jpg,26,Female,Black
32_1_3_20170119200443572.jpg.chip.jpg,32,Female,Indian
3_1_0_20170109194109844.jpg.chip.jpg,3,Female,White
9_0_0_20170110220148443.jpg.chip.jpg,9,Male,White
24_0_3_20161220222335651.jpg.chip.jpg,24,Male,Indian
74_0_0_20170120225103496.jpg.chip.jpg,74,Male,White
26_1_4_20170117174153056.jpg.chip.jpg,26,Female,Others
18_1_0_20170109213130477.jpg.chip.jpg,18,Female,White
28_1_0_20170105165058893.jpg.chip.jpg,28,Female,White
55_0_0_20170117185729852.jpg.chip.jpg,55,Male,White
25_1_0_20170116201835487.jpg.chip.jpg,25,Female,White
26_1_1_20170116233613793.jpg.chip.jpg,26,Female,Black
32_1_0_20170103182605514.jpg.chip.jpg,32,Female,White
24_1_4_20170117194854468.jpg.chip.jpg,24,Female,Others
50_0_1_20170104210950012.jpg.chip.jpg,50,Male,Black
31_1_0_20170109132941538.jpg.chip.jpg,31,Female,White
53_1_0_20170110123801468.jpg.chip.jpg,53,Female,White
19_0_0_20170102233014401.jpg.chip.jpg,19,Male,White
65_1_0_20170110183018880.jpg.chip.jpg,65,Female,White
26_1_3_20170104222955855.jpg.chip.jpg,26,Female,Indian
39_1_0_20170105172852709.jpg.chip.jpg,39,Female,White
17_1_1_20170114030034621.jpg.chip.jpg,17,Female,Black
68_0_0_20170117172347609.jpg.chip.jpg,68,Male,White
58_0_0_20170111210401778.jpg.chip.jpg,58,Male,White
26_0_3_20170116232725357.jpg.chip.jpg,26,Male,Indian
36_1_0_20170117135851878.jpg.chip.jpg,36,Female,White
53_0_0_20170117163655617.jpg.chip.jpg,53,Male,White
24_1_0_20170104022800709.jpg.chip.jpg,24,Female,White
25_1_3_20170117152035011.jpg.chip.jpg,25,Female,Indian
72_1_0_20170110125258812.jpg.chip.jpg,72,Female,White
40_0_4_20170104200459608.jpg.chip.jpg,40,Male,Others
40_0_1_20170113152103014.jpg.chip.jpg,40,Male,Black
1_0_0_20161219212453942.jpg.chip.jpg,1,Male,White
35_0_0_20170117191315042.jpg.chip.jpg,35,Male,White
5_0_2_20161219194354209.jpg.chip.jpg,5,Male,Asian
3_1_0_20161219204203028.jpg.chip.jpg,3,Female,White
24_0_2_20170116172808749.jpg.chip.jpg,24,Male,Asian
35_0_0_20170104203145138.jpg.chip.jpg,35,Male,White
28_1_0_20170116221757650.jpg.chip.jpg,28,Female,White
27_0_1_20170113155149675.jpg.chip.jpg,27,Male,Black
26_0_2_20170120134050439.jpg.chip.jpg,26,Male,Asian
35_0_0_20170117152238029.jpg.chip.jpg,35,Male,White
30_0_1_20170113134204447.jpg.chip.jpg,30,Male,Black
30_1_3_20170117154720797.jpg.chip.jpg,30,Female,Indian
26_1_0_20170104021254429.jpg.chip.jpg,26,Female,White
20_1_0_20170117141204569.jpg.chip.jpg,20,Female,White
53_1_0_20170104184642790.jpg.chip.jpg,53,Female,White
2_1_1_20170109194651472.jpg.chip.jpg,2,Female,Black
29_1_0_20170117202746975.jpg.chip.jpg,29,Female,White
65_0_0_20170120221357579.jpg.chip.jpg,65,Male,White
8_1_2_20170109203443934.jpg.chip.jpg,8,Female,Asian
27_1_2_20170116162949938.jpg.chip.jpg,27,Female,Asian
16_1_3_20170104222158160.jpg.chip.jpg,16,Female,Indian
1_1_2_20161219155705613.jpg.chip.jpg,1,Female,Asian
2_1_4_20161221202408818.jpg.chip.jpg,2,Female,Others
27_0_0_20170117202105807.jpg.chip.jpg,27,Male,White
26_0_0_20170117152347004.jpg.chip.jpg,26,Male,White
26_1_2_20170116220837093.jpg.chip.jpg,26,Female,Asian
8_1_0_20170109202802966.jpg.chip.jpg,8,Female,White
24_1_3_20170104222359247.jpg.chip.jpg,24,Female,Indian
34_1_1_20170116164411145.jpg.chip.jpg,34,Female,Black
35_1_0_20170116223137874.jpg.chip.jpg,35,Female,White
27_0_2_20170119193328922.jpg.chip.jpg,27,Male,Asian
45_0_2_20170112215145176.jpg.chip.jpg,45,Male,Asian
1_1_3_20161219224822176.jpg.chip.jpg,1,Female,Indian
24_1_4_20170103233659572.jpg.chip.jpg,24,Female,Others
36_0_3_20170119201947413.jpg.chip.jpg,36,Male,Indian
27_0_1_20170114030833116.jpg.chip.jpg,27,Male,Black
53_0_0_20170104210640915.jpg.chip.jpg,53,Male,White
4_1_4_20170103210349522.jpg.chip.jpg,4,Female,Others
23_1_4_20170117183858768.jpg.chip.jpg,23,Female,Others
4_1_2_20161219163346526.jpg.chip.jpg,4,Female,Asian
21_1_4_20170103223208902.jpg.chip.jpg,21,Female,Others
52_0_0_20170120222227135.jpg.chip.jpg,52,Male,White
28_0_3_20170104220743173.jpg.chip.jpg,28,Male,Indian
1_0_4_20161221203008320.jpg.chip.jpg,1,Male,Others
1_1_3_20161220220124722.jpg.chip.jpg,1,Female,Indian
41_0_0_20170117154651236.jpg.chip.jpg,41,Male,White
59_0_0_20170116221951890.jpg.chip.jpg,59,Male,White
37_0_1_20170116194434755.jpg.chip.jpg,37,Male,Black
30_0_0_20170120134248646.jpg.chip.jpg,30,Male,White
10_1_0_20170103200654246.jpg.chip.jpg,10,Female,White
57_1_0_20170110120935648.jpg.chip.jpg,57,Female,White
30_1_3_20170104231929137.jpg.chip.jpg,30,Female,Indian
25_1_0_20170119172023545.jpg.chip.jpg,25,Female,White
31_1_3_20170109140727630.jpg.chip.jpg,31,Female,Indian
50_0_0_20170111171747307.jpg.chip.jpg,50,Male,White
30_0_0_20170117141919242.jpg.chip.jpg,30,Male,White
24_0_3_20170119165947103.jpg.chip.jpg,24,Male,Indian
43_0_3_20170119204554406.jpg.chip.jpg,43,Male,Indian
21_1_2_20170116171706610.jpg.chip.jpg,21,Female,Asian
37_0_2_20170117135956305.jpg.chip.jpg,37,Male,Asian
32_1_0_20170105173150717.jpg.chip.jpg,32,Female,White
40_1_0_20170108231152425.jpg.chip.jpg,40,Female,White
28_0_4_20170109002923202.jpg.chip.jpg,28,Male,Others
48_0_1_20170116233413749.jpg.chip.jpg,48,Male,Black
26_1_1_20170113011811105.jpg.chip.jpg,26,Female,Black
43_0_0_20170117141431936.jpg.chip.jpg,43,Male,White
40_0_4_20170104001839285.jpg.chip.jpg,40,Male,Others
34_1_0_20170103230321513.jpg.chip.jpg,34,Female,White
64_1_0_20170110131951168.jpg.chip.jpg,64,Female,White
36_0_1_20170117135448300.jpg.chip.jpg,36,Male,Black
27_1_2_20170116163900043.jpg.chip.jpg,27,Female,Asian
42_0_0_20170105163508427.jpg.chip.jpg,42,Male,White
26_1_1_20170113000222125.jpg.chip.jpg,26,Female,Black
55_1_0_20170120222833049.jpg.chip.jpg,55,Female,White
38_0_2_20170116192326283.jpg.chip.jpg,38,Male,Asian
1_1_3_20161220143219502.jpg.chip.jpg,1,Female,Indian
4_0_3_20161220145136351.jpg.chip.jpg,4,Male,Indian
5_1_0_20170109193957869.jpg.chip.jpg,5,Female,White
40_0_0_20170113210126285.jpg.chip.jpg,40,Male,White
24_1_0_20170116211933213.jpg.chip.jpg,24,Female,White
56_1_0_20170109220607828.jpg.chip.jpg,56,Female,White
27_1_1_20170114030211993.jpg.chip.jpg,27,Female,Black
5_0_0_20170110215835907.jpg.chip.jpg,5,Male,White
53_0_0_20170104212139332.jpg.chip.jpg,53,Male,White
21_1_0_20170103201838744.jpg.chip.jpg,21,Female,White
36_0_3_20170119201744493.jpg.chip.jpg,36,Male,Indian
2_0_0_20161219162259070.jpg.chip.jpg,2,Male,White
25_0_0_20170116223144178.jpg.chip.jpg,25,Male,White
5_1_4_20170116232419298.jpg.chip.jpg,5,Female,Others
39_1_3_20170110173815028.jpg.chip.jpg,39,Female,Indian
24_0_3_20170119165641406.jpg.chip.jpg,24,Male,Indian
42_0_3_20170119204237560.jpg.chip.jpg,42,Male,Indian
36_0_0_20170117183240678.jpg.chip.jpg,36,Male,White
21_1_4_20170103223244111.jpg.chip.jpg,21,Female,Others
74_1_0_20170120224932730.jpg.chip.jpg,74,Female,White
32_1_1_20170116030150291.jpg.chip.jpg,32,Female,Black
48_1_0_20170110154357405.jpg.chip.jpg,48,Female,White
21_0_4_20161223214826657.jpg.chip.jpg,21,Male,Others
28_0_0_20170117180519102.jpg.chip.jpg,28,Male,White
80_1_0_20170120222028750.jpg.chip.jpg,80,Female,White
3_0_3_20161220222637579.jpg.chip.jpg,3,Male,Indian
43_1_4_20170117174415686.jpg.chip.jpg,43,Female,Others
26_1_3_20170119192540907.jpg.chip.jpg,26,Female,Indian
26_1_3_20170104232550697.jpg.chip.jpg,26,Female,Indian
61_0_0_20170117174443309.jpg.chip.jpg,61,Male,White
24_1_3_20161220221541210.jpg.chip.jpg,24,Female,Indian
25_0_3_20170104214558568.jpg.chip.jpg,25,Male,Indian
45_0_3_20170119203944694.jpg.chip.jpg,45,Male,Indian
30_1_2_20170116191902270.jpg.chip.jpg,30,Female,Asian
35_0_4_20170117172754499.jpg.chip.jpg,35,Male,Others
65_1_0_20170110140444495.jpg.chip.jpg,65,Female,White
76_0_2_20170112204914106.jpg.chip.jpg,76,Male,Asian
37_0_4_20170104201910626.jpg.chip.jpg,37,Male,Others
70_1_0_20170110152919778.jpg.chip.jpg,70,Female,White
25_1_0_20170105183547063.jpg.chip.jpg,25,Female,White
30_1_0_20170103182254417.jpg.chip.jpg,30,Female,White
26_1_3_20170119155121850.jpg.chip.jpg,26,Female,Indian
52_1_2_20170112205146963.jpg.chip.jpg,52,Female,Asian
28_0_3_20170119194435555.jpg.chip.jpg,28,Male,Indian
50_0_0_20170104210147596.jpg.chip.jpg,50,Male,White
42_0_3_20170117175439914.jpg.chip.jpg,42,Male,Indian
29_1_0_20170105163239939.jpg.chip.jpg,29,Female,White
10_1_0_20170109204244904.jpg.chip.jpg,10,Female,White
9_0_0_20170110224611885.jpg.chip.jpg,9,Male,White
28_1_0_20170112235209623.jpg.chip.jpg,28,Female,White
51_0_0_20170117190825002.jpg.chip.jpg,51,Male,White
28_0_0_20170117020854365.jpg.chip.jpg,28,Male,White
24_1_0_20170104021019292.jpg.chip.jpg,24,Female,White
65_0_1_20170113182137398.jpg.chip.jpg,65,Male,Black
26_0_3_20170117154627472.jpg.chip.jpg,26,Male,Indian
55_0_0_20170116193520434.jpg.chip.jpg,55,Male,White
33_0_0_20170120220115217.jpg.chip.jpg,33,Male,White
43_0_0_20170104205227123.jpg.chip.jpg,43,Male,White
26_1_4_20170117201855518.jpg.chip.jpg,26,Female,Others
16_1_3_20170104223028462.jpg.chip.jpg,16,Female,Indian
29_0_0_20170117094750881.jpg.chip.jpg,29,Male,White
26_1_1_20170116160247500.jpg.chip.jpg,26,Female,Black
72_0_2_20170112223945402.jpg.chip.jpg,72,Male,Asian
24_0_1_20170117204443327.jpg.chip.jpg,24,Male,Black
30_1_3_20170119204403583.jpg.chip.jpg,30,Female,Indian
35_1_1_20170113195518309.jpg.chip.jpg,35,Female,Black
65_0_0_20170111193809606.jpg.chip.jpg,65,Male,White
29_1_2_20170104021748445.jpg.chip.jpg,29,Female,Asian
12_1_4_20170103200804119.jpg.chip.jpg,12,Female,Others
23_1_2_20170116173014665.jpg.chip.jpg,23,Female,Asian
35_1_0_20170117170527907.jpg.chip.jpg,35,Female,White
37_0_0_20170104205709259.jpg.chip.jpg,37,Male,White
22_1_1_20170113011834360.jpg.chip.jpg,22,Female,Black
30_0_0_20170117202947322.jpg.chip.jpg,30,Male,White
26_1_3_20170119192520722.jpg.chip.jpg,26,Female,Indian
22_1_4_20170112233752904.jpg.chip.jpg,22,Female,Others
23_1_3_20170104223556664.jpg.chip.jpg,23,Female,Indian
3_0_1_20170110213758644.jpg.chip.jpg,3,Male,Black
56_1_1_20170112231901927.jpg.chip.jpg,56,Female,Black
28_0_0_20170103181320400.jpg.chip.jpg,28,Male,White
4_0_2_20161219200024691.jpg.chip.jpg,4,Male,Asian
30_1_0_20170117092621461.jpg.chip.jpg,30,Female,White
8_1_4_20161223230041764.jpg.chip.jpg,8,Female,Others
56_0_1_20170113151815760.jpg.chip.jpg,56,Male,Black
26_1_3_20170119192359458.jpg.chip.jpg,26,Female,Indian
28_0_0_20170117202521375.jpg.chip.jpg,28,Male,White
7_0_0_20170110215612275.jpg.chip.jpg,7,Male,White
4_1_0_20170116215618294.jpg.chip.jpg,4,Female,White
5_1_2_20161219193949523.jpg.chip.jpg,5,Female,Asian
55_0_2_20170109013414020.jpg.chip.jpg,55,Male,Asian
48_1_1_20170113001756978.jpg.chip.jpg,48,Female,Black
25_1_1_20170117192036085.jpg.chip.jpg,25,Female,Black
78_0_1_20170111222446247.jpg.chip.jpg,78,Male,Black
35_0_0_20170116222932357.jpg.chip.jpg,35,Male,White
10_0_0_20170117135444407.jpg.chip.jpg,10,Male,White
28_1_0_20170117174702574.jpg.chip.jpg,28,Female,White
43_0_0_20170117155054004.jpg.chip.jpg,43,Male,White
39_1_0_20170103181831665.jpg.chip.jpg,39,Female,White
37_0_3_20170119202215718.jpg.chip.jpg,37,Male,Indian
42_1_1_20170113012354401.jpg.chip.jpg,42,Female,Black
25_0_3_20170119171303424.jpg.chip.jpg,25,Male,Indian
56_1_0_20170110153845590.jpg.chip.jpg,56,Female,White
75_0_1_20170111201947825.jpg.chip.jpg,75,Male,Black
16_1_1_20170117172336195.jpg.chip.jpg,16,Female,Black
3_1_2_20161219142312449.jpg.chip.jpg,3,Female,Asian
27_1_1_20170103182202481.jpg.chip.jpg,27,Female,Black
57_0_0_20170104202107434.jpg.chip.jpg,57,Male,White
26_1_4_20170103230004440.jpg.chip.jpg,26,Female,Others
1_0_2_20161219203514252.jpg.chip.jpg,1,Male,Asian
53_0_0_20170120223144035.jpg.chip.jpg,53,Male,White
38_0_0_20170117131159850.jpg.chip.jpg,38,Male,White
8_1_0_20170109202405671.jpg.chip.jpg,8,Female,White
32_0_1_20170113152011361.jpg.chip.jpg,32,Male,Black
32_1_2_20170116190151626.jpg.chip.jpg,32,Female,Asian
35_1_0_20170116201620219.jpg.chip.jpg,35,Female,White
30_1_0_20170104165043953.jpg.chip.jpg,30,Female,White
43_0_3_20170109015557169.jpg.chip.jpg,43,Male,Indian
50_0_0_20170111171747301.jpg.chip.jpg,50,Male,White
23_1_0_20170103163123528.jpg.chip.jpg,23,Female,White
26_0_3_20170119183255877.jpg.chip.jpg,26,Male,Indian
26_1_4_20170117154150500.jpg.chip.jpg,26,Female,Others
3_1_0_20170109192939414.jpg.chip.jpg,3,Female,White
53_1_0_20170110141003065.jpg.chip.jpg,53,Female,White
26_1_0_20170119180130438.jpg.chip.jpg,26,Female,White
21_1_3_20170104222105039.jpg.chip.jpg,21,Female,Indian
7_1_1_20170109194708063.jpg.chip.jpg,7,Female,Black
26_0_3_20170119180358932.jpg.chip.jpg,26,Male,Indian
19_1_0_20170109193136416.jpg.chip.jpg,19,Female,White
42_0_2_20170112215350320.jpg.chip.jpg,42,Male,Asian
46_0_4_20170104202042473.jpg.chip.jpg,46,Male,Others
52_0_2_20170117161035782.jpg.chip.jpg,52,Male,Asian
49_0_3_20170119204414414.jpg.chip.jpg,49,Male,Indian
35_0_3_20170119181105779.jpg.chip.jpg,35,Male,Indian
1_0_0_20170109193823674.jpg.chip.jpg,1,Male,White
27_0_1_20170117010428117.jpg.chip.jpg,27,Male,Black
1_1_2_20161219211944925.jpg.chip.jpg,1,Female,Asian
56_1_0_20170103162933143.jpg.chip.jpg,56,Female,White
80_0_0_20170117175134292.jpg.chip.jpg,80,Male,White
26_0_3_20170119183349137.jpg.chip.jpg,26,Male,Indian
17_1_0_20170109212920120.jpg.chip.jpg,17,Female,White
37_1_3_20170109131834447.jpg.chip.jpg,37,Female,Indian
75_0_0_20170111210552235.jpg.chip.jpg,75,Male,White
60_1_0_20170110143523078.jpg.chip.jpg,60,Female,White
25_0_0_20170117140540912.jpg.chip.jpg,25,Male,White
14_1_0_20170119150832998.jpg.chip.jpg,14,Female,White
26_0_1_20170113135532482.jpg.chip.jpg,26,Male,Black
24_1_2_20170116173403123.jpg.chip.jpg,24,Female,Asian
24_1_0_20170117194749524.jpg.chip.jpg,24,Female,White
30_0_0_20170119195539771.jpg.chip.jpg,30,Male,White
7_1_0_20170109194702900.jpg.chip.jpg,7,Female,White
30_0_1_20170113141846612.jpg.chip.jpg,30,Male,Black
22_1_3_20170119163750525.jpg.chip.jpg,22,Female,Indian
62_0_0_20170120224648431.jpg.chip.jpg,62,Male,White
27_1_3_20170104231620409.jpg.chip.jpg,27,Female,Indian
28_1_2_20170116170001611.jpg.chip.jpg,28,Female,Asian
56_0_0_20170109012217972.jpg.chip.jpg,56,Male,White
72_0_0_20170111222516126.jpg.chip.jpg,72,Male,White
5_1_3_20170119154358954.jpg.chip.jpg,5,Female,Indian
8_1_0_20170109205018500.jpg.chip.jpg,8,Female,White
14_1_0_20170104011720664.jpg.chip.jpg,14,Female,White
70_0_0_20170105173727374.jpg.chip.jpg,70,Male,White
33_0_3_20170117134831656.jpg.chip.jpg,33,Male,Indian
71_0_0_20170104213443413.jpg.chip.jpg,71,Male,White
1_1_2_20161219212313989.jpg.chip.jpg,1,Female,Asian
18_0_0_20170117175618980.jpg.chip.jpg,18,Male,White
20_0_1_20170113132343593.jpg.chip.jpg,20,Male,Black
69_1_0_20170110131727840.jpg.chip.jpg,69,Female,White
26_0_0_20170116224821430.jpg.chip.jpg,26,Male,White
53_1_0_20170110141257440.jpg.chip.jpg,53,Female,White
30_1_2_20170116163932623.jpg.chip.jpg,30,Female,Asian
4_0_2_20170110213551318.jpg.chip.jpg,4,Male,Asian
25_1_3_20170117151134442.jpg.chip.jpg,25,Female,Indian
25_0_3_20170119153348729.jpg.chip.jpg,25,Male,Indian
56_0_1_20170113134326090.jpg.chip.jpg,56,Male,Black
1_1_3_20161219225259040.jpg.chip.jpg,1,Female,Indian
20_1_0_20170116205807966.jpg.chip.jpg,20,Female,White
80_0_0_20170111223549819.jpg.chip.jpg,80,Male,White
45_0_1_20170117141846901.jpg.chip.jpg,45,Male,Black
26_0_2_20170116182630634.jpg.chip.jpg,26,Male,Asian
26_1_1_20170116013947455.jpg.chip.jpg,26,Female,Black
32_1_1_20170112215044104.jpg.chip.jpg,32,Female,Black
50_0_3_20170119203909752.jpg.chip.jpg,50,Male,Indian
6_1_3_20161220222916667.jpg.chip.jpg,6,Female,Indian
1_0_2_20170117195243732.jpg.chip.jpg,1,Male,Asian
24_1_2_20170116171158821.jpg.chip.jpg,24,Female,Asian
44_1_0_20170104211529444.jpg.chip.jpg,44,Female,White
58_0_3_20170119211547537.jpg.chip.jpg,58,Male,Indian
71_0_2_20170112224258484.jpg.chip.jpg,71,Male,Asian
65_1_1_20170113002051572.jpg.chip.jpg,65,Female,Black
58_0_4_20170104213132981.jpg.chip.jpg,58,Male,Others
61_0_0_20170120225135009.jpg.chip.jpg,61,Male,White
56_0_1_20170113151710086.jpg.chip.jpg,56,Male,Black
26_1_2_20170104022833734.jpg.chip.jpg,26,Female,Asian
76_0_2_20170105174433781.jpg.chip.jpg,76,Male,Asian
35_0_1_20170113155156475.jpg.chip.jpg,35,Male,Black
40_1_3_20170119151025310.jpg.chip.jpg,40,Female,Indian
60_0_0_20170113184242864.jpg.chip.jpg,60,Male,White
50_1_3_20170109134207312.jpg.chip.jpg,50,Female,Indian
48_1_0_20170117003356908.jpg.chip.jpg,48,Female,White
16_0_0_20170104230001113.jpg.chip.jpg,16,Male,White
58_0_0_20170113185354432.jpg.chip.jpg,58,Male,White
1_0_2_20161219221845695.jpg.chip.jpg,1,Male,Asian
30_0_0_20170117142917573.jpg.chip.jpg,30,Male,White
26_0_3_20170119183851623.jpg.chip.jpg,26,Male,Indian
53_1_0_20170116184028385.jpg.chip.jpg,53,Female,White
60_1_0_20170110152946835.jpg.chip.jpg,60,Female,White
2_0_0_20170110211504184.jpg.chip.jpg,2,Male,White
52_0_0_20170117161004278.jpg.chip.jpg,52,Male,White
29_1_0_20170116214325947.jpg.chip.jpg,29,Female,White
15_1_4_20170103233348795.jpg.chip.jpg,15,Female,Others
62_0_0_20170111211200517.jpg.chip.jpg,62,Male,White
35_0_1_20170117143358264.jpg.chip.jpg,35,Male,Black
1_0_2_20161219204024196.jpg.chip.jpg,1,Male,Asian
16_0_0_20170110232208589.jpg.chip.jpg,16,Male,White
26_0_4_20170117152758143.jpg.chip.jpg,26,Male,Others
63_1_0_20170117175251077.jpg.chip.jpg,63,Female,White
32_1_1_20170116021012241.jpg.chip.jpg,32,Female,Black
5_0_2_20161219192745531.jpg.chip.jpg,5,Male,Asian
40_0_4_20170104201550378.jpg.chip.jpg,40,Male,Others
37_0_1_20170115234754124.jpg.chip.jpg,37,Male,Black
14_0_0_2017011022340900.jpg.chip.jpg,14,Male,White
27_0_0_20170116204811619.jpg.chip.jpg,27,Male,White
37_1_1_20170116164005950.jpg.chip.jpg,37,Female,Black
32_0_3_20170117120702808.jpg.chip.jpg,32,Male,Indian
56_0_2_20170119180737540.jpg.chip.jpg,56,Male,Asian
11_1_0_20170117133441179.jpg.chip.jpg,11,Female,White
21_1_2_20170104015820531.jpg.chip.jpg,21,Female,Asian
21_0_4_20161223214838473.jpg.chip.jpg,21,Male,Others
57_0_0_20170111203811339.jpg.chip.jpg,57,Male,White
1_0_2_20161219203256078.jpg.chip.jpg,1,Male,Asian
35_0_3_20170119201343148.jpg.chip.jpg,35,Male,Indian
36_0_3_20170119183315430.jpg.chip.jpg,36,Male,Indian
25_0_1_20170113142520572.jpg.chip.jpg,25,Male,Black
1_1_0_20170109193026103.jpg.chip.jpg,1,Female,White
66_0_0_20170120221744629.jpg.chip.jpg,66,Male,White
70_0_0_20170111201153097.jpg.chip.jpg,70,Male,White
26_1_1_20170116163946811.jpg.chip.jpg,26,Female,Black
26_1_4_20161221193707668.jpg.chip.jpg,26,Female,Others
2_0_2_20161219204927996.jpg.chip.jpg,2,Male,Asian
40_0_4_20170117194620611.jpg.chip.jpg,40,Male,Others
26_1_2_20170104021717909.jpg.chip.jpg,26,Female,Asian
48_0_0_20170113181243230.jpg.chip.jpg,48,Male,White
27_1_2_20170116162544980.jpg.chip.jpg,27,Female,Asian
48_1_1_20170113013013754.jpg.chip.jpg,48,Female,Black
42_0_4_20170104185534278.jpg.chip.jpg,42,Male,Others
21_0_1_20170114030009371.jpg.chip.jpg,21,Male,Black
30_0_1_20170117171354562.jpg.chip.jpg,30,Male,Black
1_0_2_20161219153300420.jpg.chip.jpg,1,Male,Asian
12_0_0_20170103200900511.jpg.chip.jpg,12,Male,White
2_0_2_20161219160919734.jpg.chip.jpg,2,Male,Asian
50_0_0_20170104211603916.jpg.chip.jpg,50,Male,White
29_1_2_20170116172543850.jpg.chip.jpg,29,Female,Asian
27_1_2_20170116165642633.jpg.chip.jpg,27,Female,Asian
1_0_1_20161219160115237.jpg.chip.jpg,1,Male,Black
24_1_2_20170116165608430.jpg.chip.jpg,24,Female,Asian
8_1_0_20170109201536853.jpg.chip.jpg,8,Female,White
21_0_3_20161220221819298.jpg.chip.jpg,21,Male,Indian
15_0_0_20170116201123807.jpg.chip.jpg,15,Male,White
66_0_3_20170117195129091.jpg.chip.jpg,66,Male,Indian
25_0_1_20170116002814761.jpg.chip.jpg,25,Male,Black
21_0_0_20170117142053066.jpg.chip.jpg,21,Male,White
26_0_1_20170117001235514.jpg.chip.jpg,26,Male,Black
21_1_4_20161221193306453.jpg.chip.jpg,21,Female,Others
28_0_3_20170119194909970.jpg.chip.jpg,28,Male,Indian
29_1_2_20170109005533803.jpg.chip.jpg,29,Female,Asian
24_0_0_20170104004125063.jpg.chip.jpg,24,Male,White
48_1_0_20170103224620464.jpg.chip.jpg,48,Female,White
54_0_0_20170116193350285.jpg.chip.jpg,54,Male,White
12_1_1_20170109204809866.jpg.chip.jpg,12,Female,Black
47_0_0_20170117160014951.jpg.chip.jpg,47,Male,White
36_0_0_20170105164112403.jpg.chip.jpg,36,Male,White
31_1_3_20170117170731113.jpg.chip.jpg,31,Female,Indian
26_0_0_20170113152221966.jpg.chip.jpg,26,Male,White
48_0_0_20170113184317135.jpg.chip.jpg,48,Male,White
4_1_0_20170109192424440.jpg.chip.jpg,4,Female,White
26_0_2_20170105163936652.jpg.chip.jpg,26,Male,Asian
64_0_0_20170111204813415.jpg.chip.jpg,64,Male,White
35_0_1_20170116025838482.jpg.chip.jpg,35,Male,Black
2_0_4_20161221194951087.jpg.chip.jpg,2,Male,Others
36_0_3_20170119144131781.jpg.chip.jpg,36,Male,Indian
26_0_3_20170119181430244.jpg.chip.jpg,26,Male,Indian
59_0_4_20170117172237604.jpg.chip.jpg,59,Male,Others
31_0_1_20170113151333608.jpg.chip.jpg,31,Male,Black
34_1_1_20170116222831261.jpg.chip.jpg,34,Female,Black
1_1_0_20170109194244035.jpg.chip.jpg,1,Female,White
6_0_3_20161220222811027.jpg.chip.jpg,6,Male,Indian
25_0_1_20170116025959945.jpg.chip.jpg,25,Male,Black
58_0_4_20170104212345751.jpg.chip.jpg,58,Male,Others
10_1_2_20170109201545634.jpg.chip.jpg,10,Female,Asian
26_1_2_20170116175938987.jpg.chip.jpg,26,Female,Asian
24_1_0_20170112204907819.jpg.chip.jpg,24,Female,White
27_1_3_20170104232751618.jpg.chip.jpg,27,Female,Indian
35_1_3_20170104235136827.jpg.chip.jpg,35,Female,Indian
67_0_0_20170104185427710.jpg.chip.jpg,67,Male,White
24_0_0_20170116220755400.jpg.chip.jpg,24,Male,White
26_1_0_20170119192908266.jpg.chip.jpg,26,Female,White
50_1_4_20170117204033496.jpg.chip.jpg,50,Female,Others
31_0_0_20170117131123126.jpg.chip.jpg,31,Male,White
41_0_3_20170119204235487.jpg.chip.jpg,41,Male,Indian
30_1_0_20170117143824841.jpg.chip.jpg,30,Female,White
19_1_1_20170112191242381.jpg.chip.jpg,19,Female,Black
27_0_4_20170117012822305.jpg.chip.jpg,27,Male,Others
78_0_1_20170117195212700.jpg.chip.jpg,78,Male,Black
16_0_0_20170110232647979.jpg.chip.jpg,16,Male,White
17_1_4_20170103212235036.jpg.chip.jpg,17,Female,Others
26_0_0_20170119175528635.jpg.chip.jpg,26,Male,White
39_0_0_20170104174303275.jpg.chip.jpg,39,Male,White
42_0_3_20170119171532128.jpg.chip.jpg,42,Male,Indian
35_0_2_20170104191720503.jpg.chip.jpg,35,Male,Asian
27_1_1_20170117010418697.jpg.chip.jpg,27,Female,Black
32_0_0_20170117123734515.jpg.chip.jpg,32,Male,White
50_0_0_20170117180346013.jpg.chip.jpg,50,Male,White
32_0_1_20170113001102379.jpg.chip.jpg,32,Male,Black
29_0_0_20170117180839466.jpg.chip.jpg,29,Male,White
3_0_2_20161219141423672.jpg.chip.jpg,3,Male,Asian
30_1_1_20170113195544997.jpg.chip.jpg,30,Female,Black
26_0_3_20170117154834390.jpg.chip.jpg,26,Male,Indian
29_0_2_20170117180939947.jpg.chip.jpg,29,Male,Asian
39_1_0_20170103182509962.jpg.chip.jpg,39,Female,White
40_0_3_20170119192039721.jpg.chip.jpg,40,Male,Indian
39_0_1_20170104204530028.jpg.chip.jpg,39,Male,Black
55_0_2_20170112222311322.jpg.chip.jpg,55,Male,Asian
63_0_0_20170104212616357.jpg.chip.jpg,63,Male,White
30_0_3_20170119195646516.jpg.chip.jpg,30,Male,Indian
6_0_3_20170110213739717.jpg.chip.jpg,6,Male,Indian
26_1_2_20170116184624186.jpg.chip.jpg,26,Female,Asian
25_1_0_20170103163718321.jpg.chip.jpg,25,Female,White
25_1_0_20170104022204452.jpg.chip.jpg,25,Female,White
66_1_0_20170110175837753.jpg.chip.jpg,66,Female,White
1_0_2_20161219194543059.jpg.chip.jpg,1,Male,Asian
28_1_1_20170117020409415.jpg.chip.jpg,28,Female,Black
80_0_0_20170117173759783.jpg.chip.jpg,80,Male,White
65_0_0_20170117161049678.jpg.chip.jpg,65,Male,White
42_1_2_20170109135854714.jpg.chip.jpg,42,Female,Asian
38_1_0_20170104183625399.jpg.chip.jpg,38,Female,White
54_1_0_20170117155551876.jpg.chip.jpg,54,Female,White
54_0_3_20170119210005473.jpg.chip.jpg,54,Male,Indian
16_1_0_20170109212446278.jpg.chip.jpg,16,Female,White
7_1_4_20161221193134222.jpg.chip.jpg,7,Female,Others
26_1_0_20170117003226902.jpg.chip.jpg,26,Female,White
26_1_0_20170116164911648.jpg.chip.jpg,26,Female,White
48_0_0_20170117160444920.jpg.chip.jpg,48,Male,White
36_0_3_20170119183659343.jpg.chip.jpg,36,Male,Indian
30_1_1_20170112210943668.jpg.chip.jpg,30,Female,Black
80_0_0_20170111205531200.jpg.chip.jpg,80,Male,White
14_1_0_20170109213635068.jpg.chip.jpg,14,Female,White
24_1_3_20170104232256105.jpg.chip.jpg,24,Female,Indian
36_1_0_20170105162608884.jpg.chip.jpg,36,Female,White
37_1_1_20170112215450519.jpg.chip.jpg,37,Female,Black
1_1_2_20161219222144951.jpg.chip.jpg,1,Female,Asian
52_1_1_20170110120153155.jpg.chip.jpg,52,Female,Black
8_1_0_20170103200353070.jpg.chip.jpg,8,Female,White
68_1_0_20170110131335562.jpg.chip.jpg,68,Female,White
40_0_0_20170117192112162.jpg.chip.jpg,40,Male,White
28_0_2_20170116192951554.jpg.chip.jpg,28,Male,Asian
40_1_0_20170117172242457.jpg.chip.jpg,40,Female,White
28_1_0_20170117191714643.jpg.chip.jpg,28,Female,White
26_1_0_20170112231759374.jpg.chip.jpg,26,Female,White
10_1_4_20170103200950879.jpg.chip.jpg,10,Female,Others
5_1_2_20161219142421601.jpg.chip.jpg,5,Female,Asian
35_1_4_20170117203751799.jpg.chip.jpg,35,Female,Others
22_1_4_20170103223356448.jpg.chip.jpg,22,Female,Others
56_0_1_20170120223802390.jpg.chip.jpg,56,Male,Black
7_1_0_20170109205432160.jpg.chip.jpg,7,Female,White
54_0_0_20170104212535269.jpg.chip.jpg,54,Male,White
52_0_0_20170111181750506.jpg.chip.jpg,52,Male,White
30_1_2_20170116162552501.jpg.chip.jpg,30,Female,Asian
30_1_0_20170117140021432.jpg.chip.jpg,30,Female,White
47_1_0_20170117160418681.jpg.chip.jpg,47,Female,White
24_1_3_20170116220311270.jpg.chip.jpg,24,Female,Indian
26_0_1_20170113133847367.jpg.chip.jpg,26,Male,Black
41_0_0_20170119204215791.jpg.chip.jpg,41,Male,White
26_0_0_20170103181004512.jpg.chip.jpg,26,Male,White
23_1_3_20170116173247226.jpg.chip.jpg,23,Female,Indian
30_0_3_20170117144301762.jpg.chip.jpg,30,Male,Indian
3_1_1_20170109194614913.jpg.chip.jpg,3,Female,Black
36_1_1_20170113010431887.jpg.chip.jpg,36,Female,Black
41_1_0_20170104210211937.jpg.chip.jpg,41,Female,White
52_1_0_20170110153711933.jpg.chip.jpg,52,Female,White
5_1_2_20161219142021464.jpg.chip.jpg,5,Female,Asian
26_1_2_20170116180658254.jpg.chip.jpg,26,Female,Asian
8_1_0_20170103162925343.jpg.chip.jpg,8,Female,White
20_0_4_20170113133058865.jpg.chip.jpg,20,Male,Others
65_1_1_20170117184041200.jpg.chip.jpg,65,Female,Black
26_0_2_20170116182621915.jpg.chip.jpg,26,Male,Asian
2_1_3_20161219225749464.jpg.chip.jpg,2,Female,Indian
26_1_0_20170117201918694.jpg.chip.jpg,26,Female,White
16_0_0_20170110231841292.jpg.chip.jpg,16,Male,White
1_1_3_20161220220219634.jpg.chip.jpg,1,Female,Indian
60_1_0_20170110122522956.jpg.chip.jpg,60,Female,White
1_1_2_20170117192827229.jpg.chip.jpg,1,Female,Asian
21_0_4_20161223214812864.jpg.chip.jpg,21,Male,Others
1_1_3_20161220143211359.jpg.chip.jpg,1,Female,Indian
23_1_3_20170116173248641.jpg.chip.jpg,23,Female,Indian
60_1_0_20170110153047755.jpg.chip.jpg,60,Female,White
44_0_0_20170117135644544.jpg.chip.jpg,44,Male,White
1_0_2_20161219200004228.jpg.chip.jpg,1,Male,Asian
50_1_0_20170110143557981.jpg.chip.jpg,50,Female,White
40_1_1_20170113012951777.jpg.chip.jpg,40,Female,Black
53_0_4_20170117204252600.jpg.chip.jpg,53,Male,Others
5_1_4_20161221193338973.jpg.chip.jpg,5,Female,Others
63_0_0_20170117162837819.jpg.chip.jpg,63,Male,White
25_1_0_20170109132220552.jpg.chip.jpg,25,Female,White
48_0_3_20170119193054233.jpg.chip.jpg,48,Male,Indian
65_1_0_20170116220142214.jpg.chip.jpg,65,Female,White
22_0_1_20170113133327736.jpg.chip.jpg,22,Male,Black
67_1_0_20170110120952264.jpg.chip.jpg,67,Female,White
16_1_3_20170104214252949.jpg.chip.jpg,16,Female,Indian
26_1_3_20170116232356027.jpg.chip.jpg,26,Female,Indian
50_0_0_20170117144652339.jpg.chip.jpg,50,Male,White
44_0_0_20170120220042234.jpg.chip.jpg,44,Male,White
20_1_4_20170103233322026.jpg.chip.jpg,20,Female,Others
11_0_0_20170110220500946.jpg.chip.jpg,11,Male,White
32_0_0_20170104172409163.jpg.chip.jpg,32,Male,White
25_1_1_20170112205209506.jpg.chip.jpg,25,Female,Black
75_0_0_20170111205635250.jpg.chip.jpg,75,Male,White
60_0_0_20170111203914420.jpg.chip.jpg,60,Male,White
39_1_0_20170103183459755.jpg.chip.jpg,39,Female,White
23_0_0_20170119145312190.jpg.chip.jpg,23,Male,White
46_0_4_20170120134419847.jpg.chip.jpg,46,Male,Others
24_1_1_20170115235044207.jpg.chip.jpg,24,Female,Black
24_1_2_20170117145644747.jpg.chip.jpg,24,Female,Asian
35_0_0_20170120223253707.jpg.chip.jpg,35,Male,White
21_1_2_20170104021952837.jpg.chip.jpg,21,Female,Asian
32_0_0_20170117130645242.jpg.chip.jpg,32,Male,White
28_1_2_20170116162607800.jpg.chip.jpg,28,Female,Asian
30_1_0_20170104185704638.jpg.chip.jpg,30,Female,White
14_0_0_20170103200600206.jpg.chip.jpg,14,Male,White
60_0_0_20170120222339215.jpg.chip.jpg,60,Male,White
32_0_0_20170116182638639.jpg.chip.jpg,32,Male,White
32_0_1_20170113001322715.jpg.chip.jpg,32,Male,Black
30_1_1_20170112211330988.jpg.chip.jpg,30,Female,Black
68_0_0_20170113185525480.jpg.chip.jpg,68,Male,White
34_0_0_20170116192050166.jpg.chip.jpg,34,Male,White
29_1_4_20170103163340489.jpg.chip.jpg,29,Female,Others
1_1_4_20161221201852145.jpg.chip.jpg,1,Female,Others
1_1_2_20161219153256492.jpg.chip.jpg,1,Female,Asian
31_0_1_20170117135549723.jpg.chip.jpg,31,Male,Black
69_1_0_20170110154316664.jpg.chip.jpg,69,Female,White
4_0_2_20161219195053667.jpg.chip.jpg,4,Male,Asian
54_0_3_20170117171017251.jpg.chip.jpg,54,Male,Indian
26_0_0_20170117172707381.jpg.chip.jpg,26,Male,White
31_1_1_20170117164303317.jpg.chip.jpg,31,Female,Black
31_1_0_20170117181938381.jpg.chip.jpg,31,Female,White
3_1_0_20170103213301485.jpg.chip.jpg,3,Female,White
28_0_3_20170119194928605.jpg.chip.jpg,28,Male,Indian
29_0_0_20170116192103987.jpg.chip.jpg,29,Male,White
56_1_3_20170109132208103.jpg.chip.jpg,56,Female,Indian
25_0_0_20170117195019627.jpg.chip.jpg,25,Male,White
16_0_0_20170110231647962.jpg.chip.jpg,16,Male,White
50_0_0_20170117160733057.jpg.chip.jpg,50,Male,White
36_0_1_20170113161458922.jpg.chip.jpg,36,Male,Black
54_0_3_20170119210114392.jpg.chip.jpg,54,Male,Indian
33_1_3_20170119200543308.jpg.chip.jpg,33,Female,Indian
23_1_0_20170103180414191.jpg.chip.jpg,23,Female,White
26_1_3_20170119193147891.jpg.chip.jpg,26,Female,Indian
1_1_0_20170109194038813.jpg.chip.jpg,1,Female,White
25_0_0_20170113174036233.jpg.chip.jpg,25,Male,White
42_0_2_20170104181453181.jpg.chip.jpg,42,Male,Asian
40_1_0_20170103181824761.jpg.chip.jpg,40,Female,White
26_0_3_20170120134330671.jpg.chip.jpg,26,Male,Indian
26_1_1_20170116162426080.jpg.chip.jpg,26,Female,Black
45_0_0_20170104194418815.jpg.chip.jpg,45,Male,White
40_1_0_20170116222656352.jpg.chip.jpg,40,Female,White
15_0_0_20170110224324459.jpg.chip.jpg,15,Male,White
24_0_0_20170116205530259.jpg.chip.jpg,24,Male,White
51_0_1_20170113175544403.jpg.chip.jpg,51,Male,Black
10_1_2_20170104005417671.jpg.chip.jpg,10,Female,Asian
31_0_4_20170117123923204.jpg.chip.jpg,31,Male,Others
35_0_0_20170117170905483.jpg.chip.jpg,35,Male,White
47_0_3_20170116025923457.jpg.chip.jpg,47,Male,Indian
34_0_3_20170119163319768.jpg.chip.jpg,34,Male,Indian
21_0_0_20170117142012992.jpg.chip.jpg,21,Male,White
16_1_0_20170104012333393.jpg.chip.jpg,16,Female,White
5_1_2_20161219200433267.jpg.chip.jpg,5,Female,Asian
25_1_1_20170112235005249.jpg.chip.jpg,25,Female,Black
10_0_0_20170110220541850.jpg.chip.jpg,10,Male,White
9_0_0_20170110225359875.jpg.chip.jpg,9,Male,White
49_0_3_20170119202423862.jpg.chip.jpg,49,Male,Indian
9_0_0_20170110224351698.jpg.chip.jpg,9,Male,White
2_1_0_20170109191311166.jpg.chip.jpg,2,Female,White
30_0_0_20170104202149570.jpg.chip.jpg,30,Male,White
34_1_1_20170113011534310.jpg.chip.jpg,34,Female,Black
36_1_4_20170105001239982.jpg.chip.jpg,36,Female,Others
78_0_1_20170113175613132.jpg.chip.jpg,78,Male,Black
51_0_0_20170117160754830.jpg.chip.jpg,51,Male,White
38_1_0_20170103183214380.jpg.chip.jpg,38,Female,White
28_0_3_20170116214434468.jpg.chip.jpg,28,Male,Indian
42_1_1_20170112231620452.jpg.chip.jpg,42,Female,Black
27_0_3_20170119165911975.jpg.chip.jpg,27,Male,Indian
72_0_0_20170117171003724.jpg.chip.jpg,72,Male,White
28_0_1_20170115235544908.jpg.chip.jpg,28,Male,Black
58_0_0_20170117160230063.jpg.chip.jpg,58,Male,White
72_0_0_20170111171747670.jpg.chip.jpg,72,Male,White
24_0_1_20170117194403765.jpg.chip.jpg,24,Male,Black
36_0_3_20170119201817701.jpg.chip.jpg,36,Male,Indian
1_0_2_20170110213415212.jpg.chip.jpg,1,Male,Asian
21_0_3_20170119155412162.jpg.chip.jpg,21,Male,Indian
31_0_1_20170116203929663.jpg.chip.jpg,31,Male,Black
40_0_1_20170113152055344.jpg.chip.jpg,40,Male,Black
1_1_2_20170109194007910.jpg.chip.jpg,1,Female,Asian
50_1_0_20170117092638126.jpg.chip.jpg,50,Female,White
37_0_0_20170109004257626.jpg.chip.jpg,37,Male,White
26_1_1_20170116164056356.jpg.chip.jpg,26,Female,Black
2_1_2_20161219152910484.jpg.chip.jpg,2,Female,Asian
46_1_1_20170113011956753.jpg.chip.jpg,46,Female,Black
36_0_3_20170117135513053.jpg.chip.jpg,36,Male,Indian
4_1_0_20170109192031317.jpg.chip.jpg,4,Female,White
24_1_2_20170116174454662.jpg.chip.jpg,24,Female,Asian
36_1_0_20170109134525414.jpg.chip.jpg,36,Female,White
25_0_4_20170117195023516.jpg.chip.jpg,25,Male,Others
30_1_4_20170103230152025.jpg.chip.jpg,30,Female,Others
22_0_0_20170104003957078.jpg.chip.jpg,22,Male,White
56_1_0_20170104203119691.jpg.chip.jpg,56,Female,White
26_0_1_20170117200138532.jpg.chip.jpg,26,Male,Black
30_0_1_20170113012632385.jpg.chip.jpg,30,Male,Black
40_0_1_20170117134411786.jpg.chip.jpg,40,Male,Black
27_1_2_20161219192627707.jpg.chip.jpg,27,Female,Asian
54_1_0_20170117171446412.jpg.chip.jpg,54,Female,White
35_0_1_20170117020842523.jpg.chip.jpg,35,Male,Black
23_1_3_20170104222321688.jpg.chip.jpg,23,Female,Indian
50_0_1_20170117204159441.jpg.chip.jpg,50,Male,Black
29_1_1_20170113012341792.jpg.chip.jpg,29,Female,Black
24_1_0_20170105183749799.jpg.chip.jpg,24,Female,White
2_0_2_20161219141650121.jpg.chip.jpg,2,Male,Asian
52_1_3_20170109133341959.jpg.chip.jpg,52,Female,Indian
48_1_3_20170104220351694.jpg.chip.jpg,48,Female,Indian
26_0_3_20170119145951982.jpg.chip.jpg,26,Male,Indian
57_0_3_20170119201739436.jpg.chip.jpg,57,Male,Indian
36_0_0_20170116215747049.jpg.chip.jpg,36,Male,White
2_1_3_20161220222013834.jpg.chip.jpg,2,Female,Indian
18_0_0_20170117140132816.jpg.chip.jpg,18,Male,White
4_0_3_20161220222803227.jpg.chip.jpg,4,Male,Indian
38_0_3_20170119160316259.jpg.chip.jpg,38,Male,Indian
50_0_0_20170111181750475.jpg.chip.jpg,50,Male,White
26_1_2_20170116180404568.jpg.chip.jpg,26,Female,Asian
23_0_0_20170117144552915.jpg.chip.jpg,23,Male,White
24_1_1_20170115235433094.jpg.chip.jpg,24,Female,Black
44_0_0_20170117155532055.jpg.chip.jpg,44,Male,White
30_0_0_20170117130636837.jpg.chip.jpg,30,Male,White
26_1_2_20170105163951372.jpg.chip.jpg,26,Female,Asian
14_1_0_20170109204304326.jpg.chip.jpg,14,Female,White
30_1_1_20170112215102792.jpg.chip.jpg,30,Female,Black
48_1_0_20170109141729566.jpg.chip.jpg,48,Female,White
31_1_1_20170113001544326.jpg.chip.jpg,31,Female,Black
33_0_4_20170104172529099.jpg.chip.jpg,33,Male,Others
39_0_2_20170105161404090.jpg.chip.jpg,39,Male,Asian
21_1_1_20170112231908781.jpg.chip.jpg,21,Female,Black
54_0_0_20170113142429138.jpg.chip.jpg,54,Male,White
1_1_2_20161219195252187.jpg.chip.jpg,1,Female,Asian
21_1_2_20170116170625776.jpg.chip.jpg,21,Female,Asian
26_1_1_20170116222916879.jpg.chip.jpg,26,Female,Black
45_0_0_20170116233233803.jpg.chip.jpg,45,Male,White
61_0_0_20170117194336276.jpg.chip.jpg,61,Male,White
37_0_0_20170113210126299.jpg.chip.jpg,37,Male,White
45_0_0_20170117181818036.jpg.chip.jpg,45,Male,White
35_1_0_20170103182746666.jpg.chip.jpg,35,Female,White
25_1_0_20170116205838424.jpg.chip.jpg,25,Female,White
32_0_0_20170117133449025.jpg.chip.jpg,32,Male,White
26_1_2_20170116182159301.jpg.chip.jpg,26,Female,Asian
45_0_0_20170104205315204.jpg.chip.jpg,45,Male,White
26_1_0_20170117001335885.jpg.chip.jpg,26,Female,White
55_0_0_20170117185642242.jpg.chip.jpg,55,Male,White
49_0_0_20170104204831379.jpg.chip.jpg,49,Male,White
21_1_4_20170103234037067.jpg.chip.jpg,21,Female,Others
27_0_1_20170116030530533.jpg.chip.jpg,27,Male,Black
36_1_3_20170117173858390.jpg.chip.jpg,36,Female,Indian
24_0_0_20170117150336900.jpg.chip.jpg,24,Male,White
34_1_1_20170116020412962.jpg.chip.jpg,34,Female,Black
1_0_2_20161219205827749.jpg.chip.jpg,1,Male,Asian
60_0_1_20170117175043836.jpg.chip.jpg,60,Male,Black
25_1_4_20170103235222492.jpg.chip.jpg,25,Female,Others
1_0_2_20170109191125532.jpg.chip.jpg,1,Male,Asian
22_0_0_20170104003954062.jpg.chip.jpg,22,Male,White
22_1_3_20170104231655336.jpg.chip.jpg,22,Female,Indian
34_0_1_20170113175238308.jpg.chip.jpg,34,Male,Black
46_0_1_20170113151900392.jpg.chip.jpg,46,Male,Black
30_0_0_20170117150940669.jpg.chip.jpg,30,Male,White
27_0_1_20170114034625293.jpg.chip.jpg,27,Male,Black
40_0_0_20170116224626718.jpg.chip.jpg,40,Male,White
63_0_0_20170113185508976.jpg.chip.jpg,63,Male,White
52_0_0_20170113184840654.jpg.chip.jpg,52,Male,White
30_0_3_20170117145159065.jpg.chip.jpg,30,Male,Indian
30_1_1_20170113001440458.jpg.chip.jpg,30,Female,Black
54_0_3_20170119210115904.jpg.chip.jpg,54,Male,Indian
27_0_0_20170114034255912.jpg.chip.jpg,27,Male,White
24_0_0_20170117145927468.jpg.chip.jpg,24,Male,White
30_1_1_20170113011704335.jpg.chip.jpg,30,Female,Black
1_1_3_20161220221800802.jpg.chip.jpg,1,Female,Indian
26_0_4_20170116182250630.jpg.chip.jpg,26,Male,Others
40_0_0_20170117154509590.jpg.chip.jpg,40,Male,White
14_0_0_20170110232633429.jpg.chip.jpg,14,Male,White
32_1_2_20170103181041008.jpg.chip.jpg,32,Female,Asian
26_1_3_20170119192110658.jpg.chip.jpg,26,Female,Indian
1_0_0_20170110211536519.jpg.chip.jpg,1,Male,White
32_0_4_20170117203108807.jpg.chip.jpg,32,Male,Others
40_0_0_20170117174139735.jpg.chip.jpg,40,Male,White
2_1_2_20161219161912078.jpg.chip.jpg,2,Female,Asian
25_0_0_20170119145504925.jpg.chip.jpg,25,Male,White
27_0_1_20170113175536164.jpg.chip.jpg,27,Male,Black
56_0_2_20170112221925748.jpg.chip.jpg,56,Male,Asian
1_0_3_20161220144949223.jpg.chip.jpg,1,Male,Indian
25_1_2_20170116175250125.jpg.chip.jpg,25,Female,Asian
26_1_3_20170119154424042.jpg.chip.jpg,26,Female,Indian
58_0_0_20170120224627678.jpg.chip.jpg,58,Male,White
34_1_1_20170116164815094.jpg.chip.jpg,34,Female,Black
29_1_1_20170113000314554.jpg.chip.jpg,29,Female,Black
37_1_1_20170116023833744.jpg.chip.jpg,37,Female,Black
32_1_3_20170104235736013.jpg.chip.jpg,32,Female,Indian
5_1_2_20161219192202650.jpg.chip.jpg,5,Female,Asian
41_0_0_20170117131137875.jpg.chip.jpg,41,Male,White
26_0_0_20170117173249413.jpg.chip.jpg,26,Male,White
54_0_3_20170119210122240.jpg.chip.jpg,54,Male,Indian
25_0_3_20170119171112135.jpg.chip.jpg,25,Male,Indian
61_0_0_20170111171747571.jpg.chip.jpg,61,Male,White
75_0_2_20170112224221075.jpg.chip.jpg,75,Male,Asian
1_0_2_20161219205758717.jpg.chip.jpg,1,Male,Asian
28_1_4_20170117202552000.jpg.chip.jpg,28,Female,Others
32_1_4_20170105164210618.jpg.chip.jpg,32,Female,Others
8_1_0_20170109204516373.jpg.chip.jpg,8,Female,White
5_1_4_20161221193033413.jpg.chip.jpg,5,Female,Others
29_1_0_20170103181430872.jpg.chip.jpg,29,Female,White
54_0_0_20170117155448941.jpg.chip.jpg,54,Male,White
37_0_0_20170116201223316.jpg.chip.jpg,37,Male,White
25_0_0_20170116223127339.jpg.chip.jpg,25,Male,White
26_1_2_20170116175850875.jpg.chip.jpg,26,Female,Asian
37_0_0_20170119202217510.jpg.chip.jpg,37,Male,White
80_1_0_20170120221022764.jpg.chip.jpg,80,Female,White
32_0_3_20170104214518494.jpg.chip.jpg,32,Male,Indian
4_0_3_20161220145757599.jpg.chip.jpg,4,Male,Indian
1_0_2_20161219160955846.jpg.chip.jpg,1,Male,Asian
28_0_0_20170116214501624.jpg.chip.jpg,28,Male,White
3_0_4_20170103202821873.jpg.chip.jpg,3,Male,Others
66_1_0_20170117091537933.jpg.chip.jpg,66,Female,White
61_0_2_20170112224233965.jpg.chip.jpg,61,Male,Asian
26_1_2_20170116184144892.jpg.chip.jpg,26,Female,Asian
1_1_2_20161219202741628.jpg.chip.jpg,1,Female,Asian
30_0_1_20170116002938608.jpg.chip.jpg,30,Male,Black
1_1_4_20161221202912889.jpg.chip.jpg,1,Female,Others
72_1_0_20170110153242401.jpg.chip.jpg,72,Female,White
26_1_0_20170119192623081.jpg.chip.jpg,26,Female,White
20_1_3_20170119153518449.jpg.chip.jpg,20,Female,Indian
26_1_1_20170116232550099.jpg.chip.jpg,26,Female,Black
1_0_2_20161219195130076.jpg.chip.jpg,1,Male,Asian
25_0_4_20170117195006460.jpg.chip.jpg,25,Male,Others
35_0_0_20170104172415386.jpg.chip.jpg,35,Male,White
32_1_1_20170120220526706.jpg.chip.jpg,32,Female,Black
23_1_2_20170116173057476.jpg.chip.jpg,23,Female,Asian
72_0_0_20170111222416133.jpg.chip.jpg,72,Male,White
17_1_0_20170104012351409.jpg.chip.jpg,17,Female,White
75_0_0_20170117172928993.jpg.chip.jpg,75,Male,White
36_1_1_20170113195419453.jpg.chip.jpg,36,Female,Black
50_0_1_20170113182107886.jpg.chip.jpg,50,Male,Black
25_0_1_20170117195010460.jpg.chip.jpg,25,Male,Black
32_1_2_20170113002101524.jpg.chip.jpg,32,Female,Asian
30_0_1_20170113151342687.jpg.chip.jpg,30,Male,Black
24_1_0_20170117150538420.jpg.chip.jpg,24,Female,White
41_1_4_20170116001848468.jpg.chip.jpg,41,Female,Others
23_0_1_20170113133833362.jpg.chip.jpg,23,Male,Black
1_1_3_20161220145219616.jpg.chip.jpg,1,Female,Indian
40_1_0_20170117001103881.jpg.chip.jpg,40,Female,White
25_1_3_20170119171154440.jpg.chip.jpg,25,Female,Indian
6_1_3_20161220222420627.jpg.chip.jpg,6,Female,Indian
25_1_2_20170116175243754.jpg.chip.jpg,25,Female,Asian
70_0_0_20170117173632929.jpg.chip.jpg,70,Male,White
35_0_0_20170117150020867.jpg.chip.jpg,35,Male,White
53_1_0_20170116201116129.jpg.chip.jpg,53,Female,White
80_0_0_20170117174600725.jpg.chip.jpg,80,Male,White
44_1_1_20170113011544238.jpg.chip.jpg,44,Female,Black
66_1_0_20170110140711170.jpg.chip.jpg,66,Female,White
22_1_1_20170116172633295.jpg.chip.jpg,22,Female,Black
35_0_3_20170119194712751.jpg.chip.jpg,35,Male,Indian
2_1_0_20170109191715669.jpg.chip.jpg,2,Female,White
53_1_3_20170104234732082.jpg.chip.jpg,53,Female,Indian
29_1_2_20170116163132225.jpg.chip.jpg,29,Female,Asian
37_0_0_20170104185229157.jpg.chip.jpg,37,Male,White
1_0_0_20170109191453449.jpg.chip.jpg,1,Male,White
30_0_1_20170117130118260.jpg.chip.jpg,30,Male,Black
6_1_2_20161219192319650.jpg.chip.jpg,6,Female,Asian
3_1_3_20161219225534376.jpg.chip.jpg,3,Female,Indian
34_0_3_20170119200717205.jpg.chip.jpg,34,Male,Indian
35_0_1_20170117143139491.jpg.chip.jpg,35,Male,Black
26_1_1_20170116153050594.jpg.chip.jpg,26,Female,Black
56_1_0_20170110122842545.jpg.chip.jpg,56,Female,White
28_1_0_20170111182452808.jpg.chip.jpg,28,Female,White
25_1_1_20170112235032674.jpg.chip.jpg,25,Female,Black
24_1_1_20170112231628815.jpg.chip.jpg,24,Female,Black
56_0_3_20170109142154230.jpg.chip.jpg,56,Male,Indian
39_1_3_20170104223518221.jpg.chip.jpg,39,Female,Indian
24_1_2_20170116174531148.jpg.chip.jpg,24,Female,Asian
27_0_1_20170117010109482.jpg.chip.jpg,27,Male,Black
6_1_4_20170103212222820.jpg.chip.jpg,6,Female,Others
47_0_0_20170117190258354.jpg.chip.jpg,47,Male,White
27_1_0_20170117014038281.jpg.chip.jpg,27,Female,White
52_0_2_20170116183811379.jpg.chip.jpg,52,Male,Asian
57_0_0_20170117191704100.jpg.chip.jpg,57,Male,White
45_0_2_20170104174321891.jpg.chip.jpg,45,Male,Asian
51_0_0_20170104205242540.jpg.chip.jpg,51,Male,White
1_0_2_20161219201331164.jpg.chip.jpg,1,Male,Asian
15_1_0_20170109214412116.jpg.chip.jpg,15,Female,White
16_0_0_20170110232725516.jpg.chip.jpg,16,Male,White
22_1_1_20170112233618639.jpg.chip.jpg,22,Female,Black
26_1_3_20170117173636062.jpg.chip.jpg,26,Female,Indian
40_1_1_20170113012253752.jpg.chip.jpg,40,Female,Black
26_0_2_20170116181220996.jpg.chip.jpg,26,Male,Asian
26_1_1_20170112205848764.jpg.chip.jpg,26,Female,Black
26_1_0_20170117153217757.jpg.chip.jpg,26,Female,White
22_1_1_20170112233644761.jpg.chip.jpg,22,Female,Black
35_0_0_20170117151327234.jpg.chip.jpg,35,Male,White
23_1_2_20170116173108901.jpg.chip.jpg,23,Female,Asian
53_1_3_20170109133349734.jpg.chip.jpg,53,Female,Indian
49_0_2_20170105164916620.jpg.chip.jpg,49,Male,Asian
22_1_3_20170119163328077.jpg.chip.jpg,22,Female,Indian
6_1_0_20170109201856463.jpg.chip.jpg,6,Female,White
26_0_3_20170119184127431.jpg.chip.jpg,26,Male,Indian
22_1_0_20170113182819149.jpg.chip.jpg,22,Female,White
30_0_4_20170104170526912.jpg.chip.jpg,30,Male,Others
40_1_0_20170117194649491.jpg.chip.jpg,40,Female,White
5_0_2_20170110215845491.jpg.chip.jpg,5,Male,Asian
58_0_2_20170112205242580.jpg.chip.jpg,58,Male,Asian
28_1_1_20170117121917805.jpg.chip.jpg,28,Female,Black
45_0_0_20170117180150486.jpg.chip.jpg,45,Male,White
45_0_4_20170117172212027.jpg.chip.jpg,45,Male,Others
29_1_2_20170116164242023.jpg.chip.jpg,29,Female,Asian
35_1_1_20170117135357361.jpg.chip.jpg,35,Female,Black
27_0_3_20170119193411154.jpg.chip.jpg,27,Male,Indian
25_0_2_20170117195218570.jpg.chip.jpg,25,Male,Asian
1_1_2_20161219154612988.jpg.chip.jpg,1,Female,Asian
45_0_3_20170119201135740.jpg.chip.jpg,45,Male,Indian
35_1_3_20170119201542462.jpg.chip.jpg,35,Female,Indian
1_1_0_20170109194410994.jpg.chip.jpg,1,Female,White
2_0_3_20161220144721023.jpg.chip.jpg,2,Male,Indian
23_1_3_20170119164457312.jpg.chip.jpg,23,Female,Indian
22_1_3_20170104222612607.jpg.chip.jpg,22,Female,Indian
5_0_3_20170117154544317.jpg.chip.jpg,5,Male,Indian
3_1_4_20170103213251308.jpg.chip.jpg,3,Female,Others
42_1_1_20170104210422988.jpg.chip.jpg,42,Female,Black
26_0_1_20170116201931711.jpg.chip.jpg,26,Male,Black
37_1_1_20170116222809020.jpg.chip.jpg,37,Female,Black
23_1_2_20170116173154425.jpg.chip.jpg,23,Female,Asian
35_0_1_20170113195625995.jpg.chip.jpg,35,Male,Black
65_0_2_20170112220433521.jpg.chip.jpg,65,Male,Asian
49_0_0_20170104185659750.jpg.chip.jpg,49,Male,White
42_1_1_20170112234656696.jpg.chip.jpg,42,Female,Black
20_0_0_20170117140133828.jpg.chip.jpg,20,Male,White
19_1_1_20170117124021486.jpg.chip.jpg,19,Female,Black
26_0_3_20170119181310597.jpg.chip.jpg,26,Male,Indian
10_1_0_20170109204435809.jpg.chip.jpg,10,Female,White
43_1_0_20170109012420929.jpg.chip.jpg,43,Female,White
28_0_4_20170117020639219.jpg.chip.jpg,28,Male,Others
18_1_0_20170109212828069.jpg.chip.jpg,18,Female,White
30_0_0_20170117130637562.jpg.chip.jpg,30,Male,White
28_0_3_20170119194725939.jpg.chip.jpg,28,Male,Indian
60_0_3_20170119203925892.jpg.chip.jpg,60,Male,Indian
70_0_0_20170117160355895.jpg.chip.jpg,70,Male,White
30_1_0_20170117141413713.jpg.chip.jpg,30,Female,White
32_0_3_20170119200400215.jpg.chip.jpg,32,Male,Indian
18_1_1_20170116211857195.jpg.chip.jpg,18,Female,Black
35_1_2_20170116184621951.jpg.chip.jpg,35,Female,Asian
28_0_0_20170105162351171.jpg.chip.jpg,28,Male,White
50_0_0_20170104021859988.jpg.chip.jpg,50,Male,White
26_0_0_20170104230456289.jpg.chip.jpg,26,Male,White
47_1_1_20170116160640036.jpg.chip.jpg,47,Female,Black
58_0_0_20170113190658809.jpg.chip.jpg,58,Male,White
44_0_0_20170104183723462.jpg.chip.jpg,44,Male,White
26_1_1_20170116231937264.jpg.chip.jpg,26,Female,Black
27_1_2_20170116172637915.jpg.chip.jpg,27,Female,Asian
36_1_2_20170105000458833.jpg.chip.jpg,36,Female,Asian
58_0_0_20170117191834739.jpg.chip.jpg,58,Male,White
25_1_4_20170117193813573.jpg.chip.jpg,25,Female,Others
2_0_3_20161219225201960.jpg.chip.jpg,2,Male,Indian
48_0_4_20170104213328405.jpg.chip.jpg,48,Male,Others
28_0_3_20170104232432992.jpg.chip.jpg,28,Male,Indian
54_0_0_20170104212509821.jpg.chip.jpg,54,Male,White
30_1_2_20170119150857103.jpg.chip.jpg,30,Female,Asian
37_0_0_20170109010706831.jpg.chip.jpg,37,Male,White
26_0_2_20170119184056247.jpg.chip.jpg,26,Male,Asian
1_0_0_20170103210032258.jpg.chip.jpg,1,Male,White
56_0_3_20170117191908449.jpg.chip.jpg,56,Male,Indian
73_0_3_20170119212042841.jpg.chip.jpg,73,Male,Indian
35_0_1_20170117192142868.jpg.chip.jpg,35,Male,Black
80_0_0_20170111211628015.jpg.chip.jpg,80,Male,White
67_1_0_20170110143255682.jpg.chip.jpg,67,Female,White
56_0_3_20170119192008015.jpg.chip.jpg,56,Male,Indian
28_0_1_20170117020124788.jpg.chip.jpg,28,Male,Black
14_0_0_20170102234323550.jpg.chip.jpg,14,Male,White
30_0_0_20170116224623527.jpg.chip.jpg,30,Male,White
59_0_1_20170113182157557.jpg.chip.jpg,59,Male,Black
2_0_0_20170110211457583.jpg.chip.jpg,2,Male,White
46_0_3_20170119175612659.jpg.chip.jpg,46,Male,Indian
35_1_1_20170113001901555.jpg.chip.jpg,35,Female,Black
1_0_4_20161221195857728.jpg.chip.jpg,1,Male,Others
26_1_4_20170117202038959.jpg.chip.jpg,26,Female,Others
45_0_3_20170105001317092.jpg.chip.jpg,45,Male,Indian
29_0_1_20170113173058481.jpg.chip.jpg,29,Male,Black
26_0_1_20170116231231576.jpg.chip.jpg,26,Male,Black
14_1_0_20170109203340834.jpg.chip.jpg,14,Female,White
36_1_1_20170112231430536.jpg.chip.jpg,36,Female,Black
40_0_2_20170116173555334.jpg.chip.jpg,40,Male,Asian
43_1_3_20170109141039762.jpg.chip.jpg,43,Female,Indian
61_0_1_20170117193718791.jpg.chip.jpg,61,Male,Black
24_1_2_20170116174457770.jpg.chip.jpg,24,Female,Asian
28_0_3_20170117020056667.jpg.chip.jpg,28,Male,Indian
38_1_1_20170117203703512.jpg.chip.jpg,38,Female,Black
35_1_0_20170103182733994.jpg.chip.jpg,35,Female,White
23_1_4_20170117144906730.jpg.chip.jpg,23,Female,Others
8_1_0_20170109203433105.jpg.chip.jpg,8,Female,White
45_0_3_20170119194520650.jpg.chip.jpg,45,Male,Indian
35_0_1_20170113141713475.jpg.chip.jpg,35,Male,Black
50_0_0_20170111181750464.jpg.chip.jpg,50,Male,White
11_1_0_20170109204123358.jpg.chip.jpg,11,Female,White
40_1_0_20170117170612507.jpg.chip.jpg,40,Female,White
2_1_2_20161219151944003.jpg.chip.jpg,2,Female,Asian
35_0_3_20170116235352900.jpg.chip.jpg,35,Male,Indian
62_0_0_20170104185409782.jpg.chip.jpg,62,Male,White
19_1_2_20170104015921814.jpg.chip.jpg,19,Female,Asian
39_0_1_20170116193754803.jpg.chip.jpg,39,Male,Black
67_1_0_20170110154623389.jpg.chip.jpg,67,Female,White
14_1_0_20170109203901444.jpg.chip.jpg,14,Female,White
49_1_3_20170119201515853.jpg.chip.jpg,49,Female,Indian
29_1_2_20170105161656203.jpg.chip.jpg,29,Female,Asian
40_0_0_20170116225108936.jpg.chip.jpg,40,Male,White
35_1_2_20170117123949303.jpg.chip.jpg,35,Female,Asian
45_1_0_20170103181133961.jpg.chip.jpg,45,Female,White
24_0_1_20170117170559987.jpg.chip.jpg,24,Male,Black
1_1_4_20161221193742646.jpg.chip.jpg,1,Female,Others
35_0_0_20170116201425406.jpg.chip.jpg,35,Male,White
27_0_1_20170113142300658.jpg.chip.jpg,27,Male,Black
23_1_0_20170103180703224.jpg.chip.jpg,23,Female,White
10_0_0_20170110225537307.jpg.chip.jpg,10,Male,White
26_1_1_20170113001606417.jpg.chip.jpg,26,Female,Black
30_1_0_20170105165034356.jpg.chip.jpg,30,Female,White
27_1_3_20170104231741609.jpg.chip.jpg,27,Female,Indian
26_1_1_20170117153641469.jpg.chip.jpg,26,Female,Black
21_0_0_20170113182733390.jpg.chip.jpg,21,Male,White
63_0_0_20170111171747613.jpg.chip.jpg,63,Male,White
30_0_1_20170117120438367.jpg.chip.jpg,30,Male,Black
1_0_3_20161220145416255.jpg.chip.jpg,1,Male,Indian
1_1_3_20161220143303110.jpg.chip.jpg,1,Female,Indian
39_0_1_20170113151528768.jpg.chip.jpg,39,Male,Black
46_0_0_20170119204818695.jpg.chip.jpg,46,Male,White
26_1_2_20170116184150015.jpg.chip.jpg,26,Female,Asian
35_0_1_20170113182403214.jpg.chip.jpg,35,Male,Black
62_0_3_20170109142504979.jpg.chip.jpg,62,Male,Indian
35_1_4_20170117201754494.jpg.chip.jpg,35,Female,Others
1_0_0_20161219191012803.jpg.chip.jpg,1,Male,White
21_1_0_20170105183522855.jpg.chip.jpg,21,Female,White
51_0_3_20170119205629231.jpg.chip.jpg,51,Male,Indian
66_1_0_20170110122914995.jpg.chip.jpg,66,Female,White
25_0_3_20170116222907776.jpg.chip.jpg,25,Male,Indian
80_1_0_20170110125303427.jpg.chip.jpg,80,Female,White
4_1_0_20170109202352144.jpg.chip.jpg,4,Female,White
1_1_3_20161220145300279.jpg.chip.jpg,1,Female,Indian
24_1_2_20170104020224692.jpg.chip.jpg,24,Female,Asian
40_0_0_20170104204559660.jpg.chip.jpg,40,Male,White
35_0_0_20170119200947460.jpg.chip.jpg,35,Male,White
75_0_0_20170117174423110.jpg.chip.jpg,75,Male,White
31_0_1_20170114032310376.jpg.chip.jpg,31,Male,Black
30_0_1_20170117130040363.jpg.chip.jpg,30,Male,Black
2_0_3_20161219224852040.jpg.chip.jpg,2,Male,Indian
38_0_1_201701162330572788.jpg.chip.jpg,38,Male,Black
30_1_3_20170119195853443.jpg.chip.jpg,30,Female,Indian
1_0_2_20161219161431358.jpg.chip.jpg,1,Male,Asian
40_0_0_20170117135108861.jpg.chip.jpg,40,Male,White
14_1_1_20170116235127595.jpg.chip.jpg,14,Female,Black
26_1_1_20170116154716047.jpg.chip.jpg,26,Female,Black
43_1_0_20170109010025945.jpg.chip.jpg,43,Female,White
30_0_0_20170113135527027.jpg.chip.jpg,30,Male,White
40_0_1_20170113151525270.jpg.chip.jpg,40,Male,Black
1_0_2_20161219140525218.jpg.chip.jpg,1,Male,Asian
56_0_0_20170111194856535.jpg.chip.jpg,56,Male,White
30_1_2_20170117134233879.jpg.chip.jpg,30,Female,Asian
66_1_0_20170110132123247.jpg.chip.jpg,66,Female,White
26_1_2_20170116184052988.jpg.chip.jpg,26,Female,Asian
47_0_0_20170119205052663.jpg.chip.jpg,47,Male,White
56_1_3_20170109142113189.jpg.chip.jpg,56,Female,Indian
20_1_0_20170119153717575.jpg.chip.jpg,20,Female,White
24_1_0_20170116222429652.jpg.chip.jpg,24,Female,White
31_0_1_20170117021841979.jpg.chip.jpg,31,Male,Black
41_0_2_20170104184907998.jpg.chip.jpg,41,Male,Asian
79_0_2_20170105174927254.jpg.chip.jpg,79,Male,Asian
45_0_2_20170112214906872.jpg.chip.jpg,45,Male,Asian
24_1_1_20170113011154152.jpg.chip.jpg,24,Female,Black
26_0_0_20170117172035787.jpg.chip.jpg,26,Male,White
25_0_0_20170117192134028.jpg.chip.jpg,25,Male,White
16_0_0_20170110232817061.jpg.chip.jpg,16,Male,White
67_0_3_20170105175613302.jpg.chip.jpg,67,Male,Indian
26_0_2_20170116182240440.jpg.chip.jpg,26,Male,Asian
36_0_3_20170119195506419.jpg.chip.jpg,36,Male,Indian
3_1_4_20170103212108940.jpg.chip.jpg,3,Female,Others
1_0_2_20161219222602319.jpg.chip.jpg,1,Male,Asian
4_1_2_20161219142249665.jpg.chip.jpg,4,Female,Asian
29_1_1_20170112234606137.jpg.chip.jpg,29,Female,Black
35_0_0_20170104202556995.jpg.chip.jpg,35,Male,White
20_1_0_20170117135500046.jpg.chip.jpg,20,Female,White
5_1_0_20170109190510318.jpg.chip.jpg,5,Female,White
38_0_3_20170119202709695.jpg.chip.jpg,38,Male,Indian
75_0_2_20170112220538967.jpg.chip.jpg,75,Male,Asian
24_1_2_20170116173444326.jpg.chip.jpg,24,Female,Asian
39_0_3_20170119203757237.jpg.chip.jpg,39,Male,Indian
16_0_3_20170110232812662.jpg.chip.jpg,16,Male,Indian
36_1_0_20170104201720018.jpg.chip.jpg,36,Female,White
26_1_0_20170117144831027.jpg.chip.jpg,26,Female,White
40_0_0_20170117154513275.jpg.chip.jpg,40,Male,White
24_1_2_20170112204451203.jpg.chip.jpg,24,Female,Asian
36_1_1_20170112233326423.jpg.chip.jpg,36,Female,Black
2_1_2_20161219140706417.jpg.chip.jpg,2,Female,Asian
34_0_3_20170119200820284.jpg.chip.jpg,34,Male,Indian
28_0_4_20170116214318093.jpg.chip.jpg,28,Male,Others
40_0_2_20170104171941730.jpg.chip.jpg,40,Male,Asian
48_0_0_20170104211541076.jpg.chip.jpg,48,Male,White
30_0_0_20170117181322508.jpg.chip.jpg,30,Male,White
35_0_1_20170115235553533.jpg.chip.jpg,35,Male,Black
59_0_0_20170109012750162.jpg.chip.jpg,59,Male,White
1_1_0_20161219205022813.jpg.chip.jpg,1,Female,White
25_1_1_20170112230722548.jpg.chip.jpg,25,Female,Black
35_0_0_20170117131215811.jpg.chip.jpg,35,Male,White
1_1_0_20161219225855568.jpg.chip.jpg,1,Female,White
44_0_3_20170119201022260.jpg.chip.jpg,44,Male,Indian
32_1_1_20170112220414584.jpg.chip.jpg,32,Female,Black
26_1_0_20170117091743194.jpg.chip.jpg,26,Female,White
27_0_3_20170117175736147.jpg.chip.jpg,27,Male,Indian
45_0_0_20170117185004664.jpg.chip.jpg,45,Male,White
19_1_1_20170117195435822.jpg.chip.jpg,19,Female,Black
32_1_0_20170117182511453.jpg.chip.jpg,32,Female,White
26_1_3_20170119180813956.jpg.chip.jpg,26,Female,Indian
1_1_2_20161219221253335.jpg.chip.jpg,1,Female,Asian
39_0_3_20170104220721736.jpg.chip.jpg,39,Male,Indian
58_1_0_20170117133115674.jpg.chip.jpg,58,Female,White
36_0_1_20170113141724667.jpg.chip.jpg,36,Male,Black
35_0_0_20170104183524965.jpg.chip.jpg,35,Male,White
26_1_1_20170116234758189.jpg.chip.jpg,26,Female,Black
62_1_2_20170105174732894.jpg.chip.jpg,62,Female,Asian
27_0_1_20170113135622875.jpg.chip.jpg,27,Male,Black
45_0_3_20170119201912421.jpg.chip.jpg,45,Male,Indian
2_1_2_20161219153759916.jpg.chip.jpg,2,Female,Asian
1_1_1_20170109194534193.jpg.chip.jpg,1,Female,Black
34_0_1_20170116002253177.jpg.chip.jpg,34,Male,Black
22_1_1_20170117141140945.jpg.chip.jpg,22,Female,Black
39_0_3_20170119194650194.jpg.chip.jpg,39,Male,Indian
45_0_0_20170117191915121.jpg.chip.jpg,45,Male,White
2_1_2_20161219151217243.jpg.chip.jpg,2,Female,Asian
34_0_1_20170117140814015.jpg.chip.jpg,34,Male,Black
28_0_3_20170119194509114.jpg.chip.jpg,28,Male,Indian
70_0_3_20170119205849176.jpg.chip.jpg,70,Male,Indian
32_1_2_20170109141342355.jpg.chip.jpg,32,Female,Asian
26_0_1_20170117200006115.jpg.chip.jpg,26,Male,Black
29_0_3_20170119195338355.jpg.chip.jpg,29,Male,Indian
26_0_0_20170113210127170.jpg.chip.jpg,26,Male,White
54_0_3_20170119181142982.jpg.chip.jpg,54,Male,Indian
25_1_4_20170119164406148.jpg.chip.jpg,25,Female,Others
49_1_0_20170117154443925.jpg.chip.jpg,49,Female,White
76_1_0_20170110180413588.jpg.chip.jpg,76,Female,White
9_0_1_20170110220431778.jpg.chip.jpg,9,Male,Black
27_1_4_20170117175508442.jpg.chip.jpg,27,Female,Others
45_0_0_20170117135550944.jpg.chip.jpg,45,Male,White
17_1_1_20170117134939470.jpg.chip.jpg,17,Female,Black
61_0_0_20170105173654895.jpg.chip.jpg,61,Male,White
32_0_3_20170120221502100.jpg.chip.jpg,32,Male,Indian
23_1_2_20170103180447815.jpg.chip.jpg,23,Female,Asian
26_0_4_20170103235546910.jpg.chip.jpg,26,Male,Others
62_0_0_20170104185145582.jpg.chip.jpg,62,Male,White
48_0_0_20170117144639785.jpg.chip.jpg,48,Male,White
55_0_0_20170117185648744.jpg.chip.jpg,55,Male,White
23_1_4_20170117194315659.jpg.chip.jpg,23,Female,Others
27_1_0_20170117164325646.jpg.chip.jpg,27,Female,White
13_0_0_20170110225428740.jpg.chip.jpg,13,Male,White
19_0_0_20170103201333351.jpg.chip.jpg,19,Male,White
73_0_0_20170104213653518.jpg.chip.jpg,73,Male,White
55_1_3_20170117153430708.jpg.chip.jpg,55,Female,Indian
58_0_1_20170117193633529.jpg.chip.jpg,58,Male,Black
35_0_3_20170117000810969.jpg.chip.jpg,35,Male,Indian
25_1_1_20170113005424686.jpg.chip.jpg,25,Female,Black
29_1_1_20170114031631995.jpg.chip.jpg,29,Female,Black
28_1_2_20170116184835533.jpg.chip.jpg,28,Female,Asian
30_0_0_20170117130615780.jpg.chip.jpg,30,Male,White
16_1_4_20170103234142187.jpg.chip.jpg,16,Female,Others
65_0_0_20170111171747635.jpg.chip.jpg,65,Male,White
2_1_2_20161219212017166.jpg.chip.jpg,2,Female,Asian
2_1_3_20161219230359040.jpg.chip.jpg,2,Female,Indian
26_1_2_20170116163558042.jpg.chip.jpg,26,Female,Asian
27_0_1_20170117005912432.jpg.chip.jpg,27,Male,Black
46_1_0_20170110151342799.jpg.chip.jpg,46,Female,White
14_1_1_20170112230439326.jpg.chip.jpg,14,Female,Black
52_0_3_20170119205716424.jpg.chip.jpg,52,Male,Indian
29_0_1_20170113154817089.jpg.chip.jpg,29,Male,Black
26_1_3_20170109134536902.jpg.chip.jpg,26,Female,Indian
26_1_4_20170117174327119.jpg.chip.jpg,26,Female,Others
1_0_2_20161219203310132.jpg.chip.jpg,1,Male,Asian
54_0_0_20170113185012688.jpg.chip.jpg,54,Male,White
65_0_3_20170119210250623.jpg.chip.jpg,65,Male,Indian
56_0_1_20170117175154108.jpg.chip.jpg,56,Male,Black
26_0_1_20170113135322642.jpg.chip.jpg,26,Male,Black
42_0_3_20170117133729763.jpg.chip.jpg,42,Male,Indian
1_0_0_20161219190824794.jpg.chip.jpg,1,Male,White
32_1_0_20170116214216387.jpg.chip.jpg,32,Female,White
26_0_0_20170117195612332.jpg.chip.jpg,26,Male,White
52_1_0_20170109221143312.jpg.chip.jpg,52,Female,White
1_0_3_20161219230351288.jpg.chip.jpg,1,Male,Indian
1_0_0_20170109194120301.jpg.chip.jpg,1,Male,White
29_1_1_20170116003342475.jpg.chip.jpg,29,Female,Black
22_1_0_20170105002545990.jpg.chip.jpg,22,Female,White
28_1_0_20170112235158504.jpg.chip.jpg,28,Female,White
50_0_0_20170104202616026.jpg.chip.jpg,50,Male,White
55_1_0_20170110160643360.jpg.chip.jpg,55,Female,White
6_1_0_20170104005929399.jpg.chip.jpg,6,Female,White
37_0_0_20170119180034627.jpg.chip.jpg,37,Male,White
36_0_3_20170119181330668.jpg.chip.jpg,36,Male,Indian
38_1_0_20170103184101115.jpg.chip.jpg,38,Female,White
3_1_0_20170103210428066.jpg.chip.jpg,3,Female,White
21_1_0_20170116220220347.jpg.chip.jpg,21,Female,White
39_0_3_20170119194607251.jpg.chip.jpg,39,Male,Indian
2_1_0_20170110213155874.jpg.chip.jpg,2,Female,White
27_1_0_20170117120618507.jpg.chip.jpg,27,Female,White
53_0_0_20170104211506941.jpg.chip.jpg,53,Male,White
36_0_1_20170113151337670.jpg.chip.jpg,36,Male,Black
24_1_2_20170104020359556.jpg.chip.jpg,24,Female,Asian
23_1_2_20170104020053452.jpg.chip.jpg,23,Female,Asian
25_1_0_20170116003513392.jpg.chip.jpg,25,Female,White
54_0_0_20170119210031536.jpg.chip.jpg,54,Male,White
14_1_0_20170109201824270.jpg.chip.jpg,14,Female,White
16_1_3_20170104221751447.jpg.chip.jpg,16,Female,Indian
57_0_3_20170119211458431.jpg.chip.jpg,57,Male,Indian
28_0_2_20170116162019874.jpg.chip.jpg,28,Male,Asian
59_0_0_20170104184923262.jpg.chip.jpg,59,Male,White
2_1_2_20161219140833880.jpg.chip.jpg,2,Female,Asian
36_0_1_20170113174252891.jpg.chip.jpg,36,Male,Black
37_1_0_20170104181525205.jpg.chip.jpg,37,Female,White
1_0_2_20161219221816327.jpg.chip.jpg,1,Male,Asian
23_1_3_20170117144858514.jpg.chip.jpg,23,Female,Indian
25_1_2_20170104020239939.jpg.chip.jpg,25,Female,Asian
26_0_3_20170117154224766.jpg.chip.jpg,26,Male,Indian
19_0_0_20170116220704294.jpg.chip.jpg,19,Male,White
54_0_3_20170119210101042.jpg.chip.jpg,54,Male,Indian
61_1_0_20170113013135239.jpg.chip.jpg,61,Female,White
48_0_0_20170109004813150.jpg.chip.jpg,48,Male,White
24_1_3_20170104231923674.jpg.chip.jpg,24,Female,Indian
27_0_1_20170117013707230.jpg.chip.jpg,27,Male,Black
28_0_1_20170117020048217.jpg.chip.jpg,28,Male,Black
3_0_2_20161219160259510.jpg.chip.jpg,3,Male,Asian
40_1_0_20170117185328025.jpg.chip.jpg,40,Female,White
45_0_1_20170113184105455.jpg.chip.jpg,45,Male,Black
29_1_0_20170119195510715.jpg.chip.jpg,29,Female,White
27_0_2_20170116184846062.jpg.chip.jpg,27,Male,Asian
58_0_0_20170113185238311.jpg.chip.jpg,58,Male,White
34_0_0_20170104170338177.jpg.chip.jpg,34,Male,White
1_0_2_20161219190003947.jpg.chip.jpg,1,Male,Asian
24_1_3_20170116220136183.jpg.chip.jpg,24,Female,Indian
35_1_0_20170103180640112.jpg.chip.jpg,35,Female,White
11_0_0_20170110220710576.jpg.chip.jpg,11,Male,White
22_1_4_20161221195925096.jpg.chip.jpg,22,Female,Others
26_1_0_20170117200609068.jpg.chip.jpg,26,Female,White
28_1_1_20170112213654111.jpg.chip.jpg,28,Female,Black
24_1_3_20170117150528724.jpg.chip.jpg,24,Female,Indian
53_0_0_20170117163657978.jpg.chip.jpg,53,Male,White
3_1_3_20161220220619722.jpg.chip.jpg,3,Female,Indian
34_0_3_20170119200819270.jpg.chip.jpg,34,Male,Indian
35_0_1_20170114034617407.jpg.chip.jpg,35,Male,Black
29_0_0_20170117180942324.jpg.chip.jpg,29,Male,White
39_1_0_20170105000920922.jpg.chip.jpg,39,Female,White
10_1_0_20170109205134282.jpg.chip.jpg,10,Female,White
1_0_3_20161219225021361.jpg.chip.jpg,1,Male,Indian
40_1_0_20170117180655625.jpg.chip.jpg,40,Female,White
65_1_1_20170120222613985.jpg.chip.jpg,65,Female,Black
46_0_2_20170112220255503.jpg.chip.jpg,46,Male,Asian
34_1_0_20170117171647603.jpg.chip.jpg,34,Female,White
3_0_3_20161219225157056.jpg.chip.jpg,3,Male,Indian
10_1_0_20170109203357787.jpg.chip.jpg,10,Female,White
20_1_0_20170103175645974.jpg.chip.jpg,20,Female,White
35_0_0_20170117172908485.jpg.chip.jpg,35,Male,White
37_0_2_20170116185935425.jpg.chip.jpg,37,Male,Asian
30_1_3_20170117181355132.jpg.chip.jpg,30,Female,Indian
60_1_0_20170117155925896.jpg.chip.jpg,60,Female,White
27_1_4_20170117164636325.jpg.chip.jpg,27,Female,Others
36_1_1_20170113000341643.jpg.chip.jpg,36,Female,Black
36_0_0_20170104204247899.jpg.chip.jpg,36,Male,White
12_1_0_20170117154622148.jpg.chip.jpg,12,Female,White
31_0_2_20170116191327593.jpg.chip.jpg,31,Male,Asian
3_1_2_20161219142051272.jpg.chip.jpg,3,Female,Asian
22_1_2_20170116172726806.jpg.chip.jpg,22,Female,Asian
20_1_0_20170109213016635.jpg.chip.jpg,20,Female,White
26_0_1_20170113175359836.jpg.chip.jpg,26,Male,Black
19_1_0_20170105183247775.jpg.chip.jpg,19,Female,White
2_1_3_20161220221639986.jpg.chip.jpg,2,Female,Indian
5_0_0_20170110213625162.jpg.chip.jpg,5,Male,White
25_1_0_20170103175643807.jpg.chip.jpg,25,Female,White
35_0_1_20170113173010410.jpg.chip.jpg,35,Male,Black
40_1_0_20170117154628772.jpg.chip.jpg,40,Female,White
29_0_3_20170119165447462.jpg.chip.jpg,29,Male,Indian
1_0_0_20170110212623527.jpg.chip.jpg,1,Male,White
58_0_0_20170113190620672.jpg.chip.jpg,58,Male,White
28_1_0_20170117122008648.jpg.chip.jpg,28,Female,White
27_1_1_20170114024839447.jpg.chip.jpg,27,Female,Black
45_0_2_20170105173303117.jpg.chip.jpg,45,Male,Asian
32_1_1_20170113011625824.jpg.chip.jpg,32,Female,Black
43_0_0_20170117155023824.jpg.chip.jpg,43,Male,White
61_0_0_20170104212151300.jpg.chip.jpg,61,Male,White
24_0_3_20170119165948191.jpg.chip.jpg,24,Male,Indian
52_0_0_20170117161040990.jpg.chip.jpg,52,Male,White
48_0_4_20170104211950852.jpg.chip.jpg,48,Male,Others
70_1_0_20170110141008498.jpg.chip.jpg,70,Female,White
26_0_3_20170119175417539.jpg.chip.jpg,26,Male,Indian
54_0_1_20170113185033415.jpg.chip.jpg,54,Male,Black
24_1_4_20170103233956963.jpg.chip.jpg,24,Female,Others
54_0_1_20170120222533712.jpg.chip.jpg,54,Male,Black
42_0_0_20170117154810113.jpg.chip.jpg,42,Male,White
31_0_1_20170117135222573.jpg.chip.jpg,31,Male,Black
21_1_3_20170104222116782.jpg.chip.jpg,21,Female,Indian
3_1_0_20170109191511657.jpg.chip.jpg,3,Female,White
22_0_0_20170117140545960.jpg.chip.jpg,22,Male,White
24_1_3_20170104223616047.jpg.chip.jpg,24,Female,Indian
36_0_4_20170103230431017.jpg.chip.jpg,36,Male,Others
30_0_1_20170117202910591.jpg.chip.jpg,30,Male,Black
29_0_3_20170119195158259.jpg.chip.jpg,29,Male,Indian
63_0_0_20170105180938823.jpg.chip.jpg,63,Male,White
80_0_0_20170117175148148.jpg.chip.jpg,80,Male,White
45_1_3_20170117194826185.jpg.chip.jpg,45,Female,Indian
32_0_0_20170116030520611.jpg.chip.jpg,32,Male,White
29_0_0_20170103182333545.jpg.chip.jpg,29,Male,White
26_1_3_20170109134510359.jpg.chip.jpg,26,Female,Indian
32_0_1_20170116002309943.jpg.chip.jpg,32,Male,Black
22_0_0_20170117143240036.jpg.chip.jpg,22,Male,White
67_0_0_20170111222156279.jpg.chip.jpg,67,Male,White
23_1_4_20170103223618431.jpg.chip.jpg,23,Female,Others
24_1_0_20170117150315450.jpg.chip.jpg,24,Female,White
25_1_3_20170117143802585.jpg.chip.jpg,25,Female,Indian
26_0_0_20170117171921227.jpg.chip.jpg,26,Male,White
8_0_0_20170110220416458.jpg.chip.jpg,8,Male,White
27_1_2_20170116163747003.jpg.chip.jpg,27,Female,Asian
22_1_0_20170120133800998.jpg.chip.jpg,22,Female,White
29_1_0_20170120140336809.jpg.chip.jpg,29,Female,White
25_0_0_20170117195027938.jpg.chip.jpg,25,Male,White
54_0_0_20170117171007439.jpg.chip.jpg,54,Male,White
60_0_3_20170119205210630.jpg.chip.jpg,60,Male,Indian
10_1_4_20170104005649671.jpg.chip.jpg,10,Female,Others
80_0_0_20170117172944233.jpg.chip.jpg,80,Male,White
42_0_2_20170104165448593.jpg.chip.jpg,42,Male,Asian
24_1_3_20170117150322043.jpg.chip.jpg,24,Female,Indian
26_0_3_20170117154527678.jpg.chip.jpg,26,Male,Indian
42_0_0_20170105172318206.jpg.chip.jpg,42,Male,White
28_1_0_20170117175333441.jpg.chip.jpg,28,Female,White
29_1_2_20170104022649462.jpg.chip.jpg,29,Female,Asian
20_1_3_20170119150812423.jpg.chip.jpg,20,Female,Indian
45_0_0_20170117170144193.jpg.chip.jpg,45,Male,White
37_0_1_20170113161444292.jpg.chip.jpg,37,Male,Black
49_0_0_20170104204517779.jpg.chip.jpg,49,Male,White
42_1_0_20170110124244590.jpg.chip.jpg,42,Female,White
57_0_0_20170120223918152.jpg.chip.jpg,57,Male,White
17_1_1_20170109214110957.jpg.chip.jpg,17,Female,Black
32_0_3_20170104214152870.jpg.chip.jpg,32,Male,Indian
21_1_2_20170109132112364.jpg.chip.jpg,21,Female,Asian
29_0_0_20170116224736533.jpg.chip.jpg,29,Male,White
6_1_0_20170109203213701.jpg.chip.jpg,6,Female,White
32_0_0_20170117134725446.jpg.chip.jpg,32,Male,White
4_1_0_20170109193436148.jpg.chip.jpg,4,Female,White
1_0_2_20161219155655085.jpg.chip.jpg,1,Male,Asian
26_1_1_20170116011354096.jpg.chip.jpg,26,Female,Black
25_1_4_20170117195141428.jpg.chip.jpg,25,Female,Others
26_1_2_20170116175849328.jpg.chip.jpg,26,Female,Asian
50_1_0_20170109012137723.jpg.chip.jpg,50,Female,White
12_1_0_20170109203631496.jpg.chip.jpg,12,Female,White
4_0_0_20170110205352445.jpg.chip.jpg,4,Male,White
23_1_0_20170112234310143.jpg.chip.jpg,23,Female,White
62_0_2_20170104212649180.jpg.chip.jpg,62,Male,Asian
20_1_1_20170112231449708.jpg.chip.jpg,20,Female,Black
6_1_1_20161220220430595.jpg.chip.jpg,6,Female,Black
40_1_2_20170116164254791.jpg.chip.jpg,40,Female,Asian
40_0_0_20170117135238541.jpg.chip.jpg,40,Male,White
35_1_0_20170117185517162.jpg.chip.jpg,35,Female,White
30_0_3_20170117130709884.jpg.chip.jpg,30,Male,Indian
26_0_3_20170119175419890.jpg.chip.jpg,26,Male,Indian
32_1_3_20170104223515310.jpg.chip.jpg,32,Female,Indian
26_1_2_20170116184708173.jpg.chip.jpg,26,Female,Asian
35_1_3_20170104235206234.jpg.chip.jpg,35,Female,Indian
2_1_2_20161219142427449.jpg.chip.jpg,2,Female,Asian
39_1_2_20170105170215020.jpg.chip.jpg,39,Female,Asian
31_0_0_20170104201938890.jpg.chip.jpg,31,Male,White
45_0_4_20170117202958949.jpg.chip.jpg,45,Male,Others
28_0_0_20170117120854505.jpg.chip.jpg,28,Male,White
76_1_0_20170110182047993.jpg.chip.jpg,76,Female,White
1_0_0_20170110211513139.jpg.chip.jpg,1,Male,White
38_0_4_20170104000126452.jpg.chip.jpg,38,Male,Others
55_0_0_20170111195247744.jpg.chip.jpg,55,Male,White
28_0_2_20170104021218340.jpg.chip.jpg,28,Male,Asian
32_1_0_20170109141308065.jpg.chip.jpg,32,Female,White
26_0_2_20170116180219752.jpg.chip.jpg,26,Male,Asian
58_0_0_20170119211727401.jpg.chip.jpg,58,Male,White
25_1_1_20170112192945622.jpg.chip.jpg,25,Female,Black
46_0_0_20170116192656401.jpg.chip.jpg,46,Male,White
24_1_0_20170117013808240.jpg.chip.jpg,24,Female,White
35_1_2_20170116183728469.jpg.chip.jpg,35,Female,Asian
28_0_2_20170107212142294.jpg.chip.jpg,28,Male,Asian
20_1_1_20170105002448621.jpg.chip.jpg,20,Female,Black
11_1_4_20161223225953124.jpg.chip.jpg,11,Female,Others
30_0_1_20170113152824163.jpg.chip.jpg,30,Male,Black
40_0_3_20170119205507599.jpg.chip.jpg,40,Male,Indian
30_1_1_20170117203530728.jpg.chip.jpg,30,Female,Black
1_0_3_20161219224709226.jpg.chip.jpg,1,Male,Indian
4_0_0_20170110213500051.jpg.chip.jpg,4,Male,White
2_1_3_20161219225333464.jpg.chip.jpg,2,Female,Indian
54_1_0_20170110141340224.jpg.chip.jpg,54,Female,White
24_0_0_20170113210127326.jpg.chip.jpg,24,Male,White
35_0_1_20170117143112391.jpg.chip.jpg,35,Male,Black
61_0_1_20170113175415829.jpg.chip.jpg,61,Male,Black
26_0_4_20170113175636526.jpg.chip.jpg,26,Male,Others
33_0_0_20170117155210391.jpg.chip.jpg,33,Male,White
56_0_1_20170117173620884.jpg.chip.jpg,56,Male,Black
35_1_1_20170117194931418.jpg.chip.jpg,35,Female,Black
36_1_0_20170117005907450.jpg.chip.jpg,36,Female,White
45_0_0_20170120220047074.jpg.chip.jpg,45,Male,White
1_1_4_20170109193346573.jpg.chip.jpg,1,Female,Others
41_0_1_20170116214623616.jpg.chip.jpg,41,Male,Black
9_0_0_20170110221716630.jpg.chip.jpg,9,Male,White
24_1_2_20170116161931674.jpg.chip.jpg,24,Female,Asian
26_0_2_20170116181322065.jpg.chip.jpg,26,Male,Asian
1_0_2_20161219203236876.jpg.chip.jpg,1,Male,Asian
26_1_2_20170116184512597.jpg.chip.jpg,26,Female,Asian
26_1_4_20170103225125224.jpg.chip.jpg,26,Female,Others
24_1_1_20170115235619848.jpg.chip.jpg,24,Female,Black
21_1_3_20170117142547194.jpg.chip.jpg,21,Female,Indian
68_1_1_20170110183842657.jpg.chip.jpg,68,Female,Black
2_0_2_20161219203047420.jpg.chip.jpg,2,Male,Asian
70_0_0_20170104213651117.jpg.chip.jpg,70,Male,White
25_1_1_20170103230312265.jpg.chip.jpg,25,Female,Black
29_1_4_20170104165318736.jpg.chip.jpg,29,Female,Others
2_1_2_20170109194508114.jpg.chip.jpg,2,Female,Asian
73_0_0_20170104213702565.jpg.chip.jpg,73,Male,White
15_0_0_20170110225622776.jpg.chip.jpg,15,Male,White
54_0_1_20170120223418357.jpg.chip.jpg,54,Male,Black
26_0_3_20170119183941022.jpg.chip.jpg,26,Male,Indian
26_1_3_20170117154607967.jpg.chip.jpg,26,Female,Indian
26_1_3_20170119193148570.jpg.chip.jpg,26,Female,Indian
31_1_1_20170116180028746.jpg.chip.jpg,31,Female,Black
35_1_1_20170112204427427.jpg.chip.jpg,35,Female,Black
39_0_1_20170117165745495.jpg.chip.jpg,39,Male,Black
39_1_1_20170116225010927.jpg.chip.jpg,39,Female,Black
31_0_3_20170119200050628.jpg.chip.jpg,31,Male,Indian
26_1_0_20170117152551661.jpg.chip.jpg,26,Female,White
53_1_0_20170105173239309.jpg.chip.jpg,53,Female,White
14_0_3_20170104225721488.jpg.chip.jpg,14,Male,Indian
45_0_0_20170120221543685.jpg.chip.jpg,45,Male,White
56_0_0_20170120222916505.jpg.chip.jpg,56,Male,White
31_0_0_20170117181758364.jpg.chip.jpg,31,Male,White
34_0_3_20170119200628579.jpg.chip.jpg,34,Male,Indian
36_0_2_20170116191926914.jpg.chip.jpg,36,Male,Asian
75_0_0_20170111205059862.jpg.chip.jpg,75,Male,White
1_1_0_20170109194032969.jpg.chip.jpg,1,Female,White
69_1_0_20170110141155497.jpg.chip.jpg,69,Female,White
36_0_3_20170119201833789.jpg.chip.jpg,36,Male,Indian
37_1_0_20170117184455008.jpg.chip.jpg,37,Female,White
2_1_3_20161219225003319.jpg.chip.jpg,2,Female,Indian
15_0_1_20170113151409719.jpg.chip.jpg,15,Male,Black
41_1_0_20170117135713137.jpg.chip.jpg,41,Female,White
58_0_0_20170117191836212.jpg.chip.jpg,58,Male,White
8_0_0_20170103201932624.jpg.chip.jpg,8,Male,White
30_1_3_20170117181345172.jpg.chip.jpg,30,Female,Indian
1_0_2_20161219212700566.jpg.chip.jpg,1,Male,Asian
7_1_4_20161223225843468.jpg.chip.jpg,7,Female,Others
60_0_0_20170117135823609.jpg.chip.jpg,60,Male,White
30_1_0_20170117134355934.jpg.chip.jpg,30,Female,White
35_0_1_20170116234332976.jpg.chip.jpg,35,Male,Black
26_0_3_20170119180249843.jpg.chip.jpg,26,Male,Indian
18_1_0_20170109213544430.jpg.chip.jpg,18,Female,White
30_1_4_20170103213106156.jpg.chip.jpg,30,Female,Others
57_0_0_20170117172537601.jpg.chip.jpg,57,Male,White
46_1_0_20170104171626722.jpg.chip.jpg,46,Female,White
29_1_1_20170112231935510.jpg.chip.jpg,29,Female,Black
40_0_0_20170116010717610.jpg.chip.jpg,40,Male,White
1_0_3_20161219225633088.jpg.chip.jpg,1,Male,Indian
41_1_3_20170104214413309.jpg.chip.jpg,41,Female,Indian
55_0_0_20170117190804738.jpg.chip.jpg,55,Male,White
6_0_0_20170117192243284.jpg.chip.jpg,6,Male,White
23_1_2_20170116172830806.jpg.chip.jpg,23,Female,Asian
16_0_1_20170110231713914.jpg.chip.jpg,16,Male,Black
30_1_2_20170116191207397.jpg.chip.jpg,30,Female,Asian
61_0_0_20170117174613406.jpg.chip.jpg,61,Male,White
27_0_1_20170105164603540.jpg.chip.jpg,27,Male,Black
28_0_1_20170117022132855.jpg.chip.jpg,28,Male,Black
40_0_3_20170119153228569.jpg.chip.jpg,40,Male,Indian
65_1_1_20170112220241647.jpg.chip.jpg,65,Female,Black
17_0_0_20170114025913647.jpg.chip.jpg,17,Male,White
66_0_1_20170111171747645.jpg.chip.jpg,66,Male,Black
32_1_1_20170113010326142.jpg.chip.jpg,32,Female,Black
58_0_1_20170113182450903.jpg.chip.jpg,58,Male,Black
16_0_0_20170110231648820.jpg.chip.jpg,16,Male,White
28_0_3_20170119165902487.jpg.chip.jpg,28,Male,Indian
50_0_2_20170119205049471.jpg.chip.jpg,50,Male,Asian
25_1_4_20170117195158652.jpg.chip.jpg,25,Female,Others
1_0_3_20161220220116873.jpg.chip.jpg,1,Male,Indian
30_1_0_20170117143843323.jpg.chip.jpg,30,Female,White
24_1_1_20170112230612966.jpg.chip.jpg,24,Female,Black
1_0_3_20161219224843048.jpg.chip.jpg,1,Male,Indian
34_0_0_20170104192735655.jpg.chip.jpg,34,Male,White
50_1_3_20170109141335415.jpg.chip.jpg,50,Female,Indian
7_1_2_20170104023324470.jpg.chip.jpg,7,Female,Asian
45_1_0_20170105173027237.jpg.chip.jpg,45,Female,White
28_0_4_20170109002937845.jpg.chip.jpg,28,Male,Others
30_1_1_20170112205111027.jpg.chip.jpg,30,Female,Black
34_1_0_20170116160755190.jpg.chip.jpg,34,Female,White
26_0_0_20170113210604814.jpg.chip.jpg,26,Male,White
24_1_2_20170116173520935.jpg.chip.jpg,24,Female,Asian
29_0_2_20170116190029257.jpg.chip.jpg,29,Male,Asian
45_0_0_20170116205749382.jpg.chip.jpg,45,Male,White
18_0_1_20170113132627873.jpg.chip.jpg,18,Male,Black
29_1_0_20170104023227077.jpg.chip.jpg,29,Female,White
37_0_2_20170116184939699.jpg.chip.jpg,37,Male,Asian
40_0_2_20170104192758426.jpg.chip.jpg,40,Male,Asian
54_0_3_20170119180958035.jpg.chip.jpg,54,Male,Indian
25_1_3_20170104232710103.jpg.chip.jpg,25,Female,Indian
35_1_0_20170103163453110.jpg.chip.jpg,35,Female,White
25_0_0_20170116200929068.jpg.chip.jpg,25,Male,White
48_0_3_20170119200742252.jpg.chip.jpg,48,Male,Indian
48_1_0_20170117133139314.jpg.chip.jpg,48,Female,White
39_0_0_20170104183807637.jpg.chip.jpg,39,Male,White
39_0_0_20170104202134507.jpg.chip.jpg,39,Male,White
1_0_2_20161219155659165.jpg.chip.jpg,1,Male,Asian
30_0_0_20170117151539963.jpg.chip.jpg,30,Male,White
50_0_0_20170116232754247.jpg.chip.jpg,50,Male,White
55_1_3_20170109150632123.jpg.chip.jpg,55,Female,Indian
32_1_3_20170119163219372.jpg.chip.jpg,32,Female,Indian
16_0_0_20170110231810810.jpg.chip.jpg,16,Male,White
47_0_0_20170104211911013.jpg.chip.jpg,47,Male,White
26_0_0_20170113210126663.jpg.chip.jpg,26,Male,White
48_0_0_20170117165848844.jpg.chip.jpg,48,Male,White
28_1_1_20170116235605486.jpg.chip.jpg,28,Female,Black
9_0_0_20170120133317677.jpg.chip.jpg,9,Male,White
32_0_3_20170119200253810.jpg.chip.jpg,32,Male,Indian
30_0_0_20170111181750341.jpg.chip.jpg,30,Male,White
53_0_0_20170117154958988.jpg.chip.jpg,53,Male,White
3_1_3_20161219225754439.jpg.chip.jpg,3,Female,Indian
58_0_0_20170117191921441.jpg.chip.jpg,58,Male,White
50_0_3_20170119205145375.jpg.chip.jpg,50,Male,Indian
23_0_3_20170119163843478.jpg.chip.jpg,23,Male,Indian
27_0_0_20170117120426927.jpg.chip.jpg,27,Male,White
24_1_0_20161223231304660.jpg.chip.jpg,24,Female,White
3_1_0_20170109190700159.jpg.chip.jpg,3,Female,White
21_0_4_20170103210434754.jpg.chip.jpg,21,Male,Others
2_0_2_20161219202639225.jpg.chip.jpg,2,Male,Asian
7_0_1_20170110224720024.jpg.chip.jpg,7,Male,Black
22_1_1_20170113010336430.jpg.chip.jpg,22,Female,Black
34_1_0_20170103163601073.jpg.chip.jpg,34,Female,White
42_0_3_20170119204424727.jpg.chip.jpg,42,Male,Indian
26_1_4_20170117152911110.jpg.chip.jpg,26,Female,Others
24_1_3_20161220221743058.jpg.chip.jpg,24,Female,Indian
15_1_0_20170104013418578.jpg.chip.jpg,15,Female,White
42_0_4_20170113174904299.jpg.chip.jpg,42,Male,Others
28_1_2_20170116163016525.jpg.chip.jpg,28,Female,Asian
35_1_2_20170116191905052.jpg.chip.jpg,35,Female,Asian
26_1_3_20170119193144786.jpg.chip.jpg,26,Female,Indian
65_0_0_20170117163540466.jpg.chip.jpg,65,Male,White
24_1_1_20170116222821392.jpg.chip.jpg,24,Female,Black
18_0_3_20170104225809521.jpg.chip.jpg,18,Male,Indian
14_1_0_20170109214440556.jpg.chip.jpg,14,Female,White
30_1_4_20170109135421119.jpg.chip.jpg,30,Female,Others
26_1_2_20170116175505151.jpg.chip.jpg,26,Female,Asian
70_0_0_20170117160343399.jpg.chip.jpg,70,Male,White
60_1_0_20170110152225746.jpg.chip.jpg,60,Female,White
10_1_3_20170104221633430.jpg.chip.jpg,10,Female,Indian
29_0_1_20170117095814736.jpg.chip.jpg,29,Male,Black
35_0_4_20170117181050987.jpg.chip.jpg,35,Male,Others
8_1_2_20170109205348937.jpg.chip.jpg,8,Female,Asian
23_0_1_20170113133855489.jpg.chip.jpg,23,Male,Black
25_1_2_20170104021412148.jpg.chip.jpg,25,Female,Asian
18_1_1_20170114030334837.jpg.chip.jpg,18,Female,Black
28_0_0_20170117021818299.jpg.chip.jpg,28,Male,White
41_0_2_20170104200819057.jpg.chip.jpg,41,Male,Asian
32_1_1_20170112213013302.jpg.chip.jpg,32,Female,Black
1_1_2_20161219155927997.jpg.chip.jpg,1,Female,Asian
39_0_0_20170117185152073.jpg.chip.jpg,39,Male,White
52_0_1_20170111200619762.jpg.chip.jpg,52,Male,Black
34_0_0_20170104204404531.jpg.chip.jpg,34,Male,White
75_0_0_20170117192054194.jpg.chip.jpg,75,Male,White
22_1_0_20170116220932996.jpg.chip.jpg,22,Female,White
41_1_1_20170117135759031.jpg.chip.jpg,41,Female,Black
43_0_3_20170104204432075.jpg.chip.jpg,43,Male,Indian
60_0_0_20170117091256462.jpg.chip.jpg,60,Male,White
19_1_0_20170109205400352.jpg.chip.jpg,19,Female,White
21_1_4_20170103233532676.jpg.chip.jpg,21,Female,Others
42_0_0_20170111200657340.jpg.chip.jpg,42,Male,White
78_0_0_20170111210848588.jpg.chip.jpg,78,Male,White
2_1_2_20161219195825228.jpg.chip.jpg,2,Female,Asian
29_0_1_20170113142448050.jpg.chip.jpg,29,Male,Black
17_1_4_20170103201233799.jpg.chip.jpg,17,Female,Others
29_1_0_20170116220908902.jpg.chip.jpg,29,Female,White
25_1_2_20170104200556817.jpg.chip.jpg,25,Female,Asian
54_0_0_20170120223411117.jpg.chip.jpg,54,Male,White
70_1_1_20170120222723433.jpg.chip.jpg,70,Female,Black
24_0_4_20170117145354835.jpg.chip.jpg,24,Male,Others
77_0_2_20170112224733518.jpg.chip.jpg,77,Male,Asian
1_0_4_20161221192604164.jpg.chip.jpg,1,Male,Others
24_1_1_20170116225255798.jpg.chip.jpg,24,Female,Black
58_0_0_20170117191942332.jpg.chip.jpg,58,Male,White
42_1_1_20170116214643802.jpg.chip.jpg,42,Female,Black
26_0_2_20170116163925116.jpg.chip.jpg,26,Male,Asian
65_1_3_20170117135236191.jpg.chip.jpg,65,Female,Indian
26_1_3_20170117173653317.jpg.chip.jpg,26,Female,Indian
28_0_0_20170105161713835.jpg.chip.jpg,28,Male,White
31_0_1_20170116010511938.jpg.chip.jpg,31,Male,Black
38_1_1_20170104202534970.jpg.chip.jpg,38,Female,Black
54_0_1_20170117191450148.jpg.chip.jpg,54,Male,Black
26_1_0_20170117091502729.jpg.chip.jpg,26,Female,White
20_0_0_20170116201258328.jpg.chip.jpg,20,Male,White
32_1_1_20170114024532411.jpg.chip.jpg,32,Female,Black
1_0_3_20161219225808112.jpg.chip.jpg,1,Male,Indian
26_1_2_20170104020934116.jpg.chip.jpg,26,Female,Asian
26_0_4_20170103235233157.jpg.chip.jpg,26,Male,Others
20_1_3_20170104231528577.jpg.chip.jpg,20,Female,Indian
69_0_1_20170117194929098.jpg.chip.jpg,69,Male,Black
3_1_0_20170109191958848.jpg.chip.jpg,3,Female,White
31_0_1_20170116203409947.jpg.chip.jpg,31,Male,Black
1_0_2_20161219153457308.jpg.chip.jpg,1,Male,Asian
40_1_0_20170117181413925.jpg.chip.jpg,40,Female,White
2_1_4_20161221202224681.jpg.chip.jpg,2,Female,Others
3_1_0_20170109192750346.jpg.chip.jpg,3,Female,White
21_1_1_20170114031610229.jpg.chip.jpg,21,Female,Black
30_0_1_20170117142125041.jpg.chip.jpg,30,Male,Black
35_0_2_20170116164423714.jpg.chip.jpg,35,Male,Asian
38_1_1_20170116160301002.jpg.chip.jpg,38,Female,Black
63_0_3_20170119211953569.jpg.chip.jpg,63,Male,Indian
22_0_0_20170116200924248.jpg.chip.jpg,22,Male,White
30_1_0_20170117000320312.jpg.chip.jpg,30,Female,White
65_0_0_20170120222749697.jpg.chip.jpg,65,Male,White
51_0_0_20170109012546903.jpg.chip.jpg,51,Male,White
58_1_3_20170109150757996.jpg.chip.jpg,58,Female,Indian
10_0_0_20170110220546177.jpg.chip.jpg,10,Male,White
52_0_0_20170104211941860.jpg.chip.jpg,52,Male,White
47_0_3_20170119201921580.jpg.chip.jpg,47,Male,Indian
22_1_4_20170103225134240.jpg.chip.jpg,22,Female,Others
40_1_1_20170113012814600.jpg.chip.jpg,40,Female,Black
26_0_1_20170105183731642.jpg.chip.jpg,26,Male,Black
27_1_0_20170117120650933.jpg.chip.jpg,27,Female,White
54_0_3_20170119210111784.jpg.chip.jpg,54,Male,Indian
42_1_1_20170113005717990.jpg.chip.jpg,42,Female,Black
38_0_1_20170117135747018.jpg.chip.jpg,38,Male,Black
5_0_0_20170110213420350.jpg.chip.jpg,5,Male,White
24_1_3_20170119171101656.jpg.chip.jpg,24,Female,Indian
70_1_0_20170113003731381.jpg.chip.jpg,70,Female,White
30_1_0_20170117114647665.jpg.chip.jpg,30,Female,White
28_1_1_20170112213628607.jpg.chip.jpg,28,Female,Black
35_1_2_20170105162414267.jpg.chip.jpg,35,Female,Asian
26_0_3_20170117154558934.jpg.chip.jpg,26,Male,Indian
21_1_3_20170104231324474.jpg.chip.jpg,21,Female,Indian
2_0_2_20161219160916782.jpg.chip.jpg,2,Male,Asian
37_1_0_20170104165756313.jpg.chip.jpg,37,Female,White
1_1_0_20170109191345833.jpg.chip.jpg,1,Female,White
40_0_0_20170116221901075.jpg.chip.jpg,40,Male,White
29_0_1_20170114030901209.jpg.chip.jpg,29,Male,Black
29_0_0_20170104192430041.jpg.chip.jpg,29,Male,White
34_0_1_20170113141901691.jpg.chip.jpg,34,Male,Black
43_0_0_20170105164829293.jpg.chip.jpg,43,Male,White
56_0_0_20170111202842202.jpg.chip.jpg,56,Male,White
26_1_3_20170109133014151.jpg.chip.jpg,26,Female,Indian
50_0_0_20170117172141491.jpg.chip.jpg,50,Male,White
18_1_0_20170103175433456.jpg.chip.jpg,18,Female,White
19_1_0_20170116163837603.jpg.chip.jpg,19,Female,White
35_0_2_20170116191751784.jpg.chip.jpg,35,Male,Asian
54_0_2_20170112221955514.jpg.chip.jpg,54,Male,Asian
75_0_1_20170111221706652.jpg.chip.jpg,75,Male,Black
25_1_0_20170116211917463.jpg.chip.jpg,25,Female,White
28_0_0_20170117180514216.jpg.chip.jpg,28,Male,White
8_1_0_20170109204933562.jpg.chip.jpg,8,Female,White
35_0_2_20170116174634892.jpg.chip.jpg,35,Male,Asian
1_1_0_20170109194458191.jpg.chip.jpg,1,Female,White
7_0_0_20170110215633251.jpg.chip.jpg,7,Male,White
24_0_2_20170104021847349.jpg.chip.jpg,24,Male,Asian
35_1_1_20170117142925468.jpg.chip.jpg,35,Female,Black
45_0_0_20170117180911771.jpg.chip.jpg,45,Male,White
24_1_2_20170116171604159.jpg.chip.jpg,24,Female,Asian
36_1_1_20170116161709695.jpg.chip.jpg,36,Female,Black
26_1_3_20170119193136450.jpg.chip.jpg,26,Female,Indian
56_0_0_20170104211806996.jpg.chip.jpg,56,Male,White
26_1_0_20170117172636235.jpg.chip.jpg,26,Female,White
26_1_0_20170116153830684.jpg.chip.jpg,26,Female,White
1_1_4_20161221192658892.jpg.chip.jpg,1,Female,Others
12_0_3_20170117183456013.jpg.chip.jpg,12,Male,Indian
23_1_0_20170117145132068.jpg.chip.jpg,23,Female,White
2_0_2_20161219212235749.jpg.chip.jpg,2,Male,Asian
37_1_2_20170116192038085.jpg.chip.jpg,37,Female,Asian
11_1_0_20170109203327397.jpg.chip.jpg,11,Female,White
37_1_0_20170105172735429.jpg.chip.jpg,37,Female,White
29_0_1_20170117095002119.jpg.chip.jpg,29,Male,Black
26_0_3_20170119183944270.jpg.chip.jpg,26,Male,Indian
32_1_1_20170114024717988.jpg.chip.jpg,32,Female,Black
6_0_0_20170110215629811.jpg.chip.jpg,6,Male,White
49_1_1_20170109220352923.jpg.chip.jpg,49,Female,Black
26_0_3_20170119180541276.jpg.chip.jpg,26,Male,Indian
18_1_4_20170103234101020.jpg.chip.jpg,18,Female,Others
45_1_2_20170109220409055.jpg.chip.jpg,45,Female,Asian
51_0_3_20170119175402515.jpg.chip.jpg,51,Male,Indian
1_0_3_20161220223100579.jpg.chip.jpg,1,Male,Indian
3_0_1_20170110213659314.jpg.chip.jpg,3,Male,Black
29_1_0_20170104023236006.jpg.chip.jpg,29,Female,White
30_0_1_20170117130038063.jpg.chip.jpg,30,Male,Black
27_1_4_20170113011320472.jpg.chip.jpg,27,Female,Others
12_0_4_20170103201824880.jpg.chip.jpg,12,Male,Others
12_0_0_20170104013257914.jpg.chip.jpg,12,Male,White
32_1_0_20170117091929838.jpg.chip.jpg,32,Female,White
48_0_0_20170113183719446.jpg.chip.jpg,48,Male,White
64_0_0_20170111171747624.jpg.chip.jpg,64,Male,White
23_1_1_20170112192422750.jpg.chip.jpg,23,Female,Black
18_1_3_20170109214031495.jpg.chip.jpg,18,Female,Indian
53_1_0_20170104184217989.jpg.chip.jpg,53,Female,White
23_0_1_20170117194030006.jpg.chip.jpg,23,Male,Black
28_0_0_20170116214238404.jpg.chip.jpg,28,Male,White
50_0_0_20170117135342519.jpg.chip.jpg,50,Male,White
29_0_0_20170114033106398.jpg.chip.jpg,29,Male,White
26_1_1_20170116155758186.jpg.chip.jpg,26,Female,Black
78_1_0_20170120230523930.jpg.chip.jpg,78,Female,White
2_1_4_20170103213149252.jpg.chip.jpg,2,Female,Others
62_0_0_20170113185402879.jpg.chip.jpg,62,Male,White
2_0_2_20161219141147608.jpg.chip.jpg,2,Male,Asian
22_1_2_20170116165605354.jpg.chip.jpg,22,Female,Asian
43_1_3_20170119204701135.jpg.chip.jpg,43,Female,Indian
28_0_0_20170117202525511.jpg.chip.jpg,28,Male,White
24_1_1_20170117194632596.jpg.chip.jpg,24,Female,Black
13_1_0_20170109204439327.jpg.chip.jpg,13,Female,White
40_0_3_20170119151114678.jpg.chip.jpg,40,Male,Indian
24_0_0_20170114032026665.jpg.chip.jpg,24,Male,White
37_0_3_20170109141925516.jpg.chip.jpg,37,Male,Indian
21_1_1_20170112192955750.jpg.chip.jpg,21,Female,Black
35_1_0_20170103182449434.jpg.chip.jpg,35,Female,White
28_1_1_20170116175812597.jpg.chip.jpg,28,Female,Black
26_1_2_20170116164549452.jpg.chip.jpg,26,Female,Asian
42_0_1_20170117171628313.jpg.chip.jpg,42,Male,Black
26_0_1_20170113151923696.jpg.chip.jpg,26,Male,Black
59_0_0_20170111203739692.jpg.chip.jpg,59,Male,White
18_0_1_20170114033130286.jpg.chip.jpg,18,Male,Black
62_1_3_20170119211556000.jpg.chip.jpg,62,Female,Indian
37_0_3_20170119193244666.jpg.chip.jpg,37,Male,Indian
2_0_4_20170103202407440.jpg.chip.jpg,2,Male,Others
24_1_2_20170116172622785.jpg.chip.jpg,24,Female,Asian
32_1_1_20170112220401025.jpg.chip.jpg,32,Female,Black
26_0_1_20170116224835545.jpg.chip.jpg,26,Male,Black
24_0_0_20170117145956618.jpg.chip.jpg,24,Male,White
50_0_1_20170116010800352.jpg.chip.jpg,50,Male,Black
34_0_0_20170117104600843.jpg.chip.jpg,34,Male,White
5_0_3_20161220222937859.jpg.chip.jpg,5,Male,Indian
26_0_1_20170117152417815.jpg.chip.jpg,26,Male,Black
1_1_2_20161219210955701.jpg.chip.jpg,1,Female,Asian
36_1_0_20170117183244102.jpg.chip.jpg,36,Female,White
35_1_3_20170104232853676.jpg.chip.jpg,35,Female,Indian
56_1_3_20170109132927258.jpg.chip.jpg,56,Female,Indian
26_1_2_20170116180509103.jpg.chip.jpg,26,Female,Asian
12_0_0_20170117133903517.jpg.chip.jpg,12,Male,White
14_0_4_20170103200837103.jpg.chip.jpg,14,Male,Others
2_1_3_20161220145346192.jpg.chip.jpg,2,Female,Indian
60_0_0_20170104212943692.jpg.chip.jpg,60,Male,White
22_1_1_20170113005450526.jpg.chip.jpg,22,Female,Black
1_0_2_20161219151123435.jpg.chip.jpg,1,Male,Asian
30_0_3_20170119195801076.jpg.chip.jpg,30,Male,Indian
53_0_3_20170109142546975.jpg.chip.jpg,53,Male,Indian
36_1_1_20170113000229769.jpg.chip.jpg,36,Female,Black
70_0_2_20170116192621613.jpg.chip.jpg,70,Male,Asian
25_0_1_20170113150958863.jpg.chip.jpg,25,Male,Black
65_1_0_20170110154347701.jpg.chip.jpg,65,Female,White
28_1_0_20170113001234883.jpg.chip.jpg,28,Female,White
78_1_0_20170110180142396.jpg.chip.jpg,78,Female,White
26_1_0_20170109002602686.jpg.chip.jpg,26,Female,White
75_0_3_20170112205612628.jpg.chip.jpg,75,Male,Indian
17_1_0_20170109212954942.jpg.chip.jpg,17,Female,White
35_1_3_20170104223412190.jpg.chip.jpg,35,Female,Indian
24_1_1_20170116164334832.jpg.chip.jpg,24,Female,Black
2_0_0_20170103202801736.jpg.chip.jpg,2,Male,White
24_1_0_20170103180732376.jpg.chip.jpg,24,Female,White
58_1_0_20170104235908396.jpg.chip.jpg,58,Female,White
35_0_0_20170117135019980.jpg.chip.jpg,35,Male,White
14_1_3_20170104222504560.jpg.chip.jpg,14,Female,Indian
36_1_1_20170116153744623.jpg.chip.jpg,36,Female,Black
72_0_0_20170113185248248.jpg.chip.jpg,72,Male,White
31_1_1_20170104165300328.jpg.chip.jpg,31,Female,Black
60_0_0_20170104185423670.jpg.chip.jpg,60,Male,White
36_0_0_20170117181825165.jpg.chip.jpg,36,Male,White
35_0_3_20170117182941262.jpg.chip.jpg,35,Male,Indian
32_0_3_20170119181014212.jpg.chip.jpg,32,Male,Indian
21_0_1_20170115231442487.jpg.chip.jpg,21,Male,Black
23_1_3_20170104222248295.jpg.chip.jpg,23,Female,Indian
47_1_0_20170109132641773.jpg.chip.jpg,47,Female,White
69_1_0_20170110152957666.jpg.chip.jpg,69,Female,White
4_1_2_20161219190541762.jpg.chip.jpg,4,Female,Asian
44_0_2_20170119184036351.jpg.chip.jpg,44,Male,Asian
18_0_1_20170113132623905.jpg.chip.jpg,18,Male,Black
16_0_0_20170110232432328.jpg.chip.jpg,16,Male,White
61_1_0_20170117001346239.jpg.chip.jpg,61,Female,White
38_1_4_20170117203738528.jpg.chip.jpg,38,Female,Others
57_0_0_20170111201514151.jpg.chip.jpg,57,Male,White
65_1_0_20170110182002744.jpg.chip.jpg,65,Female,White
7_0_1_20170114025451554.jpg.chip.jpg,7,Male,Black
26_0_3_20170104232208944.jpg.chip.jpg,26,Male,Indian
35_0_0_20170105164824674.jpg.chip.jpg,35,Male,White
26_0_4_20170103224903432.jpg.chip.jpg,26,Male,Others
21_1_1_20170113005832318.jpg.chip.jpg,21,Female,Black
35_1_2_20170116191840543.jpg.chip.jpg,35,Female,Asian
25_0_3_20170117134128269.jpg.chip.jpg,25,Male,Indian
28_1_2_20170116175454615.jpg.chip.jpg,28,Female,Asian
1_0_0_20170109191105641.jpg.chip.jpg,1,Male,White
17_0_0_20170110232257182.jpg.chip.jpg,17,Male,White
44_1_2_20170104185236854.jpg.chip.jpg,44,Female,Asian
62_0_0_20170104172620514.jpg.chip.jpg,62,Male,White
36_0_3_20170119202126078.jpg.chip.jpg,36,Male,Indian
27_0_0_20170117202102927.jpg.chip.jpg,27,Male,White
35_1_0_20170117183059886.jpg.chip.jpg,35,Female,White
24_1_2_20170105162251371.jpg.chip.jpg,24,Female,Asian
58_1_0_20170109015200826.jpg.chip.jpg,58,Female,White
2_1_2_20161219202825380.jpg.chip.jpg,2,Female,Asian
42_0_3_20170105180921463.jpg.chip.jpg,42,Male,Indian
27_1_2_20170116163645443.jpg.chip.jpg,27,Female,Asian
65_0_0_20170116233738861.jpg.chip.jpg,65,Male,White
1_0_3_20161220221616882.jpg.chip.jpg,1,Male,Indian
38_0_0_20170117184616952.jpg.chip.jpg,38,Male,White
26_1_2_20170104022229597.jpg.chip.jpg,26,Female,Asian
31_0_1_20170116003537510.jpg.chip.jpg,31,Male,Black
28_1_3_20170119194940491.jpg.chip.jpg,28,Female,Indian
35_1_0_20170117170821193.jpg.chip.jpg,35,Female,White
52_0_3_20170119205638160.jpg.chip.jpg,52,Male,Indian
72_0_1_20170113142501771.jpg.chip.jpg,72,Male,Black
26_1_2_20170116180525400.jpg.chip.jpg,26,Female,Asian
26_0_0_20170117201346990.jpg.chip.jpg,26,Male,White
6_1_4_20170104010006062.jpg.chip.jpg,6,Female,Others
34_1_2_20170116171155691.jpg.chip.jpg,34,Female,Asian
38_1_0_20170104192820567.jpg.chip.jpg,38,Female,White
55_1_0_20170117175304208.jpg.chip.jpg,55,Female,White
34_0_1_20170117020023943.jpg.chip.jpg,34,Male,Black
13_0_0_20170104013342923.jpg.chip.jpg,13,Male,White
2_1_0_20170117192801580.jpg.chip.jpg,2,Female,White
41_0_1_20170116143010959.jpg.chip.jpg,41,Male,Black
27_1_1_20170114031455929.jpg.chip.jpg,27,Female,Black
18_1_3_20170104221905278.jpg.chip.jpg,18,Female,Indian
24_1_1_20170113011157712.jpg.chip.jpg,24,Female,Black
29_0_3_20170119195344995.jpg.chip.jpg,29,Male,Indian
25_1_0_20170117142815331.jpg.chip.jpg,25,Female,White
63_0_0_20170120225710313.jpg.chip.jpg,63,Male,White
16_0_0_20170110232141846.jpg.chip.jpg,16,Male,White
1_0_2_20161219203154684.jpg.chip.jpg,1,Male,Asian
25_1_3_20170119195859404.jpg.chip.jpg,25,Female,Indian
52_1_0_20170110151342799.jpg.chip.jpg,52,Female,White
25_1_0_20170117195319237.jpg.chip.jpg,25,Female,White
1_1_4_20161221201512713.jpg.chip.jpg,1,Female,Others
1_0_2_20161219141101408.jpg.chip.jpg,1,Male,Asian
28_1_0_20170104181551957.jpg.chip.jpg,28,Female,White
11_1_1_20170109203712835.jpg.chip.jpg,11,Female,Black
24_1_4_20170103223710519.jpg.chip.jpg,24,Female,Others
60_0_0_20170103182814970.jpg.chip.jpg,60,Male,White
38_0_1_20170113141744284.jpg.chip.jpg,38,Male,Black
28_0_1_20170116192822460.jpg.chip.jpg,28,Male,Black
1_1_0_20170109191129918.jpg.chip.jpg,1,Female,White
2_1_2_20161219161934567.jpg.chip.jpg,2,Female,Asian
26_1_1_20170113012356872.jpg.chip.jpg,26,Female,Black
36_0_0_20170117184847906.jpg.chip.jpg,36,Male,White
35_1_0_20170116222948039.jpg.chip.jpg,35,Female,White
28_0_3_20170104194548120.jpg.chip.jpg,28,Male,Indian
26_1_2_20170116180828579.jpg.chip.jpg,26,Female,Asian
34_0_2_20170116193420245.jpg.chip.jpg,34,Male,Asian
9_0_0_20170110220339426.jpg.chip.jpg,9,Male,White
26_1_2_20170116175323304.jpg.chip.jpg,26,Female,Asian
26_1_2_20170116184840727.jpg.chip.jpg,26,Female,Asian
52_1_0_20170103183615673.jpg.chip.jpg,52,Female,White
47_0_3_20170119184351798.jpg.chip.jpg,47,Male,Indian
50_0_0_20170117154624362.jpg.chip.jpg,50,Male,White
26_1_1_20170117201147190.jpg.chip.jpg,26,Female,Black
38_0_1_20170117005920398.jpg.chip.jpg,38,Male,Black
47_0_0_20170103183440186.jpg.chip.jpg,47,Male,White
14_1_0_20170109204846649.jpg.chip.jpg,14,Female,White
37_1_0_20170104171729234.jpg.chip.jpg,37,Female,White
77_1_0_20170110181616162.jpg.chip.jpg,77,Female,White
24_1_0_20170109132509565.jpg.chip.jpg,24,Female,White
30_0_0_20170117135924091.jpg.chip.jpg,30,Male,White
18_1_3_20170117135709510.jpg.chip.jpg,18,Female,Indian
17_1_4_20170104011834409.jpg.chip.jpg,17,Female,Others
40_0_3_20170119191805016.jpg.chip.jpg,40,Male,Indian
8_1_0_20170109203429413.jpg.chip.jpg,8,Female,White
75_0_0_20170117173104681.jpg.chip.jpg,75,Male,White
60_0_0_20170109002333882.jpg.chip.jpg,60,Male,White
28_1_3_20170119144214613.jpg.chip.jpg,28,Female,Indian
32_1_3_20170119155703795.jpg.chip.jpg,32,Female,Indian
20_1_4_20170117193602482.jpg.chip.jpg,20,Female,Others
35_0_1_20170109001203061.jpg.chip.jpg,35,Male,Black
32_1_2_20170105173433822.jpg.chip.jpg,32,Female,Asian
50_0_3_20170119205603287.jpg.chip.jpg,50,Male,Indian
67_0_0_20170117195143525.jpg.chip.jpg,67,Male,White
50_0_2_20170112220425641.jpg.chip.jpg,50,Male,Asian
32_1_0_20170117134741526.jpg.chip.jpg,32,Female,White
26_0_0_20170117172630031.jpg.chip.jpg,26,Male,White
39_0_4_20170104183739429.jpg.chip.jpg,39,Male,Others
12_0_0_20170110224843637.jpg.chip.jpg,12,Male,White
26_1_3_20170119193122986.jpg.chip.jpg,26,Female,Indian
30_1_0_20170117150420803.jpg.chip.jpg,30,Female,White
51_1_1_20170115235508848.jpg.chip.jpg,51,Female,Black
27_1_0_20170117202228246.jpg.chip.jpg,27,Female,White
9_0_0_20170110223421536.jpg.chip.jpg,9,Male,White
28_0_3_20170119194929221.jpg.chip.jpg,28,Male,Indian
44_0_3_20170119200835996.jpg.chip.jpg,44,Male,Indian
1_1_2_20161219141431352.jpg.chip.jpg,1,Female,Asian
16_1_4_20170103233406635.jpg.chip.jpg,16,Female,Others
54_1_0_20170104235238436.jpg.chip.jpg,54,Female,White
38_0_0_20170117163505625.jpg.chip.jpg,38,Male,White
62_0_0_20170111210223707.jpg.chip.jpg,62,Male,White
40_0_3_20170119175325322.jpg.chip.jpg,40,Male,Indian
49_0_0_20170117170554905.jpg.chip.jpg,49,Male,White
34_1_1_20170116164035846.jpg.chip.jpg,34,Female,Black
46_0_3_20170119183449213.jpg.chip.jpg,46,Male,Indian
2_1_4_20161221202425393.jpg.chip.jpg,2,Female,Others
35_1_0_20170117091849716.jpg.chip.jpg,35,Female,White
29_1_0_20170105002624350.jpg.chip.jpg,29,Female,White
45_0_0_20170117154539187.jpg.chip.jpg,45,Male,White
32_0_2_20170116164447916.jpg.chip.jpg,32,Male,Asian
36_0_0_20170120134402762.jpg.chip.jpg,36,Male,White
22_0_0_20170112202935851.jpg.chip.jpg,22,Male,White
26_0_3_20170117154449286.jpg.chip.jpg,26,Male,Indian
42_0_0_20170113184251398.jpg.chip.jpg,42,Male,White
67_0_0_20170104184245598.jpg.chip.jpg,67,Male,White
42_1_1_20170113005712902.jpg.chip.jpg,42,Female,Black
32_0_1_20170113142507421.jpg.chip.jpg,32,Male,Black
26_1_1_20170116175546596.jpg.chip.jpg,26,Female,Black
1_1_2_20161219161757030.jpg.chip.jpg,1,Female,Asian
65_0_1_20170111200815149.jpg.chip.jpg,65,Male,Black
22_1_0_20170104165415377.jpg.chip.jpg,22,Female,White
1_1_0_20170109191415528.jpg.chip.jpg,1,Female,White
15_0_0_20170116201252122.jpg.chip.jpg,15,Male,White
41_0_0_20170117140625076.jpg.chip.jpg,41,Male,White
35_0_0_20170117104544995.jpg.chip.jpg,35,Male,White
67_0_3_20170119212012082.jpg.chip.jpg,67,Male,Indian
60_0_2_20170120223504413.jpg.chip.jpg,60,Male,Asian
40_0_0_20170105172617405.jpg.chip.jpg,40,Male,White
44_0_0_20170113184633535.jpg.chip.jpg,44,Male,White
30_0_2_20161219190337805.jpg.chip.jpg,30,Male,Asian
3_1_0_20161219205155700.jpg.chip.jpg,3,Female,White
38_1_3_20170117121011234.jpg.chip.jpg,38,Female,Indian
47_0_0_20170105173114291.jpg.chip.jpg,47,Male,White
78_1_1_20170113011906240.jpg.chip.jpg,78,Female,Black
61_0_3_20170109141653583.jpg.chip.jpg,61,Male,Indian
35_0_0_20170117192120258.jpg.chip.jpg,35,Male,White
26_1_3_20170109133009799.jpg.chip.jpg,26,Female,Indian
26_1_1_20170113000655059.jpg.chip.jpg,26,Female,Black
26_0_1_20170116193350792.jpg.chip.jpg,26,Male,Black
35_1_1_20170117151422756.jpg.chip.jpg,35,Female,Black
20_1_1_20170112231744071.jpg.chip.jpg,20,Female,Black
1_1_0_20161219204702517.jpg.chip.jpg,1,Female,White
25_0_3_20170117151130075.jpg.chip.jpg,25,Male,Indian
58_0_0_20170117193911971.jpg.chip.jpg,58,Male,White
45_1_0_20170117154458798.jpg.chip.jpg,45,Female,White
60_1_0_20170110151506029.jpg.chip.jpg,60,Female,White
28_0_1_20170113150932640.jpg.chip.jpg,28,Male,Black
8_0_0_20170117182551223.jpg.chip.jpg,8,Male,White
23_1_0_20170103234935189.jpg.chip.jpg,23,Female,White
35_1_0_20170117190350409.jpg.chip.jpg,35,Female,White
7_1_0_20170109204556280.jpg.chip.jpg,7,Female,White
28_1_0_20170103182323771.jpg.chip.jpg,28,Female,White
25_0_2_20170117140102359.jpg.chip.jpg,25,Male,Asian
57_1_0_20170104201429289.jpg.chip.jpg,57,Female,White
1_0_0_20170110212624891.jpg.chip.jpg,1,Male,White
27_0_3_20170119155943666.jpg.chip.jpg,27,Male,Indian
54_1_0_20170117165336562.jpg.chip.jpg,54,Female,White
9_1_0_20170109203259973.jpg.chip.jpg,9,Female,White
54_0_0_20170105170040476.jpg.chip.jpg,54,Male,White
33_1_0_20170103182556882.jpg.chip.jpg,33,Female,White
56_0_0_20170120222907250.jpg.chip.jpg,56,Male,White
1_1_3_20161220220216145.jpg.chip.jpg,1,Female,Indian
68_1_1_20170113002009108.jpg.chip.jpg,68,Female,Black
35_0_3_20170119171318208.jpg.chip.jpg,35,Male,Indian
2_1_2_20161219142414913.jpg.chip.jpg,2,Female,Asian
19_1_0_20170119145731470.jpg.chip.jpg,19,Female,White
24_0_2_20170116161813837.jpg.chip.jpg,24,Male,Asian
60_0_0_20170112224151627.jpg.chip.jpg,60,Male,White
7_0_0_20170110220627122.jpg.chip.jpg,7,Male,White
60_0_0_20170111201620287.jpg.chip.jpg,60,Male,White
55_0_3_20170119205343062.jpg.chip.jpg,55,Male,Indian
50_0_3_20170119204418614.jpg.chip.jpg,50,Male,Indian
29_1_1_20170113012048486.jpg.chip.jpg,29,Female,Black
52_0_0_20170104212021653.jpg.chip.jpg,52,Male,White
28_1_0_20170116223825024.jpg.chip.jpg,28,Female,White
34_1_0_20170104233858010.jpg.chip.jpg,34,Female,White
55_0_0_20170117175529999.jpg.chip.jpg,55,Male,White
39_1_0_20170105164247586.jpg.chip.jpg,39,Female,White
35_1_3_20170117183036190.jpg.chip.jpg,35,Female,Indian
36_0_3_20170104204425324.jpg.chip.jpg,36,Male,Indian
1_0_0_20161220220239129.jpg.chip.jpg,1,Male,White
39_0_0_20170109004718122.jpg.chip.jpg,39,Male,White
26_1_0_20170103181852617.jpg.chip.jpg,26,Female,White
26_1_3_20170104232329458.jpg.chip.jpg,26,Female,Indian
32_1_1_20170116002032659.jpg.chip.jpg,32,Female,Black
27_1_1_20170112234022671.jpg.chip.jpg,27,Female,Black
32_0_1_20170113183741368.jpg.chip.jpg,32,Male,Black
30_1_2_20170116165432533.jpg.chip.jpg,30,Female,Asian
30_1_1_20170112210336469.jpg.chip.jpg,30,Female,Black
36_0_0_20170119201550109.jpg.chip.jpg,36,Male,White
22_1_3_20170119162924172.jpg.chip.jpg,22,Female,Indian
63_0_0_20170109012637610.jpg.chip.jpg,63,Male,White
31_0_3_20170104165548728.jpg.chip.jpg,31,Male,Indian
73_0_0_20170111221751463.jpg.chip.jpg,73,Male,White
50_1_4_20170105173053477.jpg.chip.jpg,50,Female,Others
26_1_3_20170104232150859.jpg.chip.jpg,26,Female,Indian
55_0_0_20170120221936510.jpg.chip.jpg,55,Male,White
26_1_2_20170116180753524.jpg.chip.jpg,26,Female,Asian
61_0_2_20170104210058436.jpg.chip.jpg,61,Male,Asian
55_0_0_20170120223715854.jpg.chip.jpg,55,Male,White
27_0_0_20170105164657988.jpg.chip.jpg,27,Male,White
80_1_0_20170117155129695.jpg.chip.jpg,80,Female,White
58_0_0_20170117190757797.jpg.chip.jpg,58,Male,White
26_0_1_20170116182256853.jpg.chip.jpg,26,Male,Black
57_0_0_20170111201356375.jpg.chip.jpg,57,Male,White
36_0_1_20170113173237337.jpg.chip.jpg,36,Male,Black
56_1_0_20170110122335365.jpg.chip.jpg,56,Female,White
57_0_3_20170117172459410.jpg.chip.jpg,57,Male,Indian
39_0_2_20170116192520700.jpg.chip.jpg,39,Male,Asian
72_1_0_20170110180453423.jpg.chip.jpg,72,Female,White
33_1_0_20170105000625650.jpg.chip.jpg,33,Female,White
1_0_2_20161219142032650.jpg.chip.jpg,1,Male,Asian
12_1_4_20170104011715593.jpg.chip.jpg,12,Female,Others
27_0_0_20170116220751583.jpg.chip.jpg,27,Male,White
28_0_1_20170113155258939.jpg.chip.jpg,28,Male,Black
26_1_3_20170117174123429.jpg.chip.jpg,26,Female,Indian
22_1_2_20170116162023656.jpg.chip.jpg,22,Female,Asian
44_1_0_20170117190015938.jpg.chip.jpg,44,Female,White
3_0_2_20161219192725995.jpg.chip.jpg,3,Male,Asian
24_0_0_20170117150031708.jpg.chip.jpg,24,Male,White
61_0_0_20170109015526938.jpg.chip.jpg,61,Male,White
24_1_0_20170104233906146.jpg.chip.jpg,24,Female,White
59_0_0_20170111171747529.jpg.chip.jpg,59,Male,White
54_1_0_20170117171652901.jpg.chip.jpg,54,Female,White
29_1_0_20170116221753436.jpg.chip.jpg,29,Female,White
31_0_1_20170116024828447.jpg.chip.jpg,31,Male,Black
24_0_3_20170119165416686.jpg.chip.jpg,24,Male,Indian
26_0_2_20170116182415133.jpg.chip.jpg,26,Male,Asian
50_0_0_20170116183942841.jpg.chip.jpg,50,Male,White
35_1_3_20170119201541494.jpg.chip.jpg,35,Female,Indian
65_0_1_20170120223029947.jpg.chip.jpg,65,Male,Black
67_0_0_20170109002906472.jpg.chip.jpg,67,Male,White
42_0_1_20170117171459684.jpg.chip.jpg,42,Male,Black
22_0_0_20170114025946539.jpg.chip.jpg,22,Male,White
52_0_3_20170104214700621.jpg.chip.jpg,52,Male,Indian
26_1_1_20170116162413262.jpg.chip.jpg,26,Female,Black
11_1_0_20170109205441860.jpg.chip.jpg,11,Female,White
22_1_4_20170103223351703.jpg.chip.jpg,22,Female,Others
17_0_0_20170110232027271.jpg.chip.jpg,17,Male,White
28_0_3_20170117120957310.jpg.chip.jpg,28,Male,Indian
27_1_0_20170117144846034.jpg.chip.jpg,27,Female,White
30_0_0_20170117154851974.jpg.chip.jpg,30,Male,White
30_1_0_20170103182413737.jpg.chip.jpg,30,Female,White
56_1_2_20170116235343595.jpg.chip.jpg,56,Female,Asian
22_1_3_20170119163344958.jpg.chip.jpg,22,Female,Indian
30_0_1_20170116010659651.jpg.chip.jpg,30,Male,Black
75_0_0_20170117173011522.jpg.chip.jpg,75,Male,White
36_0_1_20170109010546978.jpg.chip.jpg,36,Male,Black
27_1_0_20170119154437418.jpg.chip.jpg,27,Female,White
3_1_2_20161219211533669.jpg.chip.jpg,3,Female,Asian
65_1_0_20170110141013017.jpg.chip.jpg,65,Female,White
35_0_0_20170105162448427.jpg.chip.jpg,35,Male,White
8_1_0_20170109202734214.jpg.chip.jpg,8,Female,White
54_0_0_20170104184603397.jpg.chip.jpg,54,Male,White
32_1_0_20170117134822038.jpg.chip.jpg,32,Female,White
16_1_0_20170102234805899.jpg.chip.jpg,16,Female,White
31_1_4_20170117203052559.jpg.chip.jpg,31,Female,Others
58_0_1_20170113184850673.jpg.chip.jpg,58,Male,Black
34_0_3_20170119200731972.jpg.chip.jpg,34,Male,Indian
34_1_2_20170108224608753.jpg.chip.jpg,34,Female,Asian
47_0_3_20170119205128991.jpg.chip.jpg,47,Male,Indian
40_1_1_20170112231614270.jpg.chip.jpg,40,Female,Black
26_1_3_20170104223140343.jpg.chip.jpg,26,Female,Indian
38_1_1_20170116020420048.jpg.chip.jpg,38,Female,Black
15_0_0_20170110231550866.jpg.chip.jpg,15,Male,White
40_0_3_20170119210206582.jpg.chip.jpg,40,Male,Indian
25_1_2_20170116175247157.jpg.chip.jpg,25,Female,Asian
66_0_0_20170117175358556.jpg.chip.jpg,66,Male,White
24_1_2_20170116163750637.jpg.chip.jpg,24,Female,Asian
40_0_0_20170117152243349.jpg.chip.jpg,40,Male,White
54_0_3_20170119210231791.jpg.chip.jpg,54,Male,Indian
70_0_3_20170119210228526.jpg.chip.jpg,70,Male,Indian
50_1_1_20170117133207717.jpg.chip.jpg,50,Female,Black
21_1_4_20170103223636607.jpg.chip.jpg,21,Female,Others
26_1_3_20170119155434898.jpg.chip.jpg,26,Female,Indian
61_0_1_20170111170127865.jpg.chip.jpg,61,Male,Black
1_0_2_20161219204736996.jpg.chip.jpg,1,Male,Asian
23_1_3_20170104220147782.jpg.chip.jpg,23,Female,Indian
48_1_1_20170113012552201.jpg.chip.jpg,48,Female,Black
42_0_0_20170117133711767.jpg.chip.jpg,42,Male,White
54_1_0_20170104235918548.jpg.chip.jpg,54,Female,White
47_0_0_20170109010047327.jpg.chip.jpg,47,Male,White
40_0_0_20170117203820721.jpg.chip.jpg,40,Male,White
35_1_0_20170117145110401.jpg.chip.jpg,35,Female,White
50_0_0_20170103183532811.jpg.chip.jpg,50,Male,White
50_0_3_20170119205528760.jpg.chip.jpg,50,Male,Indian
23_1_0_20170117145019683.jpg.chip.jpg,23,Female,White
72_1_0_20170120223859838.jpg.chip.jpg,72,Female,White
12_0_0_20170110221819113.jpg.chip.jpg,12,Male,White
2_0_2_20161219200442347.jpg.chip.jpg,2,Male,Asian
26_1_2_20170116184145692.jpg.chip.jpg,26,Female,Asian
73_0_0_20170111211426693.jpg.chip.jpg,73,Male,White
25_1_3_20170119172141792.jpg.chip.jpg,25,Female,Indian
54_0_0_20170104211558436.jpg.chip.jpg,54,Male,White
32_1_1_20170112215208374.jpg.chip.jpg,32,Female,Black
38_1_4_20170117203658976.jpg.chip.jpg,38,Female,Others
18_0_3_20170119144144877.jpg.chip.jpg,18,Male,Indian
11_1_3_20170104222911112.jpg.chip.jpg,11,Female,Indian
26_0_3_20170119192438322.jpg.chip.jpg,26,Male,Indian
28_0_3_20170119194930475.jpg.chip.jpg,28,Male,Indian
45_0_2_20170116163531048.jpg.chip.jpg,45,Male,Asian
3_1_0_20170109191419044.jpg.chip.jpg,3,Female,White
35_1_1_20170116223049636.jpg.chip.jpg,35,Female,Black
54_0_3_20170117155453576.jpg.chip.jpg,54,Male,Indian
61_0_0_20170104185715382.jpg.chip.jpg,61,Male,White
3_0_0_20170109191400809.jpg.chip.jpg,3,Male,White
22_0_3_20170119160343788.jpg.chip.jpg,22,Male,Indian
24_1_1_20170115234948897.jpg.chip.jpg,24,Female,Black
16_1_0_20170109214013596.jpg.chip.jpg,16,Female,White
59_0_0_20170111201348742.jpg.chip.jpg,59,Male,White
23_0_2_20170116172933284.jpg.chip.jpg,23,Male,Asian
30_0_0_20170117131016260.jpg.chip.jpg,30,Male,White
68_0_0_20170117174131505.jpg.chip.jpg,68,Male,White
27_0_0_20170117175349504.jpg.chip.jpg,27,Male,White
36_0_3_20170119202117701.jpg.chip.jpg,36,Male,Indian
34_0_3_20170119200559340.jpg.chip.jpg,34,Male,Indian
41_0_0_20170105173537165.jpg.chip.jpg,41,Male,White
26_1_4_20170117201548014.jpg.chip.jpg,26,Female,Others
28_0_0_20170102233520314.jpg.chip.jpg,28,Male,White
20_1_2_20170104020257804.jpg.chip.jpg,20,Female,Asian
54_0_0_20170111201216588.jpg.chip.jpg,54,Male,White
20_0_1_20170116010734667.jpg.chip.jpg,20,Male,Black
55_1_2_20170116193523524.jpg.chip.jpg,55,Female,Asian
45_1_2_20170107211934472.jpg.chip.jpg,45,Female,Asian
50_1_0_20170104165050048.jpg.chip.jpg,50,Female,White
26_1_3_20170117174552920.jpg.chip.jpg,26,Female,Indian
50_1_4_20170117203355296.jpg.chip.jpg,50,Female,Others
30_0_0_20170117171057875.jpg.chip.jpg,30,Male,White
26_0_3_20170119180419195.jpg.chip.jpg,26,Male,Indian
28_0_1_20170116193402600.jpg.chip.jpg,28,Male,Black
26_0_1_20170117195815907.jpg.chip.jpg,26,Male,Black
17_1_1_20170114030029194.jpg.chip.jpg,17,Female,Black
72_1_3_20170109151014965.jpg.chip.jpg,72,Female,Indian
28_0_1_20170116192538185.jpg.chip.jpg,28,Male,Black
30_1_3_20170117181342861.jpg.chip.jpg,30,Female,Indian
3_0_3_20161220145539630.jpg.chip.jpg,3,Male,Indian
39_1_0_20170105172844028.jpg.chip.jpg,39,Female,White
34_0_1_20170113134734098.jpg.chip.jpg,34,Male,Black
36_1_0_20170105183405999.jpg.chip.jpg,36,Female,White
56_1_0_20170117172544019.jpg.chip.jpg,56,Female,White
79_0_0_20170111223823788.jpg.chip.jpg,79,Male,White
29_0_1_20170117202653255.jpg.chip.jpg,29,Male,Black
34_0_3_20170117141317532.jpg.chip.jpg,34,Male,Indian
34_1_2_20170104022134829.jpg.chip.jpg,34,Female,Asian
40_1_0_20170117003132118.jpg.chip.jpg,40,Female,White
30_0_0_20170103181149464.jpg.chip.jpg,30,Male,White
34_1_3_20170119200853821.jpg.chip.jpg,34,Female,Indian
28_0_2_20170116164346840.jpg.chip.jpg,28,Male,Asian
54_0_4_20170103210718779.jpg.chip.jpg,54,Male,Others
4_0_3_20170109131758363.jpg.chip.jpg,4,Male,Indian
24_1_3_20170119170600774.jpg.chip.jpg,24,Female,Indian
45_0_0_20170120221508470.jpg.chip.jpg,45,Male,White
29_1_2_20170116161428854.jpg.chip.jpg,29,Female,Asian
9_0_0_20170110225609333.jpg.chip.jpg,9,Male,White
53_1_0_20170110160643297.jpg.chip.jpg,53,Female,White
59_0_0_20170111171747523.jpg.chip.jpg,59,Male,White
42_1_0_20170117154917959.jpg.chip.jpg,42,Female,White
1_0_2_20161219221744255.jpg.chip.jpg,1,Male,Asian
56_1_0_20170110154628271.jpg.chip.jpg,56,Female,White
35_0_3_20170119200930924.jpg.chip.jpg,35,Male,Indian
25_0_3_20170119171619825.jpg.chip.jpg,25,Male,Indian
1_1_3_20161219224718096.jpg.chip.jpg,1,Female,Indian
1_1_2_20161219140604000.jpg.chip.jpg,1,Female,Asian
34_0_0_20170117134919534.jpg.chip.jpg,34,Male,White
37_1_4_20170117203627007.jpg.chip.jpg,37,Female,Others
22_1_1_20170114031355312.jpg.chip.jpg,22,Female,Black
21_1_3_20170119155647331.jpg.chip.jpg,21,Female,Indian
73_1_0_20170110182146582.jpg.chip.jpg,73,Female,White
2_0_4_20161221202954025.jpg.chip.jpg,2,Male,Others
36_1_3_20170119202138661.jpg.chip.jpg,36,Female,Indian
20_1_0_20170117150259426.jpg.chip.jpg,20,Female,White
39_1_0_20170103183321298.jpg.chip.jpg,39,Female,White
46_0_0_20170104203859666.jpg.chip.jpg,46,Male,White
26_0_1_20170113151630983.jpg.chip.jpg,26,Male,Black
38_1_0_20170105001437325.jpg.chip.jpg,38,Female,White
27_1_3_20170104223405095.jpg.chip.jpg,27,Female,Indian
16_0_0_20170110231918993.jpg.chip.jpg,16,Male,White
40_0_2_20170116181214637.jpg.chip.jpg,40,Male,Asian
46_0_1_20170113184447960.jpg.chip.jpg,46,Male,Black
62_0_1_20170117183538747.jpg.chip.jpg,62,Male,Black
65_0_0_20170117172713976.jpg.chip.jpg,65,Male,White
34_0_1_20170117204703255.jpg.chip.jpg,34,Male,Black
32_1_1_20170113012735154.jpg.chip.jpg,32,Female,Black
70_0_3_20170119205403079.jpg.chip.jpg,70,Male,Indian
45_0_0_20170117185032873.jpg.chip.jpg,45,Male,White
17_0_0_20170110231640217.jpg.chip.jpg,17,Male,White
1_0_2_20161219204252348.jpg.chip.jpg,1,Male,Asian
29_1_4_20170103230141555.jpg.chip.jpg,29,Female,Others
52_1_0_20170110123106118.jpg.chip.jpg,52,Female,White
2_0_0_20170103205800494.jpg.chip.jpg,2,Male,White
30_1_1_20170112215101145.jpg.chip.jpg,30,Female,Black
35_1_0_20170117135254967.jpg.chip.jpg,35,Female,White
32_1_0_20170116220856474.jpg.chip.jpg,32,Female,White
17_1_1_20170114030031959.jpg.chip.jpg,17,Female,Black
29_1_0_20170103182249865.jpg.chip.jpg,29,Female,White
56_0_0_20170120223014338.jpg.chip.jpg,56,Male,White
26_1_3_20170104222823975.jpg.chip.jpg,26,Female,Indian
1_0_3_20161219224546584.jpg.chip.jpg,1,Male,Indian
16_0_4_20170104011805376.jpg.chip.jpg,16,Male,Others
17_0_0_20170116221917954.jpg.chip.jpg,17,Male,White
21_1_3_20170104231633619.jpg.chip.jpg,21,Female,Indian
26_1_3_20170119155612442.jpg.chip.jpg,26,Female,Indian
33_1_0_20170111182452825.jpg.chip.jpg,33,Female,White
26_1_1_20170116231925419.jpg.chip.jpg,26,Female,Black
45_0_0_20170117185742546.jpg.chip.jpg,45,Male,White
29_0_0_20170104165027441.jpg.chip.jpg,29,Male,White
47_0_3_20170119202114397.jpg.chip.jpg,47,Male,Indian
26_1_0_20170116231512359.jpg.chip.jpg,26,Female,White
34_0_4_20170105172322132.jpg.chip.jpg,34,Male,Others
55_0_0_20170117155107102.jpg.chip.jpg,55,Male,White
28_1_2_20170116172552663.jpg.chip.jpg,28,Female,Asian
50_0_1_20170113195720980.jpg.chip.jpg,50,Male,Black
35_1_0_20170109141753176.jpg.chip.jpg,35,Female,White
28_1_2_20170116165121497.jpg.chip.jpg,28,Female,Asian
35_0_4_20170116191747403.jpg.chip.jpg,35,Male,Others
10_0_0_20170110220255346.jpg.chip.jpg,10,Male,White
21_0_0_20170102233225196.jpg.chip.jpg,21,Male,White
62_1_1_20170113142332748.jpg.chip.jpg,62,Female,Black
60_1_1_20170113011821480.jpg.chip.jpg,60,Female,Black
40_0_0_20170120220358609.jpg.chip.jpg,40,Male,White
28_1_0_20170117122002945.jpg.chip.jpg,28,Female,White
43_0_0_20170104181239741.jpg.chip.jpg,43,Male,White
26_0_3_20170119191755562.jpg.chip.jpg,26,Male,Indian
23_1_0_20170103180451856.jpg.chip.jpg,23,Female,White
7_1_3_20161220222848259.jpg.chip.jpg,7,Female,Indian
23_1_4_20170103224510895.jpg.chip.jpg,23,Female,Others
25_0_1_20170116003152620.jpg.chip.jpg,25,Male,Black
35_0_0_20170116174756926.jpg.chip.jpg,35,Male,White
1_0_2_20161219222527222.jpg.chip.jpg,1,Male,Asian
1_1_2_20161219154712061.jpg.chip.jpg,1,Female,Asian
36_0_0_20170117135846415.jpg.chip.jpg,36,Male,White
4_1_0_20170103223021271.jpg.chip.jpg,4,Female,White
10_0_0_20170110225417177.jpg.chip.jpg,10,Male,White
70_0_1_20170117194145056.jpg.chip.jpg,70,Male,Black
32_1_3_20170104232404770.jpg.chip.jpg,32,Female,Indian
32_1_4_20170105162431387.jpg.chip.jpg,32,Female,Others
46_0_3_20170119204836094.jpg.chip.jpg,46,Male,Indian
45_0_0_20170117191748012.jpg.chip.jpg,45,Male,White
23_0_3_20170104230132313.jpg.chip.jpg,23,Male,Indian
18_1_0_20170109212417557.jpg.chip.jpg,18,Female,White
29_0_0_20170117180933082.jpg.chip.jpg,29,Male,White
45_0_0_20170117182743885.jpg.chip.jpg,45,Male,White
21_0_4_20170114030756751.jpg.chip.jpg,21,Male,Others
47_0_3_20170119205217135.jpg.chip.jpg,47,Male,Indian
37_0_3_20170119202212805.jpg.chip.jpg,37,Male,Indian
65_0_0_20170104213523774.jpg.chip.jpg,65,Male,White
26_1_0_20170104021534429.jpg.chip.jpg,26,Female,White
26_1_4_20170103225928346.jpg.chip.jpg,26,Female,Others
25_1_1_20161220222224947.jpg.chip.jpg,25,Female,Black
30_1_2_20170104164904841.jpg.chip.jpg,30,Female,Asian
8_1_0_20170109205015327.jpg.chip.jpg,8,Female,White
34_1_0_20170103182647402.jpg.chip.jpg,34,Female,White
35_0_1_20170116030207320.jpg.chip.jpg,35,Male,Black
28_0_0_20170113133905983.jpg.chip.jpg,28,Male,White
45_0_3_20170119184144631.jpg.chip.jpg,45,Male,Indian
26_0_1_20170113182742605.jpg.chip.jpg,26,Male,Black
36_0_3_20170119201824085.jpg.chip.jpg,36,Male,Indian
26_0_1_20170113134400497.jpg.chip.jpg,26,Male,Black
1_1_2_20161219205644669.jpg.chip.jpg,1,Female,Asian
26_0_2_20170116181343246.jpg.chip.jpg,26,Male,Asian
21_0_1_20170105002506437.jpg.chip.jpg,21,Male,Black
10_1_2_20170103201007646.jpg.chip.jpg,10,Female,Asian
65_0_3_20170117143046787.jpg.chip.jpg,65,Male,Indian
21_1_1_20170113005845999.jpg.chip.jpg,21,Female,Black
52_0_0_20170104210519108.jpg.chip.jpg,52,Male,White
30_0_0_20170104201747498.jpg.chip.jpg,30,Male,White
21_0_1_20170120133302908.jpg.chip.jpg,21,Male,Black
34_0_3_20170117182647085.jpg.chip.jpg,34,Male,Indian
50_1_0_20170119205609399.jpg.chip.jpg,50,Female,White
31_0_0_20170117135307744.jpg.chip.jpg,31,Male,White
21_1_3_20170104222522503.jpg.chip.jpg,21,Female,Indian
36_1_0_20170116221129203.jpg.chip.jpg,36,Female,White
15_1_4_20170103233356803.jpg.chip.jpg,15,Female,Others
28_1_0_20170117122004211.jpg.chip.jpg,28,Female,White
25_1_2_20170116175251099.jpg.chip.jpg,25,Female,Asian
80_1_0_20170110131652409.jpg.chip.jpg,80,Female,White
27_1_1_20170117164706491.jpg.chip.jpg,27,Female,Black
27_0_3_20170117144316835.jpg.chip.jpg,27,Male,Indian
70_0_1_20170117173252160.jpg.chip.jpg,70,Male,Black
65_0_0_20170111201030222.jpg.chip.jpg,65,Male,White
56_1_1_20170113012653153.jpg.chip.jpg,56,Female,Black
30_1_2_20170116191922002.jpg.chip.jpg,30,Female,Asian
28_0_0_20170117120914517.jpg.chip.jpg,28,Male,White
28_1_3_20170104232440417.jpg.chip.jpg,28,Female,Indian
34_0_2_20170116193324984.jpg.chip.jpg,34,Male,Asian
34_0_1_20170117141346326.jpg.chip.jpg,34,Male,Black
7_1_2_20161219160322149.jpg.chip.jpg,7,Female,Asian
34_1_0_20170103163016663.jpg.chip.jpg,34,Female,White
1_1_4_20161221193741869.jpg.chip.jpg,1,Female,Others
3_1_4_20170103210847515.jpg.chip.jpg,3,Female,Others
1_1_0_20170109190852630.jpg.chip.jpg,1,Female,White
21_1_3_20170119154311378.jpg.chip.jpg,21,Female,Indian
1_1_0_20161219222133615.jpg.chip.jpg,1,Female,White
26_0_0_20170117003324706.jpg.chip.jpg,26,Male,White
35_0_1_20170113174614794.jpg.chip.jpg,35,Male,Black
47_0_3_20170109142337247.jpg.chip.jpg,47,Male,Indian
21_0_4_20161223214821265.jpg.chip.jpg,21,Male,Others
25_0_0_20170119171141465.jpg.chip.jpg,25,Male,White
67_0_0_20170113210319928.jpg.chip.jpg,67,Male,White
34_1_2_20170116191659122.jpg.chip.jpg,34,Female,Asian
80_0_0_20170111211335909.jpg.chip.jpg,80,Male,White
21_0_4_20161223214829361.jpg.chip.jpg,21,Male,Others
1_1_4_20170117192625477.jpg.chip.jpg,1,Female,Others
28_0_2_20170116190050357.jpg.chip.jpg,28,Male,Asian
9_0_0_20170110224305302.jpg.chip.jpg,9,Male,White
28_1_3_20170119195056083.jpg.chip.jpg,28,Female,Indian
45_0_3_20170119201152003.jpg.chip.jpg,45,Male,Indian
8_0_1_20170110215727788.jpg.chip.jpg,8,Male,Black
29_1_2_20170116164927601.jpg.chip.jpg,29,Female,Asian
30_0_0_20170117120123025.jpg.chip.jpg,30,Male,White
55_1_3_20170109141153263.jpg.chip.jpg,55,Female,Indian
18_0_0_20170110231845000.jpg.chip.jpg,18,Male,White
49_0_0_20170104212102972.jpg.chip.jpg,49,Male,White
52_0_0_20170109003616600.jpg.chip.jpg,52,Male,White
78_0_0_20170111223832508.jpg.chip.jpg,78,Male,White
54_0_2_20170111171747443.jpg.chip.jpg,54,Male,Asian
38_0_2_20170117120432535.jpg.chip.jpg,38,Male,Asian
24_0_3_20170119165750589.jpg.chip.jpg,24,Male,Indian
25_0_4_20170103235109805.jpg.chip.jpg,25,Male,Others
40_0_2_20170116181205807.jpg.chip.jpg,40,Male,Asian
52_0_0_20170117161010863.jpg.chip.jpg,52,Male,White
35_1_0_20170117150810173.jpg.chip.jpg,35,Female,White
45_0_0_20170116224903727.jpg.chip.jpg,45,Male,White
32_1_1_20170116170930529.jpg.chip.jpg,32,Female,Black
15_0_2_20161219193832243.jpg.chip.jpg,15,Male,Asian
43_0_3_20170119204002380.jpg.chip.jpg,43,Male,Indian
15_0_1_20170113154729554.jpg.chip.jpg,15,Male,Black
24_0_1_20170116193001978.jpg.chip.jpg,24,Male,Black
52_0_1_20170113173551387.jpg.chip.jpg,52,Male,Black
61_0_2_20170112205237140.jpg.chip.jpg,61,Male,Asian
68_0_0_20170117172924008.jpg.chip.jpg,68,Male,White
50_0_0_20170113184545256.jpg.chip.jpg,50,Male,White
1_1_2_20170109190752762.jpg.chip.jpg,1,Female,Asian
18_0_3_20170119151213151.jpg.chip.jpg,18,Male,Indian
18_1_0_20170109213010399.jpg.chip.jpg,18,Female,White
25_0_1_20170113133108944.jpg.chip.jpg,25,Male,Black
1_0_0_20170109193826712.jpg.chip.jpg,1,Male,White
26_0_2_20170116165230359.jpg.chip.jpg,26,Male,Asian
26_0_0_20170117172810523.jpg.chip.jpg,26,Male,White
44_1_1_20170117142913571.jpg.chip.jpg,44,Female,Black
20_0_1_20170113132705262.jpg.chip.jpg,20,Male,Black
50_0_1_20170117135655702.jpg.chip.jpg,50,Male,Black
34_0_1_20170117141132710.jpg.chip.jpg,34,Male,Black
36_0_0_20170117183111094.jpg.chip.jpg,36,Male,White
56_0_0_20170117173922109.jpg.chip.jpg,56,Male,White
38_0_0_20170116193939412.jpg.chip.jpg,38,Male,White
79_0_0_20170111200506756.jpg.chip.jpg,79,Male,White
52_0_1_20170117171005861.jpg.chip.jpg,52,Male,Black
26_1_3_20170104222813183.jpg.chip.jpg,26,Female,Indian
35_0_0_20170117152248499.jpg.chip.jpg,35,Male,White
58_0_0_20170104185347134.jpg.chip.jpg,58,Male,White
24_1_0_20170103163127424.jpg.chip.jpg,24,Female,White
38_0_4_20170117151031427.jpg.chip.jpg,38,Male,Others
24_0_2_20170116165054448.jpg.chip.jpg,24,Male,Asian
32_1_0_20170104185215238.jpg.chip.jpg,32,Female,White
10_1_0_20170109204859493.jpg.chip.jpg,10,Female,White
47_0_0_20170105173110477.jpg.chip.jpg,47,Male,White
36_1_2_20170105172631405.jpg.chip.jpg,36,Female,Asian
26_0_3_20170119183158500.jpg.chip.jpg,26,Male,Indian
45_1_3_20170119204024497.jpg.chip.jpg,45,Female,Indian
40_0_2_20170116191432618.jpg.chip.jpg,40,Male,Asian
67_1_0_20170109150548754.jpg.chip.jpg,67,Female,White
41_1_2_20170116193738910.jpg.chip.jpg,41,Female,Asian
18_1_0_20170109213935367.jpg.chip.jpg,18,Female,White
48_1_0_20170104185815758.jpg.chip.jpg,48,Female,White
58_0_0_20170111195225616.jpg.chip.jpg,58,Male,White
26_1_1_20170112213442439.jpg.chip.jpg,26,Female,Black
61_0_1_20170113185419607.jpg.chip.jpg,61,Male,Black
26_0_1_20170113132700512.jpg.chip.jpg,26,Male,Black
57_1_0_20170110180113129.jpg.chip.jpg,57,Female,White
30_1_1_20170112231459398.jpg.chip.jpg,30,Female,Black
35_0_1_20170117015451562.jpg.chip.jpg,35,Male,Black
6_0_2_20170103210440650.jpg.chip.jpg,6,Male,Asian
32_0_0_20170116214359024.jpg.chip.jpg,32,Male,White
54_1_0_20170103183727146.jpg.chip.jpg,54,Female,White
55_0_2_20170112205229451.jpg.chip.jpg,55,Male,Asian
34_0_0_20170117182731575.jpg.chip.jpg,34,Male,White
35_1_2_20170116191708474.jpg.chip.jpg,35,Female,Asian
58_0_0_20170117173237872.jpg.chip.jpg,58,Male,White
25_1_1_20170114024756550.jpg.chip.jpg,25,Female,Black
26_1_3_20170119193123985.jpg.chip.jpg,26,Female,Indian
61_0_3_20170119211851089.jpg.chip.jpg,61,Male,Indian
38_1_1_20170116223044761.jpg.chip.jpg,38,Female,Black
57_1_0_20170108225103840.jpg.chip.jpg,57,Female,White
26_0_0_20170116183026094.jpg.chip.jpg,26,Male,White
71_0_0_20170111222535839.jpg.chip.jpg,71,Male,White
49_1_0_20170109220421978.jpg.chip.jpg,49,Female,White
34_0_0_20170117182718307.jpg.chip.jpg,34,Male,White
26_0_3_20170119183552806.jpg.chip.jpg,26,Male,Indian
9_0_0_20170110220601810.jpg.chip.jpg,9,Male,White
68_0_0_20170111221712885.jpg.chip.jpg,68,Male,White
72_1_0_20170110161254894.jpg.chip.jpg,72,Female,White
45_1_0_20170104205614347.jpg.chip.jpg,45,Female,White
15_0_0_20170110224250144.jpg.chip.jpg,15,Male,White
24_0_0_20170117150120578.jpg.chip.jpg,24,Male,White
53_1_3_20170109141903857.jpg.chip.jpg,53,Female,Indian
26_0_3_20170119180528140.jpg.chip.jpg,26,Male,Indian
32_1_3_20170109141353848.jpg.chip.jpg,32,Female,Indian
27_1_2_20170104020735627.jpg.chip.jpg,27,Female,Asian
15_1_4_20170103201329807.jpg.chip.jpg,15,Female,Others
35_0_0_20170105172523741.jpg.chip.jpg,35,Male,White
45_0_3_20170119180924508.jpg.chip.jpg,45,Male,Indian
32_0_3_20170109141302293.jpg.chip.jpg,32,Male,Indian
54_0_0_20170105164001139.jpg.chip.jpg,54,Male,White
31_0_1_20170117130014250.jpg.chip.jpg,31,Male,Black
65_1_1_20170117193956961.jpg.chip.jpg,65,Female,Black
26_0_3_20170119180509236.jpg.chip.jpg,26,Male,Indian
18_0_3_20170104230248073.jpg.chip.jpg,18,Male,Indian
35_1_1_20170117021418022.jpg.chip.jpg,35,Female,Black
58_0_3_20170119211546505.jpg.chip.jpg,58,Male,Indian
56_0_0_20170113182756438.jpg.chip.jpg,56,Male,White
75_0_3_20170111202756116.jpg.chip.jpg,75,Male,Indian
35_0_3_20170117181837205.jpg.chip.jpg,35,Male,Indian
18_1_0_20170109212826322.jpg.chip.jpg,18,Female,White
40_0_1_20170117185317784.jpg.chip.jpg,40,Male,Black
50_0_2_20170112220437210.jpg.chip.jpg,50,Male,Asian
26_1_0_20170117191528652.jpg.chip.jpg,26,Female,White
1_0_2_20161219160949398.jpg.chip.jpg,1,Male,Asian
78_0_2_20170112220542632.jpg.chip.jpg,78,Male,Asian
37_0_0_20170117135948781.jpg.chip.jpg,37,Male,White
28_0_0_20170117180517775.jpg.chip.jpg,28,Male,White
22_1_3_20170119152504672.jpg.chip.jpg,22,Female,Indian
22_1_2_20170116162944219.jpg.chip.jpg,22,Female,Asian
27_1_0_20170117120648293.jpg.chip.jpg,27,Female,White
35_1_0_20170116232957896.jpg.chip.jpg,35,Female,White
38_0_0_20170116211634643.jpg.chip.jpg,38,Male,White
4_1_1_20170109194523891.jpg.chip.jpg,4,Female,Black
55_0_0_20170117185733289.jpg.chip.jpg,55,Male,White
48_0_0_20170117003352809.jpg.chip.jpg,48,Male,White
70_0_0_20170117173910928.jpg.chip.jpg,70,Male,White
27_1_4_20170116180404068.jpg.chip.jpg,27,Female,Others
23_1_2_20170116173039449.jpg.chip.jpg,23,Female,Asian
26_0_1_20170113175434540.jpg.chip.jpg,26,Male,Black
53_1_0_20170110160643266.jpg.chip.jpg,53,Female,White
42_0_2_20170112192934683.jpg.chip.jpg,42,Male,Asian
50_0_1_20170111203545405.jpg.chip.jpg,50,Male,Black
24_1_4_20170103212802644.jpg.chip.jpg,24,Female,Others
26_1_1_20170113011638655.jpg.chip.jpg,26,Female,Black
9_0_0_20170110215447268.jpg.chip.jpg,9,Male,White
28_1_1_20170117165607911.jpg.chip.jpg,28,Female,Black
26_1_2_20170116175900172.jpg.chip.jpg,26,Female,Asian
27_0_0_20170116182634081.jpg.chip.jpg,27,Male,White
29_1_2_20170116191212709.jpg.chip.jpg,29,Female,Asian
4_1_3_20161220220636202.jpg.chip.jpg,4,Female,Indian
40_1_1_20170113012745577.jpg.chip.jpg,40,Female,Black
57_0_0_20170103183943554.jpg.chip.jpg,57,Male,White
26_0_2_20170116184103544.jpg.chip.jpg,26,Male,Asian
7_1_1_20170112210604630.jpg.chip.jpg,7,Female,Black
24_0_4_20170117145917765.jpg.chip.jpg,24,Male,Others
35_0_4_20170104011337576.jpg.chip.jpg,35,Male,Others
35_1_0_20170103183453835.jpg.chip.jpg,35,Female,White
10_0_0_20170110225557604.jpg.chip.jpg,10,Male,White
40_0_0_20170116232933985.jpg.chip.jpg,40,Male,White
25_1_3_20170119172104288.jpg.chip.jpg,25,Female,Indian
24_0_0_20170117194602044.jpg.chip.jpg,24,Male,White
20_1_0_20170103175416510.jpg.chip.jpg,20,Female,White
36_0_0_20170117091125717.jpg.chip.jpg,36,Male,White
29_1_0_20170117202722702.jpg.chip.jpg,29,Female,White
66_1_0_20170110140426872.jpg.chip.jpg,66,Female,White
1_0_0_20170110213448015.jpg.chip.jpg,1,Male,White
42_1_0_20170110154309957.jpg.chip.jpg,42,Female,White
29_0_3_20170119195259338.jpg.chip.jpg,29,Male,Indian
24_1_3_20170104223331567.jpg.chip.jpg,24,Female,Indian
33_1_0_20170105163852244.jpg.chip.jpg,33,Female,White
23_1_0_20170117144757777.jpg.chip.jpg,23,Female,White
52_0_0_20170104212312373.jpg.chip.jpg,52,Male,White
29_0_1_20170116210509902.jpg.chip.jpg,29,Male,Black
32_0_1_20170113173617737.jpg.chip.jpg,32,Male,Black
27_1_2_20170119193351465.jpg.chip.jpg,27,Female,Asian
52_1_0_20170104185832638.jpg.chip.jpg,52,Female,White
70_1_0_20170120134300289.jpg.chip.jpg,70,Female,White
1_0_2_20161219211836743.jpg.chip.jpg,1,Male,Asian
35_0_1_20170117184758222.jpg.chip.jpg,35,Male,Black
26_1_0_20170117173257366.jpg.chip.jpg,26,Female,White
34_0_0_20170117182749686.jpg.chip.jpg,34,Male,White
16_0_0_20170110232038257.jpg.chip.jpg,16,Male,White
2_1_4_20161221192849749.jpg.chip.jpg,2,Female,Others
28_0_0_20170103225936561.jpg.chip.jpg,28,Male,White
57_0_0_20170120223915670.jpg.chip.jpg,57,Male,White
35_0_0_20170105163947659.jpg.chip.jpg,35,Male,White
32_0_0_20170113183159286.jpg.chip.jpg,32,Male,White
10_0_0_20170110220644705.jpg.chip.jpg,10,Male,White
67_1_1_20170110125353438.jpg.chip.jpg,67,Female,Black
26_1_0_20170117173648397.jpg.chip.jpg,26,Female,White
28_1_4_20170104000708986.jpg.chip.jpg,28,Female,Others
59_0_0_20170111203940975.jpg.chip.jpg,59,Male,White
40_1_0_20170117135417615.jpg.chip.jpg,40,Female,White
26_0_1_20170113151632526.jpg.chip.jpg,26,Male,Black
55_0_0_20170117155144918.jpg.chip.jpg,55,Male,White
18_1_0_20170117140751537.jpg.chip.jpg,18,Female,White
60_0_1_20170113152726713.jpg.chip.jpg,60,Male,Black
54_0_0_20170120223352027.jpg.chip.jpg,54,Male,White
21_1_4_20170103223237335.jpg.chip.jpg,21,Female,Others
28_0_0_20170117202406775.jpg.chip.jpg,28,Male,White
54_1_1_20170104184935862.jpg.chip.jpg,54,Female,Black
26_0_1_20170116200636640.jpg.chip.jpg,26,Male,Black
37_1_0_20170105184000017.jpg.chip.jpg,37,Female,White
1_0_2_20161219154024292.jpg.chip.jpg,1,Male,Asian
22_1_3_20170104231720114.jpg.chip.jpg,22,Female,Indian
1_0_2_20161219161428895.jpg.chip.jpg,1,Male,Asian
33_0_0_20170117134828796.jpg.chip.jpg,33,Male,White
36_1_0_20170117121853731.jpg.chip.jpg,36,Female,White
32_0_0_20170117182419741.jpg.chip.jpg,32,Male,White
50_0_3_20170111222312455.jpg.chip.jpg,50,Male,Indian
58_0_0_20170117173244401.jpg.chip.jpg,58,Male,White
26_1_2_20170116180234218.jpg.chip.jpg,26,Female,Asian
42_0_0_20170113183421343.jpg.chip.jpg,42,Male,White
27_0_0_20170103182440137.jpg.chip.jpg,27,Male,White
63_0_0_20170120225708577.jpg.chip.jpg,63,Male,White
34_1_1_20170112231510054.jpg.chip.jpg,34,Female,Black
41_1_0_20170103181204176.jpg.chip.jpg,41,Female,White
30_1_2_20170116161420356.jpg.chip.jpg,30,Female,Asian
12_0_0_20170109213205384.jpg.chip.jpg,12,Male,White
8_1_4_20170103233220163.jpg.chip.jpg,8,Female,Others
50_0_0_20170116173610061.jpg.chip.jpg,50,Male,White
26_1_2_20170116175458291.jpg.chip.jpg,26,Female,Asian
45_0_0_20170120220923483.jpg.chip.jpg,45,Male,White
54_1_0_20170117171243020.jpg.chip.jpg,54,Female,White
58_0_1_20170113174734929.jpg.chip.jpg,58,Male,Black
6_1_0_20170104005551551.jpg.chip.jpg,6,Female,White
55_0_0_20170111202253255.jpg.chip.jpg,55,Male,White
40_0_0_20170113135437140.jpg.chip.jpg,40,Male,White
20_1_1_20170114030919655.jpg.chip.jpg,20,Female,Black
2_1_0_20170109194125822.jpg.chip.jpg,2,Female,White
60_1_0_20170113210605392.jpg.chip.jpg,60,Female,White
29_1_0_20170117092615047.jpg.chip.jpg,29,Female,White
22_1_1_20170104005441633.jpg.chip.jpg,22,Female,Black
50_1_0_20170105173205092.jpg.chip.jpg,50,Female,White
24_1_3_20170119170555590.jpg.chip.jpg,24,Female,Indian
32_0_1_20170113134708200.jpg.chip.jpg,32,Male,Black
31_1_0_20170103183155451.jpg.chip.jpg,31,Female,White
58_0_1_20170117193628506.jpg.chip.jpg,58,Male,Black
66_1_0_20170110153031033.jpg.chip.jpg,66,Female,White
1_0_0_20170110212552670.jpg.chip.jpg,1,Male,White
35_0_3_20170119144837604.jpg.chip.jpg,35,Male,Indian
32_1_0_20170116201719833.jpg.chip.jpg,32,Female,White
18_1_4_20170117140224544.jpg.chip.jpg,18,Female,Others
26_0_0_20170102233359482.jpg.chip.jpg,26,Male,White
34_1_3_20170104235537715.jpg.chip.jpg,34,Female,Indian
60_0_2_20170116191403867.jpg.chip.jpg,60,Male,Asian
27_1_0_20170117120646100.jpg.chip.jpg,27,Female,White
27_1_2_20170116162537496.jpg.chip.jpg,27,Female,Asian
29_1_0_20170111182452813.jpg.chip.jpg,29,Female,White
26_0_3_20170117153919644.jpg.chip.jpg,26,Male,Indian
34_1_1_20170114033315738.jpg.chip.jpg,34,Female,Black
4_1_2_20161219163910183.jpg.chip.jpg,4,Female,Asian
3_1_2_20161219192119762.jpg.chip.jpg,3,Female,Asian
47_0_0_20170104211618372.jpg.chip.jpg,47,Male,White
37_1_0_20170117184458864.jpg.chip.jpg,37,Female,White
60_1_2_20170110151419801.jpg.chip.jpg,60,Female,Asian
62_0_2_20170116183749477.jpg.chip.jpg,62,Male,Asian
5_0_2_20161219221839271.jpg.chip.jpg,5,Male,Asian
46_0_0_20170116232849958.jpg.chip.jpg,46,Male,White
26_1_0_20170103175557343.jpg.chip.jpg,26,Female,White
55_1_0_20170117174812952.jpg.chip.jpg,55,Female,White
47_0_0_20170116214228124.jpg.chip.jpg,47,Male,White
35_0_0_20170117150114482.jpg.chip.jpg,35,Male,White
34_0_0_20170117105018453.jpg.chip.jpg,34,Male,White
60_0_0_20170111171747549.jpg.chip.jpg,60,Male,White
58_0_0_20170111201757951.jpg.chip.jpg,58,Male,White
31_1_0_20170117181946996.jpg.chip.jpg,31,Female,White
23_0_4_20170117144105491.jpg.chip.jpg,23,Male,Others
35_0_0_20170117180527065.jpg.chip.jpg,35,Male,White
50_0_0_20170117174607390.jpg.chip.jpg,50,Male,White
45_1_0_20170119204732262.jpg.chip.jpg,45,Female,White
26_1_1_20170103181439968.jpg.chip.jpg,26,Female,Black
57_0_1_20170117141704960.jpg.chip.jpg,57,Male,Black
32_0_0_20170117173304428.jpg.chip.jpg,32,Male,White
38_0_0_20170117141721964.jpg.chip.jpg,38,Male,White
28_0_1_20170117020659979.jpg.chip.jpg,28,Male,Black
50_0_2_20170116174343792.jpg.chip.jpg,50,Male,Asian
25_0_4_20170113133224545.jpg.chip.jpg,25,Male,Others
36_0_1_20170116200634306.jpg.chip.jpg,36,Male,Black
16_0_0_20170110231726179.jpg.chip.jpg,16,Male,White
28_1_0_20170116200848585.jpg.chip.jpg,28,Female,White
54_0_3_20170104183448533.jpg.chip.jpg,54,Male,Indian
25_1_3_20170117143756281.jpg.chip.jpg,25,Female,Indian
24_1_2_20170104020528324.jpg.chip.jpg,24,Female,Asian
50_1_0_20170103163657008.jpg.chip.jpg,50,Female,White
40_0_3_20170119183403621.jpg.chip.jpg,40,Male,Indian
45_1_0_20170104185042110.jpg.chip.jpg,45,Female,White
21_1_3_20170119154352346.jpg.chip.jpg,21,Female,Indian
26_0_2_20170116182413642.jpg.chip.jpg,26,Male,Asian
30_0_3_20170119195801779.jpg.chip.jpg,30,Male,Indian
51_0_0_20170111181750495.jpg.chip.jpg,51,Male,White
28_1_2_20170116164649902.jpg.chip.jpg,28,Female,Asian
27_0_3_20170119153330881.jpg.chip.jpg,27,Male,Indian
26_0_1_20170113151639816.jpg.chip.jpg,26,Male,Black
34_0_3_20170119194724475.jpg.chip.jpg,34,Male,Indian
70_1_1_20170120223544080.jpg.chip.jpg,70,Female,Black
15_0_0_20170110232515682.jpg.chip.jpg,15,Male,White
36_1_1_20170109141849605.jpg.chip.jpg,36,Female,Black
21_0_1_20170114032018810.jpg.chip.jpg,21,Male,Black
30_1_2_20170104021318733.jpg.chip.jpg,30,Female,Asian
26_1_3_20170119181433587.jpg.chip.jpg,26,Female,Indian
54_0_3_20170119210230016.jpg.chip.jpg,54,Male,Indian
42_1_3_20170104220806510.jpg.chip.jpg,42,Female,Indian
54_0_0_20170117163731945.jpg.chip.jpg,54,Male,White
26_0_4_20170117195502469.jpg.chip.jpg,26,Male,Others
18_1_0_20170117140343665.jpg.chip.jpg,18,Female,White
21_1_2_20170104020048292.jpg.chip.jpg,21,Female,Asian
57_0_0_20170117195457344.jpg.chip.jpg,57,Male,White
40_1_0_20170116204155182.jpg.chip.jpg,40,Female,White
1_1_0_20170109190534438.jpg.chip.jpg,1,Female,White
16_1_4_20170103201025695.jpg.chip.jpg,16,Female,Others
65_0_0_20170111193847133.jpg.chip.jpg,65,Male,White
26_0_4_20170103235258756.jpg.chip.jpg,26,Male,Others
40_1_0_20170104172936762.jpg.chip.jpg,40,Female,White
24_1_2_20170116170646374.jpg.chip.jpg,24,Female,Asian
2_0_0_20170110213247257.jpg.chip.jpg,2,Male,White
2_1_4_20161221201540105.jpg.chip.jpg,2,Female,Others
14_0_1_20170117141604244.jpg.chip.jpg,14,Male,Black
29_0_1_20170114034635292.jpg.chip.jpg,29,Male,Black
35_0_0_20170119200925684.jpg.chip.jpg,35,Male,White
79_1_0_20170110151406182.jpg.chip.jpg,79,Female,White
1_0_4_20170103202326832.jpg.chip.jpg,1,Male,Others
52_0_1_20170116010409058.jpg.chip.jpg,52,Male,Black
26_0_1_20170116010015989.jpg.chip.jpg,26,Male,Black
4_1_1_20161219160501453.jpg.chip.jpg,4,Female,Black
52_0_0_20170117161042224.jpg.chip.jpg,52,Male,White
26_1_2_20170116184706391.jpg.chip.jpg,26,Female,Asian
5_0_3_20161220142906249.jpg.chip.jpg,5,Male,Indian
1_0_3_20161220144830816.jpg.chip.jpg,1,Male,Indian
31_1_4_20161221193256437.jpg.chip.jpg,31,Female,Others
34_0_3_20170119200753235.jpg.chip.jpg,34,Male,Indian
29_1_2_20170116174619470.jpg.chip.jpg,29,Female,Asian
11_1_0_20170109205013531.jpg.chip.jpg,11,Female,White
27_0_3_20170104200540418.jpg.chip.jpg,27,Male,Indian
26_1_0_20170117174534054.jpg.chip.jpg,26,Female,White
36_0_4_20170117163456359.jpg.chip.jpg,36,Male,Others
75_0_2_20170112220429241.jpg.chip.jpg,75,Male,Asian
4_0_0_20170110212545618.jpg.chip.jpg,4,Male,White
32_1_4_20170117203112816.jpg.chip.jpg,32,Female,Others
46_0_3_20170119204808215.jpg.chip.jpg,46,Male,Indian
22_1_2_20170116172137259.jpg.chip.jpg,22,Female,Asian
45_1_3_20170119200125452.jpg.chip.jpg,45,Female,Indian
26_1_0_20170116234741431.jpg.chip.jpg,26,Female,White
48_0_3_20170119205339015.jpg.chip.jpg,48,Male,Indian
60_0_0_20170111204719687.jpg.chip.jpg,60,Male,White
2_1_2_20161219211744478.jpg.chip.jpg,2,Female,Asian
33_0_3_20170119200502940.jpg.chip.jpg,33,Male,Indian
30_0_3_20170119164115989.jpg.chip.jpg,30,Male,Indian
14_0_4_20170117193432868.jpg.chip.jpg,14,Male,Others
44_0_3_20170119162912596.jpg.chip.jpg,44,Male,Indian
25_1_4_20170103225751729.jpg.chip.jpg,25,Female,Others
28_0_2_20170116193003015.jpg.chip.jpg,28,Male,Asian
36_1_4_20170112233252616.jpg.chip.jpg,36,Female,Others
45_0_3_20170119202040629.jpg.chip.jpg,45,Male,Indian
58_0_0_20170117191924885.jpg.chip.jpg,58,Male,White
36_1_1_20170117195448051.jpg.chip.jpg,36,Female,Black
35_0_0_20170117134947221.jpg.chip.jpg,35,Male,White
60_1_0_20170110140707890.jpg.chip.jpg,60,Female,White
24_1_2_20170116174416603.jpg.chip.jpg,24,Female,Asian
25_0_3_20170119171215856.jpg.chip.jpg,25,Male,Indian
26_1_2_20170116175843334.jpg.chip.jpg,26,Female,Asian
52_0_1_20170111171747356.jpg.chip.jpg,52,Male,Black
47_0_0_20170107213329593.jpg.chip.jpg,47,Male,White
29_0_2_20170104192909672.jpg.chip.jpg,29,Male,Asian
20_1_1_20170112192922677.jpg.chip.jpg,20,Female,Black
25_1_2_20170116002224696.jpg.chip.jpg,25,Female,Asian
29_0_4_20170103235201420.jpg.chip.jpg,29,Male,Others
35_1_0_20170119153703606.jpg.chip.jpg,35,Female,White
20_1_0_20170105183449767.jpg.chip.jpg,20,Female,White
12_1_0_20170109203310061.jpg.chip.jpg,12,Female,White
22_0_3_20170119151253871.jpg.chip.jpg,22,Male,Indian
40_1_0_20170116222704229.jpg.chip.jpg,40,Female,White
26_1_3_20170117153151565.jpg.chip.jpg,26,Female,Indian
28_1_0_20170115235915388.jpg.chip.jpg,28,Female,White
37_0_0_20170116185003477.jpg.chip.jpg,37,Male,White
40_1_1_20170113005623327.jpg.chip.jpg,40,Female,Black
22_0_2_20170116175910195.jpg.chip.jpg,22,Male,Asian
1_1_2_20161219155909061.jpg.chip.jpg,1,Female,Asian
35_1_0_20170117142830378.jpg.chip.jpg,35,Female,White
36_1_4_20170117135904020.jpg.chip.jpg,36,Female,Others
9_0_0_20170110220150362.jpg.chip.jpg,9,Male,White
63_0_3_20170119212005016.jpg.chip.jpg,63,Male,Indian
12_1_2_20170103200649030.jpg.chip.jpg,12,Female,Asian
58_0_0_20170111223603548.jpg.chip.jpg,58,Male,White
54_0_0_20170117190358866.jpg.chip.jpg,54,Male,White
53_1_0_20170117191020179.jpg.chip.jpg,53,Female,White
10_1_0_20170109203642966.jpg.chip.jpg,10,Female,White
33_0_3_20170119200506620.jpg.chip.jpg,33,Male,Indian
4_0_0_20170110213530901.jpg.chip.jpg,4,Male,White
26_1_3_20170104232120449.jpg.chip.jpg,26,Female,Indian
25_0_0_20170116211924733.jpg.chip.jpg,25,Male,White
39_0_0_20170117141453339.jpg.chip.jpg,39,Male,White
23_1_1_20170102233446754.jpg.chip.jpg,23,Female,Black
26_1_0_20170116153823864.jpg.chip.jpg,26,Female,White
61_0_0_20170117192038683.jpg.chip.jpg,61,Male,White
1_0_4_20161221202206568.jpg.chip.jpg,1,Male,Others
20_1_1_20170114031128316.jpg.chip.jpg,20,Female,Black
10_1_3_20170109203848078.jpg.chip.jpg,10,Female,Indian
2_1_3_20161219225920200.jpg.chip.jpg,2,Female,Indian
1_1_3_20161220143213583.jpg.chip.jpg,1,Female,Indian
58_0_3_20170119211559343.jpg.chip.jpg,58,Male,Indian
30_1_1_20170117133829099.jpg.chip.jpg,30,Female,Black
73_0_0_20170120224040208.jpg.chip.jpg,73,Male,White
1_1_0_20161220220457473.jpg.chip.jpg,1,Female,White
1_1_2_20161219203432220.jpg.chip.jpg,1,Female,Asian
41_1_3_20170104235812019.jpg.chip.jpg,41,Female,Indian
15_0_3_20170104225254497.jpg.chip.jpg,15,Male,Indian
25_1_0_20170116201701430.jpg.chip.jpg,25,Female,White
30_1_3_20170117181356814.jpg.chip.jpg,30,Female,Indian
24_1_2_20170116174534993.jpg.chip.jpg,24,Female,Asian
25_0_0_20170114024601058.jpg.chip.jpg,25,Male,White
52_0_1_20170111204341094.jpg.chip.jpg,52,Male,Black
3_0_2_20161219142512185.jpg.chip.jpg,3,Male,Asian
34_0_0_20170104170059137.jpg.chip.jpg,34,Male,White
32_0_0_20170114034605240.jpg.chip.jpg,32,Male,White
56_0_1_20170113184540735.jpg.chip.jpg,56,Male,Black
17_0_0_20170110232616400.jpg.chip.jpg,17,Male,White
47_0_0_20170109012427196.jpg.chip.jpg,47,Male,White
1_0_0_20170110213508380.jpg.chip.jpg,1,Male,White
35_0_3_20170117180756185.jpg.chip.jpg,35,Male,Indian
32_0_1_20170113141719572.jpg.chip.jpg,32,Male,Black
31_1_3_20170109132020731.jpg.chip.jpg,31,Female,Indian
16_0_0_20170110231517869.jpg.chip.jpg,16,Male,White
37_1_1_20170117140121123.jpg.chip.jpg,37,Female,Black
35_0_0_20170117171336427.jpg.chip.jpg,35,Male,White
60_1_0_20170110183850108.jpg.chip.jpg,60,Female,White
62_0_1_20170113182604718.jpg.chip.jpg,62,Male,Black
26_1_0_20170112234157545.jpg.chip.jpg,26,Female,White
32_1_2_20170116191456782.jpg.chip.jpg,32,Female,Asian
80_0_0_20170111201430389.jpg.chip.jpg,80,Male,White
17_0_0_20170110231615651.jpg.chip.jpg,17,Male,White
8_1_0_20170109203407112.jpg.chip.jpg,8,Female,White
1_0_3_20161219224917304.jpg.chip.jpg,1,Male,Indian
1_0_2_20161219162719255.jpg.chip.jpg,1,Male,Asian
23_1_2_20170116172812034.jpg.chip.jpg,23,Female,Asian
34_0_1_20170113173645019.jpg.chip.jpg,34,Male,Black
45_0_1_20170117172020917.jpg.chip.jpg,45,Male,Black
9_0_2_20170110224555634.jpg.chip.jpg,9,Male,Asian
5_1_0_20170109192816278.jpg.chip.jpg,5,Female,White
65_0_0_20170117185953586.jpg.chip.jpg,65,Male,White
53_0_0_20170117161104318.jpg.chip.jpg,53,Male,White
1_0_2_20161219212502046.jpg.chip.jpg,1,Male,Asian
28_1_4_20170117202544912.jpg.chip.jpg,28,Female,Others
25_1_3_20170109213212198.jpg.chip.jpg,25,Female,Indian
25_1_3_20170117141253241.jpg.chip.jpg,25,Female,Indian
26_0_0_20170117091213670.jpg.chip.jpg,26,Male,White
54_0_3_20170119201443709.jpg.chip.jpg,54,Male,Indian
5_1_1_20170103180249368.jpg.chip.jpg,5,Female,Black
35_0_0_20170117190124521.jpg.chip.jpg,35,Male,White
42_0_0_20170103181301064.jpg.chip.jpg,42,Male,White
25_1_0_20170116001327790.jpg.chip.jpg,25,Female,White
24_1_4_20170116220449622.jpg.chip.jpg,24,Female,Others
75_0_0_20170111222532345.jpg.chip.jpg,75,Male,White
35_0_0_20170117171756675.jpg.chip.jpg,35,Male,White
44_0_3_20170119200316171.jpg.chip.jpg,44,Male,Indian
67_1_0_20170110140730634.jpg.chip.jpg,67,Female,White
52_0_0_20170111194922232.jpg.chip.jpg,52,Male,White
28_0_0_20170108225116577.jpg.chip.jpg,28,Male,White
4_0_3_20161220221755018.jpg.chip.jpg,4,Male,Indian
26_0_4_20170105163503003.jpg.chip.jpg,26,Male,Others
49_1_0_20170109013409205.jpg.chip.jpg,49,Female,White
40_0_0_20170117175654041.jpg.chip.jpg,40,Male,White
61_0_2_20170112224245939.jpg.chip.jpg,61,Male,Asian
55_0_3_20170119180718883.jpg.chip.jpg,55,Male,Indian
68_0_0_20170109002614945.jpg.chip.jpg,68,Male,White
26_0_2_20170116233100347.jpg.chip.jpg,26,Male,Asian
49_0_0_20170104185354638.jpg.chip.jpg,49,Male,White
32_1_0_20170105161518546.jpg.chip.jpg,32,Female,White
69_0_1_20170113184924520.jpg.chip.jpg,69,Male,Black
60_0_0_20170120225049193.jpg.chip.jpg,60,Male,White
2_1_2_20161219211114077.jpg.chip.jpg,2,Female,Asian
45_0_3_20170119195643531.jpg.chip.jpg,45,Male,Indian
45_0_0_20170117204750369.jpg.chip.jpg,45,Male,White
46_0_4_20170117171327063.jpg.chip.jpg,46,Male,Others
35_1_0_20170117134340646.jpg.chip.jpg,35,Female,White
46_0_3_20170119201157876.jpg.chip.jpg,46,Male,Indian
24_0_1_20170116000638538.jpg.chip.jpg,24,Male,Black
22_0_4_20170104213712014.jpg.chip.jpg,22,Male,Others
34_1_0_20170116000626046.jpg.chip.jpg,34,Female,White
30_0_2_20170117181254308.jpg.chip.jpg,30,Male,Asian
26_0_3_20170119181350932.jpg.chip.jpg,26,Male,Indian
1_0_3_20161219230032969.jpg.chip.jpg,1,Male,Indian
5_1_0_20170109193702627.jpg.chip.jpg,5,Female,White
18_1_4_20161223230852802.jpg.chip.jpg,18,Female,Others
1_0_2_20161220144911423.jpg.chip.jpg,1,Male,Asian
51_0_0_20170117160755606.jpg.chip.jpg,51,Male,White
64_1_0_20170110132148994.jpg.chip.jpg,64,Female,White
26_1_0_20170117154103821.jpg.chip.jpg,26,Female,White
29_0_2_20170116165939507.jpg.chip.jpg,29,Male,Asian
60_1_1_20170120222504473.jpg.chip.jpg,60,Female,Black
24_1_0_20170117150740282.jpg.chip.jpg,24,Female,White
34_0_1_20170113145505629.jpg.chip.jpg,34,Male,Black
24_0_1_20170113132543250.jpg.chip.jpg,24,Male,Black
26_0_2_20170116182353843.jpg.chip.jpg,26,Male,Asian
32_1_2_20170116191622164.jpg.chip.jpg,32,Female,Asian
53_0_0_20170111171747432.jpg.chip.jpg,53,Male,White
36_1_3_20170119192728122.jpg.chip.jpg,36,Female,Indian
25_1_0_20170117143830737.jpg.chip.jpg,25,Female,White
10_1_0_20170109203501969.jpg.chip.jpg,10,Female,White
34_0_4_20170104201954962.jpg.chip.jpg,34,Male,Others
31_1_4_20170103230257785.jpg.chip.jpg,31,Female,Others
25_1_1_20170117171908418.jpg.chip.jpg,25,Female,Black
39_0_0_20170117021613788.jpg.chip.jpg,39,Male,White
29_1_2_20170104021825031.jpg.chip.jpg,29,Female,Asian
18_1_3_20170119155644533.jpg.chip.jpg,18,Female,Indian
55_0_0_20170120222359871.jpg.chip.jpg,55,Male,White
3_0_3_20161220145007862.jpg.chip.jpg,3,Male,Indian
41_1_0_20170111182452877.jpg.chip.jpg,41,Female,White
1_1_2_20161219201453804.jpg.chip.jpg,1,Female,Asian
5_1_0_20170109194113052.jpg.chip.jpg,5,Female,White
65_1_0_20170110141141881.jpg.chip.jpg,65,Female,White
9_0_2_20170110225353988.jpg.chip.jpg,9,Male,Asian
24_1_0_20170104015931173.jpg.chip.jpg,24,Female,White
38_0_0_20170117120726722.jpg.chip.jpg,38,Male,White
17_1_3_20170119153612825.jpg.chip.jpg,17,Female,Indian
40_1_3_20170119192433185.jpg.chip.jpg,40,Female,Indian
26_1_3_20170119193145481.jpg.chip.jpg,26,Female,Indian
52_0_0_20170105173214101.jpg.chip.jpg,52,Male,White
40_0_0_20170117173051076.jpg.chip.jpg,40,Male,White
2_0_0_20170110213234033.jpg.chip.jpg,2,Male,White
25_0_0_20170117140932120.jpg.chip.jpg,25,Male,White
18_1_0_20170109212530499.jpg.chip.jpg,18,Female,White
8_0_0_20170103210825483.jpg.chip.jpg,8,Male,White
54_0_0_20170117171151227.jpg.chip.jpg,54,Male,White
1_1_4_20170103205129266.jpg.chip.jpg,1,Female,Others
53_0_0_20170117163717545.jpg.chip.jpg,53,Male,White
1_1_0_20170109191156705.jpg.chip.jpg,1,Female,White
46_0_0_20170117190211346.jpg.chip.jpg,46,Male,White
16_1_2_20170109214552372.jpg.chip.jpg,16,Female,Asian
26_1_0_20170103181710200.jpg.chip.jpg,26,Female,White
5_1_1_20170117192704482.jpg.chip.jpg,5,Female,Black
1_1_3_20161220220536274.jpg.chip.jpg,1,Female,Indian
70_0_0_20170117173652480.jpg.chip.jpg,70,Male,White
64_0_0_20170111200155418.jpg.chip.jpg,64,Male,White
31_1_0_20170113210319897.jpg.chip.jpg,31,Female,White
1_1_2_20161221192810669.jpg.chip.jpg,1,Female,Asian
3_0_2_20161219221714703.jpg.chip.jpg,3,Male,Asian
45_1_3_20170119193037786.jpg.chip.jpg,45,Female,Indian
6_1_0_20170109194218239.jpg.chip.jpg,6,Female,White
53_0_0_20170111195950035.jpg.chip.jpg,53,Male,White
45_0_0_20170120222004116.jpg.chip.jpg,45,Male,White
4_1_0_20170109191952579.jpg.chip.jpg,4,Female,White
32_0_3_20170119162959965.jpg.chip.jpg,32,Male,Indian
50_0_0_20170120222230975.jpg.chip.jpg,50,Male,White
2_0_0_20170109190947004.jpg.chip.jpg,2,Male,White
28_0_0_20170120133921719.jpg.chip.jpg,28,Male,White
26_1_4_20170117154327501.jpg.chip.jpg,26,Female,Others
38_1_1_20170117121954647.jpg.chip.jpg,38,Female,Black
38_0_1_20170116203826805.jpg.chip.jpg,38,Male,Black
38_0_1_20170116001041187.jpg.chip.jpg,38,Male,Black
21_1_0_20170104234439209.jpg.chip.jpg,21,Female,White
26_1_3_20170119193127730.jpg.chip.jpg,26,Female,Indian
28_1_2_20170116170809755.jpg.chip.jpg,28,Female,Asian
24_1_2_20170116173417614.jpg.chip.jpg,24,Female,Asian
24_1_0_20170117194613108.jpg.chip.jpg,24,Female,White
44_0_3_20170119200334516.jpg.chip.jpg,44,Male,Indian
13_1_0_20170109214402325.jpg.chip.jpg,13,Female,White
1_1_4_20170109193938953.jpg.chip.jpg,1,Female,Others
39_1_0_20170119204019503.jpg.chip.jpg,39,Female,White
18_0_0_20170110232030603.jpg.chip.jpg,18,Male,White
53_1_0_20170110141608191.jpg.chip.jpg,53,Female,White
7_0_0_20170110215437740.jpg.chip.jpg,7,Male,White
28_0_1_20170117202351839.jpg.chip.jpg,28,Male,Black
24_0_3_20170104230150057.jpg.chip.jpg,24,Male,Indian
28_0_3_20170119164109405.jpg.chip.jpg,28,Male,Indian
35_0_3_20170119201337652.jpg.chip.jpg,35,Male,Indian
27_0_3_20170119194353859.jpg.chip.jpg,27,Male,Indian
25_0_1_20170117195252189.jpg.chip.jpg,25,Male,Black
28_0_3_20170119194805417.jpg.chip.jpg,28,Male,Indian
28_0_3_20170119194513954.jpg.chip.jpg,28,Male,Indian
18_1_4_20170109212430115.jpg.chip.jpg,18,Female,Others
58_1_0_20170117191846791.jpg.chip.jpg,58,Female,White
24_1_4_20170117145459404.jpg.chip.jpg,24,Female,Others
31_1_0_20170113002019668.jpg.chip.jpg,31,Female,White
36_0_1_20170117170408725.jpg.chip.jpg,36,Male,Black
62_0_3_20170109134459638.jpg.chip.jpg,62,Male,Indian
28_0_4_20170117021421106.jpg.chip.jpg,28,Male,Others
30_0_0_20170113195424859.jpg.chip.jpg,30,Male,White
24_1_0_20170116220210491.jpg.chip.jpg,24,Female,White
35_1_2_20170117183042510.jpg.chip.jpg,35,Female,Asian
61_1_0_20170117192157499.jpg.chip.jpg,61,Female,White
56_1_3_20170109142023203.jpg.chip.jpg,56,Female,Indian
15_0_1_20170113180633029.jpg.chip.jpg,15,Male,Black
56_0_0_20170111204518142.jpg.chip.jpg,56,Male,White
34_0_4_20170117130526488.jpg.chip.jpg,34,Male,Others
24_0_0_20170105184142103.jpg.chip.jpg,24,Male,White
30_0_0_20170117001126198.jpg.chip.jpg,30,Male,White
28_0_2_20170117141552570.jpg.chip.jpg,28,Male,Asian
24_1_0_20170117150815148.jpg.chip.jpg,24,Female,White
52_0_0_20170117161009270.jpg.chip.jpg,52,Male,White
1_0_3_20161219225445327.jpg.chip.jpg,1,Male,Indian
36_0_1_20170108231644693.jpg.chip.jpg,36,Male,Black
35_0_0_20170117150935786.jpg.chip.jpg,35,Male,White
49_1_3_20170109140923740.jpg.chip.jpg,49,Female,Indian
40_0_0_20170116211756148.jpg.chip.jpg,40,Male,White
35_0_0_20170120222647529.jpg.chip.jpg,35,Male,White
24_1_4_20170103225908457.jpg.chip.jpg,24,Female,Others
22_1_1_20170116220930321.jpg.chip.jpg,22,Female,Black
67_0_0_20170120224822464.jpg.chip.jpg,67,Male,White
26_1_0_20170116235012961.jpg.chip.jpg,26,Female,White
9_0_0_20170110225209168.jpg.chip.jpg,9,Male,White
35_0_0_20170117130506374.jpg.chip.jpg,35,Male,White
66_0_0_20170104184119566.jpg.chip.jpg,66,Male,White
34_1_2_20170104201443273.jpg.chip.jpg,34,Female,Asian
23_1_3_20170104231800546.jpg.chip.jpg,23,Female,Indian
67_1_0_20170110140452381.jpg.chip.jpg,67,Female,White
38_1_0_20170117121950680.jpg.chip.jpg,38,Female,White
31_1_4_20170117203051199.jpg.chip.jpg,31,Female,Others
1_1_3_20161219225024289.jpg.chip.jpg,1,Female,Indian
2_0_2_20161219141647272.jpg.chip.jpg,2,Male,Asian
51_0_0_20170104211815983.jpg.chip.jpg,51,Male,White
76_0_1_20170117165148098.jpg.chip.jpg,76,Male,Black
33_0_0_20170116232429422.jpg.chip.jpg,33,Male,White
22_1_3_20170104222547654.jpg.chip.jpg,22,Female,Indian
22_1_1_20170105002015683.jpg.chip.jpg,22,Female,Black
35_0_0_20170117170540987.jpg.chip.jpg,35,Male,White
26_0_3_20170119180602948.jpg.chip.jpg,26,Male,Indian
15_0_4_20170103201002253.jpg.chip.jpg,15,Male,Others
17_0_1_20170116205618568.jpg.chip.jpg,17,Male,Black
40_1_2_20170117175140261.jpg.chip.jpg,40,Female,Asian
22_1_2_20170116172549492.jpg.chip.jpg,22,Female,Asian
26_0_1_20170116182136243.jpg.chip.jpg,26,Male,Black
12_1_0_20170104013410523.jpg.chip.jpg,12,Female,White
27_0_3_20161220221833874.jpg.chip.jpg,27,Male,Indian
25_1_2_20170116162822749.jpg.chip.jpg,25,Female,Asian
46_0_1_20170113175110660.jpg.chip.jpg,46,Male,Black
32_0_1_20170117021627922.jpg.chip.jpg,32,Male,Black
37_0_1_20170113142027250.jpg.chip.jpg,37,Male,Black
25_1_3_20170119172101233.jpg.chip.jpg,25,Female,Indian
27_1_1_20170112234549479.jpg.chip.jpg,27,Female,Black
25_1_1_20170116001314901.jpg.chip.jpg,25,Female,Black
1_1_0_20170109193407724.jpg.chip.jpg,1,Female,White
39_0_0_20170117021547363.jpg.chip.jpg,39,Male,White
3_0_3_20161219230515152.jpg.chip.jpg,3,Male,Indian
28_1_1_20170117020424778.jpg.chip.jpg,28,Female,Black
55_0_0_20170117185928552.jpg.chip.jpg,55,Male,White
36_0_3_20170119183738087.jpg.chip.jpg,36,Male,Indian
5_1_3_20161220221812930.jpg.chip.jpg,5,Female,Indian
25_1_0_20170117143916425.jpg.chip.jpg,25,Female,White
4_0_0_20170109191251137.jpg.chip.jpg,4,Male,White
69_1_0_20170110153451295.jpg.chip.jpg,69,Female,White
10_0_0_20170116201337172.jpg.chip.jpg,10,Male,White
50_0_3_20170119205539984.jpg.chip.jpg,50,Male,Indian
27_0_4_20170103235409988.jpg.chip.jpg,27,Male,Others
38_0_1_20170113152802880.jpg.chip.jpg,38,Male,Black
45_0_1_20170117165523332.jpg.chip.jpg,45,Male,Black
1_1_2_20161219211002173.jpg.chip.jpg,1,Female,Asian
26_0_4_20170117153017629.jpg.chip.jpg,26,Male,Others
26_1_0_20170117174807127.jpg.chip.jpg,26,Female,White
25_1_0_20170117204147750.jpg.chip.jpg,25,Female,White
27_1_0_20170105162221371.jpg.chip.jpg,27,Female,White
26_1_3_20170117153326979.jpg.chip.jpg,26,Female,Indian
21_0_3_20170104225749698.jpg.chip.jpg,21,Male,Indian
2_0_2_20161219200316835.jpg.chip.jpg,2,Male,Asian
41_0_0_20170104165442057.jpg.chip.jpg,41,Male,White
58_0_2_20170104185526166.jpg.chip.jpg,58,Male,Asian
26_1_0_20170116232337954.jpg.chip.jpg,26,Female,White
72_0_2_20170112205305186.jpg.chip.jpg,72,Male,Asian
75_0_0_20170117174518205.jpg.chip.jpg,75,Male,White
55_0_3_20170119201235270.jpg.chip.jpg,55,Male,Indian
30_1_0_20170117150931275.jpg.chip.jpg,30,Female,White
24_0_1_20170117194341276.jpg.chip.jpg,24,Male,Black
14_0_4_20170117192737955.jpg.chip.jpg,14,Male,Others
28_0_2_20170116190109349.jpg.chip.jpg,28,Male,Asian
1_0_0_20161219192208688.jpg.chip.jpg,1,Male,White
44_0_0_20170104205257195.jpg.chip.jpg,44,Male,White
28_0_1_20170113161017373.jpg.chip.jpg,28,Male,Black
1_0_0_20170110213011627.jpg.chip.jpg,1,Male,White
7_1_0_20170109205254531.jpg.chip.jpg,7,Female,White
58_0_0_20170111203101211.jpg.chip.jpg,58,Male,White
26_1_1_20170112213129055.jpg.chip.jpg,26,Female,Black
60_0_1_20170113185141927.jpg.chip.jpg,60,Male,Black
2_1_3_20161219225917512.jpg.chip.jpg,2,Female,Indian
19_0_0_20170116212106328.jpg.chip.jpg,19,Male,White
1_0_3_20161220215943341.jpg.chip.jpg,1,Male,Indian
35_0_0_20170117000806885.jpg.chip.jpg,35,Male,White
6_1_4_20170103214752366.jpg.chip.jpg,6,Female,Others
17_0_0_20170104003852806.jpg.chip.jpg,17,Male,White
26_1_2_20170116183837275.jpg.chip.jpg,26,Female,Asian
26_0_0_20170104201228553.jpg.chip.jpg,26,Male,White
26_0_0_20170116180418155.jpg.chip.jpg,26,Male,White
31_1_3_20170104223314431.jpg.chip.jpg,31,Female,Indian
60_0_0_20170117161031023.jpg.chip.jpg,60,Male,White
32_0_2_20170116191428705.jpg.chip.jpg,32,Male,Asian
59_0_1_20170117190355233.jpg.chip.jpg,59,Male,Black
17_0_1_20170114025845366.jpg.chip.jpg,17,Male,Black
26_1_2_20170116175903368.jpg.chip.jpg,26,Female,Asian
29_0_1_20170117095000746.jpg.chip.jpg,29,Male,Black
68_0_1_20170117170414776.jpg.chip.jpg,68,Male,Black
3_1_0_20170109190815163.jpg.chip.jpg,3,Female,White
2_1_0_20170109191548450.jpg.chip.jpg,2,Female,White
1_0_3_20161220220529033.jpg.chip.jpg,1,Male,Indian
9_0_0_20170110224404052.jpg.chip.jpg,9,Male,White
28_1_2_20170116190120925.jpg.chip.jpg,28,Female,Asian
29_1_0_20170104022706451.jpg.chip.jpg,29,Female,White
4_1_0_20170109194429005.jpg.chip.jpg,4,Female,White
50_0_3_20170119204126511.jpg.chip.jpg,50,Male,Indian
1_0_0_20161219140623097.jpg.chip.jpg,1,Male,White
28_0_3_20170119194506507.jpg.chip.jpg,28,Male,Indian
25_0_2_20170116212011508.jpg.chip.jpg,25,Male,Asian
35_0_1_20170117143158631.jpg.chip.jpg,35,Male,Black
61_0_3_20170119211816513.jpg.chip.jpg,61,Male,Indian
43_1_0_20170105172627988.jpg.chip.jpg,43,Female,White
6_1_0_20170109202302115.jpg.chip.jpg,6,Female,White
31_1_0_20170120134909814.jpg.chip.jpg,31,Female,White
11_1_0_20170109205247087.jpg.chip.jpg,11,Female,White
39_1_0_20170116001012194.jpg.chip.jpg,39,Female,White
35_1_0_20170105173525804.jpg.chip.jpg,35,Female,White
28_1_1_20170112230737559.jpg.chip.jpg,28,Female,Black
45_0_4_20170108230309811.jpg.chip.jpg,45,Male,Others
51_0_0_20170104210526204.jpg.chip.jpg,51,Male,White
44_0_0_20170104201051081.jpg.chip.jpg,44,Male,White
26_1_2_20170116182638875.jpg.chip.jpg,26,Female,Asian
80_0_0_20170111211457352.jpg.chip.jpg,80,Male,White
48_0_0_20170113183724399.jpg.chip.jpg,48,Male,White
53_0_0_20170111200627419.jpg.chip.jpg,53,Male,White
60_0_2_20170116182650366.jpg.chip.jpg,60,Male,Asian
29_1_2_20170116162732878.jpg.chip.jpg,29,Female,Asian
75_0_0_20170117204739711.jpg.chip.jpg,75,Male,White
1_0_3_20161219224655512.jpg.chip.jpg,1,Male,Indian
40_0_0_20170117145138881.jpg.chip.jpg,40,Male,White
75_0_0_20170112224041371.jpg.chip.jpg,75,Male,White
66_0_0_20170120225919754.jpg.chip.jpg,66,Male,White
35_0_3_20170104201943761.jpg.chip.jpg,35,Male,Indian
26_1_2_20170116180319469.jpg.chip.jpg,26,Female,Asian
55_0_0_20170105001417083.jpg.chip.jpg,55,Male,White
1_0_4_20161221193016140.jpg.chip.jpg,1,Male,Others
43_1_0_20170117155109008.jpg.chip.jpg,43,Female,White
51_0_0_20170111181750481.jpg.chip.jpg,51,Male,White
18_0_0_20170110231644037.jpg.chip.jpg,18,Male,White
35_0_3_20170119201341557.jpg.chip.jpg,35,Male,Indian
34_1_1_20170116234146241.jpg.chip.jpg,34,Female,Black
17_1_1_20170113132612480.jpg.chip.jpg,17,Female,Black
4_0_2_20161219194148499.jpg.chip.jpg,4,Male,Asian
73_0_3_20170119212043986.jpg.chip.jpg,73,Male,Indian
2_1_4_20161221195838329.jpg.chip.jpg,2,Female,Others
49_0_0_20170117154238339.jpg.chip.jpg,49,Male,White
36_0_0_20170119180045547.jpg.chip.jpg,36,Male,White
1_1_2_20161219142012569.jpg.chip.jpg,1,Female,Asian
51_0_0_20170117160806351.jpg.chip.jpg,51,Male,White
13_0_0_20170110225438328.jpg.chip.jpg,13,Male,White
40_1_1_20170117171222293.jpg.chip.jpg,40,Female,Black
36_0_0_20170117183121900.jpg.chip.jpg,36,Male,White
24_0_0_20170117150015076.jpg.chip.jpg,24,Male,White
1_0_1_20170110213647161.jpg.chip.jpg,1,Male,Black
28_1_1_20170114031108125.jpg.chip.jpg,28,Female,Black
26_0_0_20170117172146059.jpg.chip.jpg,26,Male,White
43_1_0_20170119155553251.jpg.chip.jpg,43,Female,White
56_0_2_20170112205301691.jpg.chip.jpg,56,Male,Asian
34_0_0_20170117134916472.jpg.chip.jpg,34,Male,White
32_0_2_20170116191445634.jpg.chip.jpg,32,Male,Asian
5_0_3_20161220220203409.jpg.chip.jpg,5,Male,Indian
16_0_0_20170110225310813.jpg.chip.jpg,16,Male,White
28_1_3_20170117183503510.jpg.chip.jpg,28,Female,Indian
29_1_1_20170117190506301.jpg.chip.jpg,29,Female,Black
24_1_2_20170116165631297.jpg.chip.jpg,24,Female,Asian
39_0_1_20170113135644306.jpg.chip.jpg,39,Male,Black
34_0_3_20170119162704132.jpg.chip.jpg,34,Male,Indian
23_0_0_20170117144550331.jpg.chip.jpg,23,Male,White
2_1_0_20161219154620268.jpg.chip.jpg,2,Female,White
28_1_1_20170103225945785.jpg.chip.jpg,28,Female,Black
34_0_0_20170117134854584.jpg.chip.jpg,34,Male,White
26_1_1_20170116224118858.jpg.chip.jpg,26,Female,Black
35_0_0_20170117185333778.jpg.chip.jpg,35,Male,White
29_1_0_20170114031410630.jpg.chip.jpg,29,Female,White
35_0_0_20170113142125523.jpg.chip.jpg,35,Male,White
18_1_1_20170112231616704.jpg.chip.jpg,18,Female,Black
34_1_1_20170113001446387.jpg.chip.jpg,34,Female,Black
4_0_0_20170110225200150.jpg.chip.jpg,4,Male,White
30_0_0_20170117152404661.jpg.chip.jpg,30,Male,White
26_1_0_20170103180235712.jpg.chip.jpg,26,Female,White
39_0_0_20170103183230555.jpg.chip.jpg,39,Male,White
16_0_0_20170104012305505.jpg.chip.jpg,16,Male,White
1_1_4_20170117192656755.jpg.chip.jpg,1,Female,Others
19_0_0_20170110232102606.jpg.chip.jpg,19,Male,White
28_1_1_20170113005333198.jpg.chip.jpg,28,Female,Black
28_1_0_20170116214251849.jpg.chip.jpg,28,Female,White
46_1_0_20170105162245243.jpg.chip.jpg,46,Female,White
14_1_0_20170103163023120.jpg.chip.jpg,14,Female,White
1_1_3_20161220145230678.jpg.chip.jpg,1,Female,Indian
9_0_0_20170110221721404.jpg.chip.jpg,9,Male,White
80_0_0_20170111221815342.jpg.chip.jpg,80,Male,White
61_0_1_20170111203344701.jpg.chip.jpg,61,Male,Black
40_1_0_20170117150823490.jpg.chip.jpg,40,Female,White
26_1_3_20170119193138609.jpg.chip.jpg,26,Female,Indian
64_1_0_20170110132112143.jpg.chip.jpg,64,Female,White
35_1_1_20170114024724202.jpg.chip.jpg,35,Female,Black
32_0_1_20170116193730638.jpg.chip.jpg,32,Male,Black
68_0_1_20170117192237032.jpg.chip.jpg,68,Male,Black
45_0_1_20170117143253063.jpg.chip.jpg,45,Male,Black
7_1_3_20161220222849971.jpg.chip.jpg,7,Female,Indian
28_0_3_20170104220242582.jpg.chip.jpg,28,Male,Indian
40_0_0_20170117000307465.jpg.chip.jpg,40,Male,White
25_1_2_20170104021040316.jpg.chip.jpg,25,Female,Asian
26_0_1_20170113154905482.jpg.chip.jpg,26,Male,Black
1_0_3_20161220222436891.jpg.chip.jpg,1,Male,Indian
17_1_1_20170113005047678.jpg.chip.jpg,17,Female,Black
1_0_2_20161219205111061.jpg.chip.jpg,1,Male,Asian
20_0_1_20170117184658976.jpg.chip.jpg,20,Male,Black
76_0_2_20170112224008292.jpg.chip.jpg,76,Male,Asian
40_0_0_20170117182122332.jpg.chip.jpg,40,Male,White
52_0_0_20170109132901912.jpg.chip.jpg,52,Male,White
26_1_0_20170116234619701.jpg.chip.jpg,26,Female,White
37_0_0_20170117120539886.jpg.chip.jpg,37,Male,White
24_1_2_20170104020306436.jpg.chip.jpg,24,Female,Asian
25_0_0_20170104004153743.jpg.chip.jpg,25,Male,White
30_0_4_20170117202819247.jpg.chip.jpg,30,Male,Others
39_1_1_20170113000820292.jpg.chip.jpg,39,Female,Black
46_0_3_20170119181358549.jpg.chip.jpg,46,Male,Indian
41_0_0_20170104173044203.jpg.chip.jpg,41,Male,White
78_0_0_20170111222257902.jpg.chip.jpg,78,Male,White
72_0_2_20170112223906858.jpg.chip.jpg,72,Male,Asian
28_1_1_20170116180035164.jpg.chip.jpg,28,Female,Black
38_1_0_20170117154131675.jpg.chip.jpg,38,Female,White
56_1_0_20170120134758144.jpg.chip.jpg,56,Female,White
26_0_0_20170113210126726.jpg.chip.jpg,26,Male,White
25_1_0_20170117195311260.jpg.chip.jpg,25,Female,White
35_0_0_20170117134940507.jpg.chip.jpg,35,Male,White
40_1_1_20170117000145761.jpg.chip.jpg,40,Female,Black
40_0_3_20170104165011263.jpg.chip.jpg,40,Male,Indian
24_0_4_20170115205946148.jpg.chip.jpg,24,Male,Others
21_1_2_20170109213056053.jpg.chip.jpg,21,Female,Asian
21_1_1_20170112233312848.jpg.chip.jpg,21,Female,Black
50_0_3_20170117154534254.jpg.chip.jpg,50,Male,Indian
28_1_2_20170116164519017.jpg.chip.jpg,28,Female,Asian
43_1_1_20170112235219665.jpg.chip.jpg,43,Female,Black
8_0_0_20170110220138938.jpg.chip.jpg,8,Male,White
80_0_2_20170112224352147.jpg.chip.jpg,80,Male,Asian
34_0_3_20170119181337573.jpg.chip.jpg,34,Male,Indian
25_1_3_20170117151149187.jpg.chip.jpg,25,Female,Indian
32_1_2_20170116163345446.jpg.chip.jpg,32,Female,Asian
75_0_1_20170117183723984.jpg.chip.jpg,75,Male,Black
26_0_0_20170117172620391.jpg.chip.jpg,26,Male,White
35_1_4_20170117203429672.jpg.chip.jpg,35,Female,Others
32_1_1_20170116154724484.jpg.chip.jpg,32,Female,Black
25_1_0_20170117143952249.jpg.chip.jpg,25,Female,White
26_0_3_20170119180458307.jpg.chip.jpg,26,Male,Indian
18_1_0_20170109214725387.jpg.chip.jpg,18,Female,White
35_0_0_20170117135114172.jpg.chip.jpg,35,Male,White
37_1_3_20170119202520478.jpg.chip.jpg,37,Female,Indian
1_0_2_20161219204108580.jpg.chip.jpg,1,Male,Asian
65_1_0_20170110180059564.jpg.chip.jpg,65,Female,White
60_0_3_20170119205757055.jpg.chip.jpg,60,Male,Indian
38_1_1_20170113183519287.jpg.chip.jpg,38,Female,Black
30_0_2_20170116170814123.jpg.chip.jpg,30,Male,Asian
26_1_2_20170116175920746.jpg.chip.jpg,26,Female,Asian
56_0_0_20170104212551397.jpg.chip.jpg,56,Male,White
26_1_0_20170116180843455.jpg.chip.jpg,26,Female,White
35_0_0_20170116223010997.jpg.chip.jpg,35,Male,White
2_1_2_20161219211255317.jpg.chip.jpg,2,Female,Asian
40_0_3_20170119210237376.jpg.chip.jpg,40,Male,Indian
5_1_0_20170109193145120.jpg.chip.jpg,5,Female,White
26_1_4_20170117154137164.jpg.chip.jpg,26,Female,Others
45_0_3_20170119202700364.jpg.chip.jpg,45,Male,Indian
26_0_3_20170117173025404.jpg.chip.jpg,26,Male,Indian
43_0_0_20170104184051293.jpg.chip.jpg,43,Male,White
30_1_2_20170116162512345.jpg.chip.jpg,30,Female,Asian
38_1_1_20170117170743869.jpg.chip.jpg,38,Female,Black
22_1_3_20170119155949578.jpg.chip.jpg,22,Female,Indian
49_0_1_20170111200637109.jpg.chip.jpg,49,Male,Black
25_1_3_20170104232048826.jpg.chip.jpg,25,Female,Indian
26_0_3_20170119183101318.jpg.chip.jpg,26,Male,Indian
30_1_4_20170117143606826.jpg.chip.jpg,30,Female,Others
16_1_3_20170104012449865.jpg.chip.jpg,16,Female,Indian
65_0_0_20170112205749338.jpg.chip.jpg,65,Male,White
26_1_1_20170116232158064.jpg.chip.jpg,26,Female,Black
27_0_2_20170116172514816.jpg.chip.jpg,27,Male,Asian
55_0_0_20170120222934130.jpg.chip.jpg,55,Male,White
36_1_0_20170103182523314.jpg.chip.jpg,36,Female,White
10_0_0_20170110225444491.jpg.chip.jpg,10,Male,White
49_0_0_20170104212843900.jpg.chip.jpg,49,Male,White
43_0_0_20170117155101372.jpg.chip.jpg,43,Male,White
77_1_0_20170110131558278.jpg.chip.jpg,77,Female,White
26_0_0_20170117170940347.jpg.chip.jpg,26,Male,White
29_1_2_20170116161802325.jpg.chip.jpg,29,Female,Asian
12_1_1_20170112213303693.jpg.chip.jpg,12,Female,Black
28_0_1_20170113141915947.jpg.chip.jpg,28,Male,Black
32_1_0_20170117001041422.jpg.chip.jpg,32,Female,White
1_0_3_20161219225559648.jpg.chip.jpg,1,Male,Indian
56_0_0_20170113210319631.jpg.chip.jpg,56,Male,White
42_0_2_20170104204819596.jpg.chip.jpg,42,Male,Asian
24_1_2_20170116222614742.jpg.chip.jpg,24,Female,Asian
16_0_0_20170110231532894.jpg.chip.jpg,16,Male,White
39_0_2_20170117154247371.jpg.chip.jpg,39,Male,Asian
26_1_1_20170112235540169.jpg.chip.jpg,26,Female,Black
37_1_4_20170116002040232.jpg.chip.jpg,37,Female,Others
27_1_0_20170103182420963.jpg.chip.jpg,27,Female,White
17_1_0_20170104011923497.jpg.chip.jpg,17,Female,White
24_1_4_20170103223129750.jpg.chip.jpg,24,Female,Others
38_1_1_20170117203718759.jpg.chip.jpg,38,Female,Black
1_1_0_20170109190925628.jpg.chip.jpg,1,Female,White
37_0_0_20170104172740418.jpg.chip.jpg,37,Male,White
45_1_1_20170117154449503.jpg.chip.jpg,45,Female,Black
35_0_3_20170117145451366.jpg.chip.jpg,35,Male,Indian
58_0_1_20170104185127270.jpg.chip.jpg,58,Male,Black
26_1_0_20170117094755094.jpg.chip.jpg,26,Female,White
61_0_0_20170111171747565.jpg.chip.jpg,61,Male,White
46_1_0_20170109142329559.jpg.chip.jpg,46,Female,White
20_1_0_20170117192327053.jpg.chip.jpg,20,Female,White
35_1_0_20170117184925681.jpg.chip.jpg,35,Female,White
27_0_0_20170117202216127.jpg.chip.jpg,27,Male,White
36_0_1_20170113151650223.jpg.chip.jpg,36,Male,Black
1_0_0_20161219210307125.jpg.chip.jpg,1,Male,White
34_1_1_20170116224143264.jpg.chip.jpg,34,Female,Black
1_1_3_20161220145435951.jpg.chip.jpg,1,Female,Indian
23_0_0_20170117144706803.jpg.chip.jpg,23,Male,White
26_1_3_20170119193112441.jpg.chip.jpg,26,Female,Indian
32_1_0_20170117140131110.jpg.chip.jpg,32,Female,White
25_1_1_20170113011500969.jpg.chip.jpg,25,Female,Black
30_1_0_20170109141417666.jpg.chip.jpg,30,Female,White
57_0_2_20170104202448266.jpg.chip.jpg,57,Male,Asian
54_0_3_20170119200606516.jpg.chip.jpg,54,Male,Indian
28_0_0_20170117184714695.jpg.chip.jpg,28,Male,White
30_1_2_20170116161303257.jpg.chip.jpg,30,Female,Asian
1_1_3_20161220144645535.jpg.chip.jpg,1,Female,Indian
40_0_0_20170116210116677.jpg.chip.jpg,40,Male,White
45_0_3_20170119194832939.jpg.chip.jpg,45,Male,Indian
49_0_3_20170119201611413.jpg.chip.jpg,49,Male,Indian
45_0_0_20170117185022457.jpg.chip.jpg,45,Male,White
28_1_3_20170117180631161.jpg.chip.jpg,28,Female,Indian
24_1_0_20170117150414570.jpg.chip.jpg,24,Female,White
14_0_2_20170104012518441.jpg.chip.jpg,14,Male,Asian
35_0_1_20170116235211478.jpg.chip.jpg,35,Male,Black
54_0_0_20170117191422211.jpg.chip.jpg,54,Male,White
30_1_0_20170117152122396.jpg.chip.jpg,30,Female,White
77_1_0_20170110125310561.jpg.chip.jpg,77,Female,White
57_0_3_20170119180932004.jpg.chip.jpg,57,Male,Indian
26_0_1_20170103210459306.jpg.chip.jpg,26,Male,Black
56_0_1_20170117172244563.jpg.chip.jpg,56,Male,Black
67_0_3_20170119212009145.jpg.chip.jpg,67,Male,Indian
3_1_4_20170103212708915.jpg.chip.jpg,3,Female,Others
26_0_0_20170104172735675.jpg.chip.jpg,26,Male,White
50_1_2_20170116173220910.jpg.chip.jpg,50,Female,Asian
78_0_0_20170120225718369.jpg.chip.jpg,78,Male,White
15_1_2_20161219193333691.jpg.chip.jpg,15,Female,Asian
22_1_1_20170114025927882.jpg.chip.jpg,22,Female,Black
27_0_2_20170104011250152.jpg.chip.jpg,27,Male,Asian
26_1_0_20170117173739125.jpg.chip.jpg,26,Female,White
30_1_2_20170116192313635.jpg.chip.jpg,30,Female,Asian
32_0_1_20170113151013735.jpg.chip.jpg,32,Male,Black
24_1_3_20170104223610175.jpg.chip.jpg,24,Female,Indian
2_0_2_20161219203828132.jpg.chip.jpg,2,Male,Asian
56_1_0_20170109221138733.jpg.chip.jpg,56,Female,White
30_0_1_20170117123914245.jpg.chip.jpg,30,Male,Black
27_0_3_20170120220034035.jpg.chip.jpg,27,Male,Indian
56_0_0_20170111203827776.jpg.chip.jpg,56,Male,White
25_1_4_20170103234056789.jpg.chip.jpg,25,Female,Others
55_0_0_20170111205137423.jpg.chip.jpg,55,Male,White
18_1_0_20170109214559082.jpg.chip.jpg,18,Female,White
75_0_0_20170111204855557.jpg.chip.jpg,75,Male,White
34_0_3_20170119200626788.jpg.chip.jpg,34,Male,Indian
32_0_0_20170117092643676.jpg.chip.jpg,32,Male,White
27_0_0_20170117020138207.jpg.chip.jpg,27,Male,White
30_1_2_20170116191911487.jpg.chip.jpg,30,Female,Asian
53_0_0_20170117190948203.jpg.chip.jpg,53,Male,White
1_0_4_20170103202417352.jpg.chip.jpg,1,Male,Others
29_0_3_20170119164635285.jpg.chip.jpg,29,Male,Indian
35_1_2_20170116182258569.jpg.chip.jpg,35,Female,Asian
37_1_0_20170117140016085.jpg.chip.jpg,37,Female,White
1_0_2_20161219140811232.jpg.chip.jpg,1,Male,Asian
69_0_3_20170112224615052.jpg.chip.jpg,69,Male,Indian
22_0_0_20170117135034534.jpg.chip.jpg,22,Male,White
75_0_3_20170117173638390.jpg.chip.jpg,75,Male,Indian
25_0_3_20170104220223342.jpg.chip.jpg,25,Male,Indian
10_1_3_20170104221645430.jpg.chip.jpg,10,Female,Indian
65_0_2_20161219193311243.jpg.chip.jpg,65,Male,Asian
1_1_0_20170109190935139.jpg.chip.jpg,1,Female,White
16_0_1_20170113152759697.jpg.chip.jpg,16,Male,Black
26_0_1_20170113151659634.jpg.chip.jpg,26,Male,Black
31_1_0_20170103182536130.jpg.chip.jpg,31,Female,White
26_1_0_20170105003228731.jpg.chip.jpg,26,Female,White
2_1_3_20161219225606664.jpg.chip.jpg,2,Female,Indian
52_1_0_20170108235321768.jpg.chip.jpg,52,Female,White
27_1_4_20170112234325680.jpg.chip.jpg,27,Female,Others
52_1_0_20170110153002630.jpg.chip.jpg,52,Female,White
42_1_1_20170113005434508.jpg.chip.jpg,42,Female,Black
40_0_0_20170117181213181.jpg.chip.jpg,40,Male,White
28_0_3_20170119194507123.jpg.chip.jpg,28,Male,Indian
28_0_3_20170104214745317.jpg.chip.jpg,28,Male,Indian
32_0_2_20170116191452915.jpg.chip.jpg,32,Male,Asian
3_0_4_20161221200453808.jpg.chip.jpg,3,Male,Others
5_0_0_20170110213615044.jpg.chip.jpg,5,Male,White
1_1_0_20170109190742179.jpg.chip.jpg,1,Female,White
23_1_2_20170104015902116.jpg.chip.jpg,23,Female,Asian
26_0_0_20170117172931573.jpg.chip.jpg,26,Male,White
38_0_1_20170113174616843.jpg.chip.jpg,38,Male,Black
40_0_1_20170113184933016.jpg.chip.jpg,40,Male,Black
1_0_2_20161219142006881.jpg.chip.jpg,1,Male,Asian
25_1_0_20170117140903569.jpg.chip.jpg,25,Female,White
16_1_0_20170116214318225.jpg.chip.jpg,16,Female,White
35_1_0_20170117183056734.jpg.chip.jpg,35,Female,White
23_1_3_20170119164602781.jpg.chip.jpg,23,Female,Indian
80_0_0_20170117204632601.jpg.chip.jpg,80,Male,White
23_1_2_20170116173127575.jpg.chip.jpg,23,Female,Asian
2_0_2_20161219221701671.jpg.chip.jpg,2,Male,Asian
32_1_1_20170116175409630.jpg.chip.jpg,32,Female,Black
50_0_2_20170116172953191.jpg.chip.jpg,50,Male,Asian
50_1_3_20170117151044708.jpg.chip.jpg,50,Female,Indian
9_0_0_20170110224837718.jpg.chip.jpg,9,Male,White
18_1_0_20170109213102446.jpg.chip.jpg,18,Female,White
65_1_0_20170120222039350.jpg.chip.jpg,65,Female,White
34_1_1_20170116012243049.jpg.chip.jpg,34,Female,Black
31_1_0_20170105162529475.jpg.chip.jpg,31,Female,White
26_1_3_20170117154940189.jpg.chip.jpg,26,Female,Indian
40_0_0_20170117191037435.jpg.chip.jpg,40,Male,White
47_0_0_20170109013222454.jpg.chip.jpg,47,Male,White
48_0_3_20170119205336640.jpg.chip.jpg,48,Male,Indian
42_0_0_20170116193026833.jpg.chip.jpg,42,Male,White
18_1_0_20170109214726739.jpg.chip.jpg,18,Female,White
25_1_2_20170116174845535.jpg.chip.jpg,25,Female,Asian
26_0_2_20170116182411806.jpg.chip.jpg,26,Male,Asian
54_0_0_20170120223353260.jpg.chip.jpg,54,Male,White
67_0_0_20170120230048298.jpg.chip.jpg,67,Male,White
20_1_0_20170104020801388.jpg.chip.jpg,20,Female,White
34_0_0_20170103182629265.jpg.chip.jpg,34,Male,White
31_1_0_20170119200057620.jpg.chip.jpg,31,Female,White
1_1_2_20161219155922221.jpg.chip.jpg,1,Female,Asian
24_1_3_20170117145624635.jpg.chip.jpg,24,Female,Indian
39_1_1_20170117140914763.jpg.chip.jpg,39,Female,Black
32_1_1_20170113012946729.jpg.chip.jpg,32,Female,Black
4_1_0_20161220220732418.jpg.chip.jpg,4,Female,White
29_1_0_20170109134017138.jpg.chip.jpg,29,Female,White
32_0_1_20170117183752355.jpg.chip.jpg,32,Male,Black
37_1_3_20170119152842760.jpg.chip.jpg,37,Female,Indian
42_0_2_20170104205142164.jpg.chip.jpg,42,Male,Asian
46_1_1_20170117155904640.jpg.chip.jpg,46,Female,Black
30_1_0_20170117150839178.jpg.chip.jpg,30,Female,White
32_1_0_20170104164847153.jpg.chip.jpg,32,Female,White
30_1_0_20170117131111201.jpg.chip.jpg,30,Female,White
27_0_1_20170113134047416.jpg.chip.jpg,27,Male,Black
43_1_0_20170105173021381.jpg.chip.jpg,43,Female,White
39_0_3_20170117184958153.jpg.chip.jpg,39,Male,Indian
5_1_3_20161220145842991.jpg.chip.jpg,5,Female,Indian
5_0_0_20170110215956675.jpg.chip.jpg,5,Male,White
50_0_0_20170117000303844.jpg.chip.jpg,50,Male,White
22_0_3_20170104230122361.jpg.chip.jpg,22,Male,Indian
40_0_1_20170117195245795.jpg.chip.jpg,40,Male,Black
25_1_0_20170116204011908.jpg.chip.jpg,25,Female,White
67_0_1_20170117143308243.jpg.chip.jpg,67,Male,Black
26_1_1_20170113135610650.jpg.chip.jpg,26,Female,Black
55_0_3_20170105180635542.jpg.chip.jpg,55,Male,Indian
59_0_2_20170104022521749.jpg.chip.jpg,59,Male,Asian
26_0_4_20170117195551948.jpg.chip.jpg,26,Male,Others
5_0_0_20170110215706020.jpg.chip.jpg,5,Male,White
1_0_2_20161219154041477.jpg.chip.jpg,1,Male,Asian
26_0_0_20170117195959667.jpg.chip.jpg,26,Male,White
18_0_3_20170104230349313.jpg.chip.jpg,18,Male,Indian
26_1_1_20170116011427995.jpg.chip.jpg,26,Female,Black
54_0_0_20170120223347588.jpg.chip.jpg,54,Male,White
25_1_0_20170117143909681.jpg.chip.jpg,25,Female,White
50_0_1_20170120220929108.jpg.chip.jpg,50,Male,Black
46_0_3_20170104220249837.jpg.chip.jpg,46,Male,Indian
24_1_2_20170116164559724.jpg.chip.jpg,24,Female,Asian
69_0_0_20170116193756964.jpg.chip.jpg,69,Male,White
73_0_3_20170119212056296.jpg.chip.jpg,73,Male,Indian
32_0_1_20170115234806792.jpg.chip.jpg,32,Male,Black
40_0_1_20170117170632910.jpg.chip.jpg,40,Male,Black
26_1_2_20170116175445643.jpg.chip.jpg,26,Female,Asian
34_0_2_20170116191643236.jpg.chip.jpg,34,Male,Asian
28_0_3_20170119194719106.jpg.chip.jpg,28,Male,Indian
19_1_0_20170117140530071.jpg.chip.jpg,19,Female,White
28_1_3_20170119195000849.jpg.chip.jpg,28,Female,Indian
52_1_0_20170105172742757.jpg.chip.jpg,52,Female,White
29_0_0_20170117122016549.jpg.chip.jpg,29,Male,White
40_1_0_20170117154626844.jpg.chip.jpg,40,Female,White
28_1_0_20170117122001989.jpg.chip.jpg,28,Female,White
75_0_0_20170117173746334.jpg.chip.jpg,75,Male,White
9_0_0_20170110225018913.jpg.chip.jpg,9,Male,White
1_0_2_20161219222456375.jpg.chip.jpg,1,Male,Asian
2_0_0_20161219154008997.jpg.chip.jpg,2,Male,White
21_0_4_20161223214835183.jpg.chip.jpg,21,Male,Others
25_1_3_20170119172145553.jpg.chip.jpg,25,Female,Indian
26_0_1_20170113134255295.jpg.chip.jpg,26,Male,Black
16_0_0_20170110231720674.jpg.chip.jpg,16,Male,White
17_1_0_20170109214021426.jpg.chip.jpg,17,Female,White
29_1_3_20170109141114301.jpg.chip.jpg,29,Female,Indian
25_0_2_20170119163949502.jpg.chip.jpg,25,Male,Asian
27_1_2_20170116171540755.jpg.chip.jpg,27,Female,Asian
9_0_0_20170110220442681.jpg.chip.jpg,9,Male,White
35_1_0_20170117183012966.jpg.chip.jpg,35,Female,White
27_1_3_20170117191505796.jpg.chip.jpg,27,Female,Indian
30_1_1_20170112235107208.jpg.chip.jpg,30,Female,Black
12_1_0_20170109203709140.jpg.chip.jpg,12,Female,White
24_1_3_20170117150541539.jpg.chip.jpg,24,Female,Indian
47_1_0_20170104184430669.jpg.chip.jpg,47,Female,White
2_0_0_20170110212644094.jpg.chip.jpg,2,Male,White
32_1_1_20170116003159417.jpg.chip.jpg,32,Female,Black
30_1_0_20170117150745435.jpg.chip.jpg,30,Female,White
26_0_0_20170117195426941.jpg.chip.jpg,26,Male,White
26_1_1_20170113012350417.jpg.chip.jpg,26,Female,Black
14_0_0_20170104013338922.jpg.chip.jpg,14,Male,White
24_0_1_20170115231442487.jpg.chip.jpg,24,Male,Black
32_1_1_20170115235801065.jpg.chip.jpg,32,Female,Black
58_0_0_20170109012759314.jpg.chip.jpg,58,Male,White
1_0_3_20161219225820704.jpg.chip.jpg,1,Male,Indian
9_0_0_20170110222903669.jpg.chip.jpg,9,Male,White
52_0_3_20170119204337838.jpg.chip.jpg,52,Male,Indian
25_0_3_20170117151048707.jpg.chip.jpg,25,Male,Indian
35_0_3_20170119171459001.jpg.chip.jpg,35,Male,Indian
53_0_0_20170120223133507.jpg.chip.jpg,53,Male,White
17_0_3_20170104225543888.jpg.chip.jpg,17,Male,Indian
28_0_3_20170119194432235.jpg.chip.jpg,28,Male,Indian
9_0_0_20170110224737016.jpg.chip.jpg,9,Male,White
29_1_1_20170113010931254.jpg.chip.jpg,29,Female,Black
24_1_0_20170117145431948.jpg.chip.jpg,24,Female,White
40_0_0_20170116223819699.jpg.chip.jpg,40,Male,White
20_0_4_20170103234731301.jpg.chip.jpg,20,Male,Others
20_1_4_20170103225149441.jpg.chip.jpg,20,Female,Others
33_1_0_20170104171713868.jpg.chip.jpg,33,Female,White
4_0_2_20161219221851247.jpg.chip.jpg,4,Male,Asian
62_1_0_20170110175644800.jpg.chip.jpg,62,Female,White
26_0_0_20170117173244372.jpg.chip.jpg,26,Male,White
38_0_0_20170113210126612.jpg.chip.jpg,38,Male,White
14_0_0_20170110232651186.jpg.chip.jpg,14,Male,White
30_1_4_20170117203009657.jpg.chip.jpg,30,Female,Others
4_0_0_20170110224413618.jpg.chip.jpg,4,Male,White
58_0_0_20170104002241806.jpg.chip.jpg,58,Male,White
24_1_1_20170113013149199.jpg.chip.jpg,24,Female,Black
35_0_1_20170117190123993.jpg.chip.jpg,35,Male,Black
33_0_1_20170113134141083.jpg.chip.jpg,33,Male,Black
28_0_2_20170116191850216.jpg.chip.jpg,28,Male,Asian
35_0_2_20170117191008778.jpg.chip.jpg,35,Male,Asian
35_1_3_20170117152724917.jpg.chip.jpg,35,Female,Indian
31_0_1_20170117135536116.jpg.chip.jpg,31,Male,Black
40_1_0_20170116211621237.jpg.chip.jpg,40,Female,White
1_1_2_20161219190719971.jpg.chip.jpg,1,Female,Asian
2_0_2_20161219194455147.jpg.chip.jpg,2,Male,Asian
4_1_0_20170109193102653.jpg.chip.jpg,4,Female,White
45_0_0_20170117180830778.jpg.chip.jpg,45,Male,White
3_1_0_20161219225130536.jpg.chip.jpg,3,Female,White
3_1_0_20170109190522134.jpg.chip.jpg,3,Female,White
4_1_0_20170109204331818.jpg.chip.jpg,4,Female,White
53_0_0_20170111195238954.jpg.chip.jpg,53,Male,White
39_1_0_20170104205026100.jpg.chip.jpg,39,Female,White
19_1_0_20170116205908124.jpg.chip.jpg,19,Female,White
25_1_0_20170103180907920.jpg.chip.jpg,25,Female,White
50_0_3_20170119195757652.jpg.chip.jpg,50,Male,Indian
19_1_4_20170103201818104.jpg.chip.jpg,19,Female,Others
28_0_1_20170113151917402.jpg.chip.jpg,28,Male,Black
32_1_1_20170112212952111.jpg.chip.jpg,32,Female,Black
34_0_3_20170119200758796.jpg.chip.jpg,34,Male,Indian
36_1_0_20170109134045116.jpg.chip.jpg,36,Female,White
26_0_0_20170117195903790.jpg.chip.jpg,26,Male,White
28_1_1_20170112210934053.jpg.chip.jpg,28,Female,Black
28_0_2_20170116214450969.jpg.chip.jpg,28,Male,Asian
22_1_1_20170112230505525.jpg.chip.jpg,22,Female,Black
28_1_0_20170117202609983.jpg.chip.jpg,28,Female,White
30_1_2_20170117142525729.jpg.chip.jpg,30,Female,Asian
40_0_0_20170103182925914.jpg.chip.jpg,40,Male,White
28_0_0_20170117180620153.jpg.chip.jpg,28,Male,White
28_1_0_20170109003515954.jpg.chip.jpg,28,Female,White
40_1_3_20170117185243863.jpg.chip.jpg,40,Female,Indian
21_1_0_20170117142326768.jpg.chip.jpg,21,Female,White
52_0_1_20170117173744776.jpg.chip.jpg,52,Male,Black
23_1_3_20170119164326981.jpg.chip.jpg,23,Female,Indian
35_1_0_20170111182452837.jpg.chip.jpg,35,Female,White
21_1_2_20170104021056028.jpg.chip.jpg,21,Female,Asian
28_0_1_20170117170153595.jpg.chip.jpg,28,Male,Black
26_1_1_20170116153853816.jpg.chip.jpg,26,Female,Black
60_1_0_20170110141334072.jpg.chip.jpg,60,Female,White
6_0_0_20170110215531428.jpg.chip.jpg,6,Male,White
4_1_3_20170119212114153.jpg.chip.jpg,4,Female,Indian
4_1_2_20161219153752980.jpg.chip.jpg,4,Female,Asian
19_0_0_20170120133526566.jpg.chip.jpg,19,Male,White
29_0_1_20170116182134769.jpg.chip.jpg,29,Male,Black
38_1_0_20170117130939679.jpg.chip.jpg,38,Female,White
46_0_3_20170119202242015.jpg.chip.jpg,46,Male,Indian
22_1_2_20170116172557623.jpg.chip.jpg,22,Female,Asian
60_0_3_20170119205318975.jpg.chip.jpg,60,Male,Indian
60_1_0_20170110141425361.jpg.chip.jpg,60,Female,White
26_0_3_20170119181042516.jpg.chip.jpg,26,Male,Indian
26_1_0_20170117152703723.jpg.chip.jpg,26,Female,White
1_0_3_20161219190227867.jpg.chip.jpg,1,Male,Indian
60_0_3_20170117135043467.jpg.chip.jpg,60,Male,Indian
26_0_1_20170117195659949.jpg.chip.jpg,26,Male,Black
36_0_0_20170104172716658.jpg.chip.jpg,36,Male,White
26_0_3_20170104214448709.jpg.chip.jpg,26,Male,Indian
7_1_4_20161224001014334.jpg.chip.jpg,7,Female,Others
48_0_0_20170120224756433.jpg.chip.jpg,48,Male,White
23_1_4_20170103223443239.jpg.chip.jpg,23,Female,Others
30_0_2_20170112205508972.jpg.chip.jpg,30,Male,Asian
36_0_0_20170117162945609.jpg.chip.jpg,36,Male,White
26_0_1_20170116204838256.jpg.chip.jpg,26,Male,Black
28_1_3_20170119195058724.jpg.chip.jpg,28,Female,Indian
8_1_0_20170109202254541.jpg.chip.jpg,8,Female,White
50_0_3_20170119205352398.jpg.chip.jpg,50,Male,Indian
30_0_4_20170117151010732.jpg.chip.jpg,30,Male,Others
42_0_0_20170117135659058.jpg.chip.jpg,42,Male,White
62_0_0_20170120223929774.jpg.chip.jpg,62,Male,White
53_0_0_20170111202320442.jpg.chip.jpg,53,Male,White
24_1_4_20170117194821716.jpg.chip.jpg,24,Female,Others
12_0_2_20161219212833549.jpg.chip.jpg,12,Male,Asian
20_0_4_20170117193424333.jpg.chip.jpg,20,Male,Others
58_0_0_20170117135834808.jpg.chip.jpg,58,Male,White
34_0_1_20170117190152870.jpg.chip.jpg,34,Male,Black
57_1_0_20170110160643579.jpg.chip.jpg,57,Female,White
45_1_1_20170116160543061.jpg.chip.jpg,45,Female,Black
8_1_3_20170104222431175.jpg.chip.jpg,8,Female,Indian
2_1_2_20161219140840080.jpg.chip.jpg,2,Female,Asian
2_0_3_20161220220702081.jpg.chip.jpg,2,Male,Indian
30_0_3_20170119195653219.jpg.chip.jpg,30,Male,Indian
24_0_2_20170119165620535.jpg.chip.jpg,24,Male,Asian
30_0_2_20170116173516742.jpg.chip.jpg,30,Male,Asian
1_1_4_20170103202738552.jpg.chip.jpg,1,Female,Others
23_1_3_20170119164425613.jpg.chip.jpg,23,Female,Indian
25_1_3_20170119172102729.jpg.chip.jpg,25,Female,Indian
1_1_1_20170109194548732.jpg.chip.jpg,1,Female,Black
27_0_3_20170119193214716.jpg.chip.jpg,27,Male,Indian
28_0_4_20170103235818508.jpg.chip.jpg,28,Male,Others
37_0_2_20170104023143430.jpg.chip.jpg,37,Male,Asian
65_0_2_20170117191803139.jpg.chip.jpg,65,Male,Asian
60_0_2_20170116182752428.jpg.chip.jpg,60,Male,Asian
48_0_3_20170105180807302.jpg.chip.jpg,48,Male,Indian
62_0_1_20170117154841208.jpg.chip.jpg,62,Male,Black
53_1_0_20170117204229856.jpg.chip.jpg,53,Female,White
52_0_0_20170104194326928.jpg.chip.jpg,52,Male,White
1_0_0_20170110213412695.jpg.chip.jpg,1,Male,White
29_1_1_20170103181030152.jpg.chip.jpg,29,Female,Black
9_0_1_20170110220605937.jpg.chip.jpg,9,Male,Black
63_0_0_20170104185626214.jpg.chip.jpg,63,Male,White
1_0_0_20170109191440780.jpg.chip.jpg,1,Male,White
45_0_1_20170117140113412.jpg.chip.jpg,45,Male,Black
50_0_0_20170117182140781.jpg.chip.jpg,50,Male,White
24_0_0_20170117145733818.jpg.chip.jpg,24,Male,White
1_0_2_20161219155850477.jpg.chip.jpg,1,Male,Asian
48_0_0_20170117160523895.jpg.chip.jpg,48,Male,White
79_1_0_20170120225803298.jpg.chip.jpg,79,Female,White
65_0_0_20170111205224278.jpg.chip.jpg,65,Male,White
1_0_2_20161219203943516.jpg.chip.jpg,1,Male,Asian
24_0_0_20170116213539070.jpg.chip.jpg,24,Male,White
26_1_0_20170113001451463.jpg.chip.jpg,26,Female,White
28_0_0_20170113210127309.jpg.chip.jpg,28,Male,White
28_1_2_20170116163936289.jpg.chip.jpg,28,Female,Asian
29_1_1_20170114030852380.jpg.chip.jpg,29,Female,Black
20_0_0_20170117140628568.jpg.chip.jpg,20,Male,White
30_1_2_20170116192456158.jpg.chip.jpg,30,Female,Asian
18_1_0_20170109214608184.jpg.chip.jpg,18,Female,White
60_0_3_20170117191722050.jpg.chip.jpg,60,Male,Indian
3_0_3_20161220221437315.jpg.chip.jpg,3,Male,Indian
2_1_4_20161221192754807.jpg.chip.jpg,2,Female,Others
30_0_2_20170116165153226.jpg.chip.jpg,30,Male,Asian
65_1_1_20170112215403296.jpg.chip.jpg,65,Female,Black
26_0_4_20170117153706349.jpg.chip.jpg,26,Male,Others
26_1_2_20170116180334106.jpg.chip.jpg,26,Female,Asian
47_1_0_20170117160425905.jpg.chip.jpg,47,Female,White
37_0_0_20170117135928574.jpg.chip.jpg,37,Male,White
45_0_1_20170113175345292.jpg.chip.jpg,45,Male,Black
36_0_0_20170105170234235.jpg.chip.jpg,36,Male,White
26_1_3_20170119193102258.jpg.chip.jpg,26,Female,Indian
32_0_0_20170104202221514.jpg.chip.jpg,32,Male,White
32_0_2_20170116162322805.jpg.chip.jpg,32,Male,Asian
36_0_1_20170117203447808.jpg.chip.jpg,36,Male,Black
38_1_1_20170116175444213.jpg.chip.jpg,38,Female,Black
40_0_4_20170104192730423.jpg.chip.jpg,40,Male,Others
52_0_0_20170104184201550.jpg.chip.jpg,52,Male,White
62_1_3_20170109150704840.jpg.chip.jpg,62,Female,Indian
38_0_1_20170113142215610.jpg.chip.jpg,38,Male,Black
28_1_0_20170117121818523.jpg.chip.jpg,28,Female,White
54_0_0_20170117171526283.jpg.chip.jpg,54,Male,White
29_1_0_20170117181004953.jpg.chip.jpg,29,Female,White
61_0_0_20170111171747577.jpg.chip.jpg,61,Male,White
46_0_0_20170104205743292.jpg.chip.jpg,46,Male,White
26_0_1_20170116220224657.jpg.chip.jpg,26,Male,Black
21_1_2_20170103180145808.jpg.chip.jpg,21,Female,Asian
52_0_0_20170117135533022.jpg.chip.jpg,52,Male,White
24_0_3_20170119164638750.jpg.chip.jpg,24,Male,Indian
30_0_1_20170113133612273.jpg.chip.jpg,30,Male,Black
36_1_0_20170117135906160.jpg.chip.jpg,36,Female,White
1_0_2_20161219161843718.jpg.chip.jpg,1,Male,Asian
56_1_1_20170116161657239.jpg.chip.jpg,56,Female,Black
45_0_0_20170116232841111.jpg.chip.jpg,45,Male,White
59_0_3_20170109132518583.jpg.chip.jpg,59,Male,Indian
36_0_4_20170117140440824.jpg.chip.jpg,36,Male,Others
1_0_2_20161219142135209.jpg.chip.jpg,1,Male,Asian
1_1_1_20170103210044250.jpg.chip.jpg,1,Female,Black
16_0_0_20170110232108336.jpg.chip.jpg,16,Male,White
4_0_2_20161219160936862.jpg.chip.jpg,4,Male,Asian
32_1_1_20170112210352980.jpg.chip.jpg,32,Female,Black
17_1_0_20170109205309078.jpg.chip.jpg,17,Female,White
22_1_0_20170117193908380.jpg.chip.jpg,22,Female,White
25_1_2_20170116201708376.jpg.chip.jpg,25,Female,Asian
34_0_3_20170119175413876.jpg.chip.jpg,34,Male,Indian
1_0_4_20161221195039712.jpg.chip.jpg,1,Male,Others
73_1_0_20170120223851022.jpg.chip.jpg,73,Female,White
22_0_0_20170116220518146.jpg.chip.jpg,22,Male,White
52_0_0_20170111195455240.jpg.chip.jpg,52,Male,White
72_1_0_20170110183029618.jpg.chip.jpg,72,Female,White
60_0_3_20170119204833974.jpg.chip.jpg,60,Male,Indian
32_1_1_20170113012217433.jpg.chip.jpg,32,Female,Black
37_0_1_20170116194823302.jpg.chip.jpg,37,Male,Black
45_0_1_20170113180901829.jpg.chip.jpg,45,Male,Black
35_1_0_20170117180008549.jpg.chip.jpg,35,Female,White
24_0_0_20170117150006042.jpg.chip.jpg,24,Male,White
14_0_0_20170110232745742.jpg.chip.jpg,14,Male,White
72_0_0_20170111195358992.jpg.chip.jpg,72,Male,White
25_1_0_20170116003458183.jpg.chip.jpg,25,Female,White
3_0_0_20170110212724938.jpg.chip.jpg,3,Male,White
8_1_0_20170109205116937.jpg.chip.jpg,8,Female,White
27_1_1_20170113012330703.jpg.chip.jpg,27,Female,Black
31_1_1_20170112204529987.jpg.chip.jpg,31,Female,Black
54_0_0_20170117163742346.jpg.chip.jpg,54,Male,White
2_1_3_20161219225702256.jpg.chip.jpg,2,Female,Indian
25_1_4_20161223230018963.jpg.chip.jpg,25,Female,Others
39_1_1_20170113012928648.jpg.chip.jpg,39,Female,Black
26_1_4_20170117201645720.jpg.chip.jpg,26,Female,Others
26_1_1_20170112230609340.jpg.chip.jpg,26,Female,Black
21_0_4_20161223214802865.jpg.chip.jpg,21,Male,Others
46_1_1_20170116223430582.jpg.chip.jpg,46,Female,Black
42_0_0_20170111202314436.jpg.chip.jpg,42,Male,White
28_0_3_20170119194808322.jpg.chip.jpg,28,Male,Indian
26_1_3_20170119180550463.jpg.chip.jpg,26,Female,Indian
1_0_3_20161219230002417.jpg.chip.jpg,1,Male,Indian
24_1_3_20170104235106686.jpg.chip.jpg,24,Female,Indian
2_1_3_20161219225623600.jpg.chip.jpg,2,Female,Indian
30_1_0_20170117174824936.jpg.chip.jpg,30,Female,White
22_1_0_20170117141120129.jpg.chip.jpg,22,Female,White
15_0_0_20170120133307597.jpg.chip.jpg,15,Male,White
33_1_3_20170117182600997.jpg.chip.jpg,33,Female,Indian
32_1_0_20170103162938008.jpg.chip.jpg,32,Female,White
27_0_4_20170105163841596.jpg.chip.jpg,27,Male,Others
58_0_0_20170111204513437.jpg.chip.jpg,58,Male,White
40_0_3_20170117154907806.jpg.chip.jpg,40,Male,Indian
33_0_3_20170117154355516.jpg.chip.jpg,33,Male,Indian
29_1_1_20170116020932172.jpg.chip.jpg,29,Female,Black
31_1_1_20170116222335750.jpg.chip.jpg,31,Female,Black
30_1_1_20170116021054972.jpg.chip.jpg,30,Female,Black
36_1_0_20170104174248859.jpg.chip.jpg,36,Female,White
26_0_4_20170117154033686.jpg.chip.jpg,26,Male,Others
21_0_1_20170117195323136.jpg.chip.jpg,21,Male,Black
26_0_1_20170120134608943.jpg.chip.jpg,26,Male,Black
23_1_0_20170117144812555.jpg.chip.jpg,23,Female,White
14_1_4_20170103201225838.jpg.chip.jpg,14,Female,Others
28_1_2_20170116170937606.jpg.chip.jpg,28,Female,Asian
34_1_1_20170108230211421.jpg.chip.jpg,34,Female,Black
35_1_1_20170113003536772.jpg.chip.jpg,35,Female,Black
28_1_1_20170117125929515.jpg.chip.jpg,28,Female,Black
24_1_1_20170116024111718.jpg.chip.jpg,24,Female,Black
30_0_0_20170117135548182.jpg.chip.jpg,30,Male,White
24_1_2_20170116161819263.jpg.chip.jpg,24,Female,Asian
22_0_0_20170110232213323.jpg.chip.jpg,22,Male,White
26_0_0_20170113210127300.jpg.chip.jpg,26,Male,White
50_0_1_20170117181702370.jpg.chip.jpg,50,Male,Black
22_0_1_20170113150439151.jpg.chip.jpg,22,Male,Black
27_1_1_20170117000109588.jpg.chip.jpg,27,Female,Black
30_0_3_20170117123905973.jpg.chip.jpg,30,Male,Indian
46_0_3_20170119195336586.jpg.chip.jpg,46,Male,Indian
30_0_2_20170116173546862.jpg.chip.jpg,30,Male,Asian
4_0_0_20170110213547600.jpg.chip.jpg,4,Male,White
65_0_0_20170117162848739.jpg.chip.jpg,65,Male,White
75_1_0_20170120225350768.jpg.chip.jpg,75,Female,White
29_1_0_20170105165153564.jpg.chip.jpg,29,Female,White
22_1_2_20170104020216916.jpg.chip.jpg,22,Female,Asian
25_0_0_20170116223117663.jpg.chip.jpg,25,Male,White
27_1_2_20170116163118798.jpg.chip.jpg,27,Female,Asian
1_0_2_20161219220247471.jpg.chip.jpg,1,Male,Asian
28_1_2_20170104022917342.jpg.chip.jpg,28,Female,Asian
2_0_0_20170103175540113.jpg.chip.jpg,2,Male,White
24_1_2_20170116173535191.jpg.chip.jpg,24,Female,Asian
29_1_1_20170116001830007.jpg.chip.jpg,29,Female,Black
26_1_2_20170116180503250.jpg.chip.jpg,26,Female,Asian
27_1_3_20170104223211159.jpg.chip.jpg,27,Female,Indian
2_0_2_20161219194834811.jpg.chip.jpg,2,Male,Asian
10_1_0_20170109203556029.jpg.chip.jpg,10,Female,White
1_0_0_20161219200139603.jpg.chip.jpg,1,Male,White
45_0_3_20170119154224697.jpg.chip.jpg,45,Male,Indian
21_1_4_20170117193725542.jpg.chip.jpg,21,Female,Others
47_0_1_20170117190323954.jpg.chip.jpg,47,Male,Black
26_0_2_20170116180716055.jpg.chip.jpg,26,Male,Asian
43_0_3_20170119202025045.jpg.chip.jpg,43,Male,Indian
23_1_2_20170116172955453.jpg.chip.jpg,23,Female,Asian
30_0_4_20170117200730006.jpg.chip.jpg,30,Male,Others
25_1_0_20170109213201198.jpg.chip.jpg,25,Female,White
60_0_0_20170111205328800.jpg.chip.jpg,60,Male,White
38_1_2_20170109132801338.jpg.chip.jpg,38,Female,Asian
1_1_3_20161220221808354.jpg.chip.jpg,1,Female,Indian
9_0_0_20170110220110042.jpg.chip.jpg,9,Male,White
2_1_4_20161221201717930.jpg.chip.jpg,2,Female,Others
26_1_0_20170116184549800.jpg.chip.jpg,26,Female,White
36_0_3_20170119194743443.jpg.chip.jpg,36,Male,Indian
58_0_1_20170113184906215.jpg.chip.jpg,58,Male,Black
32_0_2_20170116191444550.jpg.chip.jpg,32,Male,Asian
30_0_0_20170117181259219.jpg.chip.jpg,30,Male,White
42_0_3_20170119204431257.jpg.chip.jpg,42,Male,Indian
36_0_0_20170117153823071.jpg.chip.jpg,36,Male,White
31_0_0_20170120134346407.jpg.chip.jpg,31,Male,White
24_1_2_20170116171610481.jpg.chip.jpg,24,Female,Asian
25_1_2_20170116175245111.jpg.chip.jpg,25,Female,Asian
36_0_3_20170119183536726.jpg.chip.jpg,36,Male,Indian
61_0_0_20170117174636574.jpg.chip.jpg,61,Male,White
24_1_0_20170116222405565.jpg.chip.jpg,24,Female,White
63_0_0_20170105180927239.jpg.chip.jpg,63,Male,White
24_1_4_20170103223158047.jpg.chip.jpg,24,Female,Others
50_1_0_20170109012257664.jpg.chip.jpg,50,Female,White
1_1_0_20170103213335661.jpg.chip.jpg,1,Female,White
17_1_0_20170109214048004.jpg.chip.jpg,17,Female,White
1_1_2_20161219221706807.jpg.chip.jpg,1,Female,Asian
45_0_2_20170117153932735.jpg.chip.jpg,45,Male,Asian
58_0_3_20170109140942312.jpg.chip.jpg,58,Male,Indian
15_1_0_20170109203414090.jpg.chip.jpg,15,Female,White
37_0_2_20170119193347850.jpg.chip.jpg,37,Male,Asian
23_0_2_20170116172945780.jpg.chip.jpg,23,Male,Asian
23_0_3_20170119164041958.jpg.chip.jpg,23,Male,Indian
38_1_0_20170117092650329.jpg.chip.jpg,38,Female,White
35_0_3_20170105172520740.jpg.chip.jpg,35,Male,Indian
28_0_3_20170117180432854.jpg.chip.jpg,28,Male,Indian
39_0_1_20170117165830236.jpg.chip.jpg,39,Male,Black
1_0_2_20161219154354285.jpg.chip.jpg,1,Male,Asian
24_1_4_20170103212924934.jpg.chip.jpg,24,Female,Others
29_0_1_20170117104538522.jpg.chip.jpg,29,Male,Black
36_0_0_20170119180123410.jpg.chip.jpg,36,Male,White
31_0_1_20170117193258978.jpg.chip.jpg,31,Male,Black
26_1_2_20170116184045356.jpg.chip.jpg,26,Female,Asian
26_0_3_20170119183421709.jpg.chip.jpg,26,Male,Indian
26_1_0_20170117164030406.jpg.chip.jpg,26,Female,White
1_0_2_20161219185955277.jpg.chip.jpg,1,Male,Asian
26_0_2_20170117201336782.jpg.chip.jpg,26,Male,Asian
45_0_0_20170105172826437.jpg.chip.jpg,45,Male,White
28_0_1_20170109012501213.jpg.chip.jpg,28,Male,Black
27_0_0_20170114033204410.jpg.chip.jpg,27,Male,White
42_1_0_20170103182957410.jpg.chip.jpg,42,Female,White
58_0_0_20170117191926691.jpg.chip.jpg,58,Male,White
21_1_0_20170116205856338.jpg.chip.jpg,21,Female,White
4_0_3_20161220220738826.jpg.chip.jpg,4,Male,Indian
30_0_0_20170116222414030.jpg.chip.jpg,30,Male,White
24_1_3_20170119170909047.jpg.chip.jpg,24,Female,Indian
7_0_0_20170110215620675.jpg.chip.jpg,7,Male,White
28_0_1_20170117020012900.jpg.chip.jpg,28,Male,Black
25_1_4_20170117150546627.jpg.chip.jpg,25,Female,Others
50_0_0_20170111203719759.jpg.chip.jpg,50,Male,White
17_0_4_20170103212532692.jpg.chip.jpg,17,Male,Others
53_0_0_20170120223131515.jpg.chip.jpg,53,Male,White
8_1_4_20170104010936352.jpg.chip.jpg,8,Female,Others
33_1_0_20170103182622241.jpg.chip.jpg,33,Female,White
26_1_0_20170105183935352.jpg.chip.jpg,26,Female,White
28_1_1_20170117020401850.jpg.chip.jpg,28,Female,Black
55_1_0_20170113001632108.jpg.chip.jpg,55,Female,White
37_0_0_20170116204835653.jpg.chip.jpg,37,Male,White
76_1_0_20170110181320253.jpg.chip.jpg,76,Female,White
26_1_0_20170117091452417.jpg.chip.jpg,26,Female,White
31_0_3_20170104220255896.jpg.chip.jpg,31,Male,Indian
53_0_0_20170113190631147.jpg.chip.jpg,53,Male,White
6_1_0_20170117201301199.jpg.chip.jpg,6,Female,White
67_0_0_20170117204838537.jpg.chip.jpg,67,Male,White
45_0_1_20170111195732003.jpg.chip.jpg,45,Male,Black
58_0_3_20170119211542128.jpg.chip.jpg,58,Male,Indian
9_0_2_20170110224822473.jpg.chip.jpg,9,Male,Asian
55_0_0_20170117185028745.jpg.chip.jpg,55,Male,White
24_1_2_20170116173353160.jpg.chip.jpg,24,Female,Asian
1_1_2_20161219162843079.jpg.chip.jpg,1,Female,Asian
40_0_0_20170120221014042.jpg.chip.jpg,40,Male,White
24_0_2_20170104234829387.jpg.chip.jpg,24,Male,Asian
28_0_0_20170104022908893.jpg.chip.jpg,28,Male,White
39_0_1_20170113135726002.jpg.chip.jpg,39,Male,Black
46_0_1_20170116011011516.jpg.chip.jpg,46,Male,Black
9_0_1_20170110225103801.jpg.chip.jpg,9,Male,Black
32_0_1_20170113142304517.jpg.chip.jpg,32,Male,Black
36_0_1_20170117163255045.jpg.chip.jpg,36,Male,Black
21_0_0_20170117193719188.jpg.chip.jpg,21,Male,White
35_0_4_20170117142259383.jpg.chip.jpg,35,Male,Others
42_0_0_20170112220250648.jpg.chip.jpg,42,Male,White
56_1_1_20170116002049709.jpg.chip.jpg,56,Female,Black
1_1_2_20161219221243095.jpg.chip.jpg,1,Female,Asian
21_0_4_20170103223143358.jpg.chip.jpg,21,Male,Others
8_1_2_20161219190656899.jpg.chip.jpg,8,Female,Asian
35_1_0_20170103182736051.jpg.chip.jpg,35,Female,White
60_1_0_20170110122932443.jpg.chip.jpg,60,Female,White
31_1_1_20170114031659379.jpg.chip.jpg,31,Female,Black
26_1_3_20170119180605476.jpg.chip.jpg,26,Female,Indian
9_0_0_20170110220149298.jpg.chip.jpg,9,Male,White
60_1_0_20170117092229305.jpg.chip.jpg,60,Female,White
26_0_0_20170113210319768.jpg.chip.jpg,26,Male,White
26_0_0_20170119175520123.jpg.chip.jpg,26,Male,White
29_1_0_20170103163418225.jpg.chip.jpg,29,Female,White
23_1_2_20170116173101069.jpg.chip.jpg,23,Female,Asian
34_0_0_20170104173030290.jpg.chip.jpg,34,Male,White
23_1_0_20170116221811842.jpg.chip.jpg,23,Female,White
25_1_3_20170117164722928.jpg.chip.jpg,25,Female,Indian
50_0_3_20170119204844983.jpg.chip.jpg,50,Male,Indian
11_1_0_20170109204523092.jpg.chip.jpg,11,Female,White
36_0_0_20170117183307375.jpg.chip.jpg,36,Male,White
28_1_1_20170112235203401.jpg.chip.jpg,28,Female,Black
26_1_4_20170117200301221.jpg.chip.jpg,26,Female,Others
30_1_2_20170116164657011.jpg.chip.jpg,30,Female,Asian
51_1_0_20170104205943165.jpg.chip.jpg,51,Female,White
4_0_0_20170110224817102.jpg.chip.jpg,4,Male,White
25_0_3_20170117135144679.jpg.chip.jpg,25,Male,Indian
65_1_0_20170120225024135.jpg.chip.jpg,65,Female,White
64_0_0_20170104183732293.jpg.chip.jpg,64,Male,White
52_0_0_20170104211725300.jpg.chip.jpg,52,Male,White
3_1_2_20161219162739430.jpg.chip.jpg,3,Female,Asian
35_1_0_20170117121850341.jpg.chip.jpg,35,Female,White
58_0_2_20170116193608936.jpg.chip.jpg,58,Male,Asian
58_0_0_20170104213007932.jpg.chip.jpg,58,Male,White
53_0_0_20170109012753174.jpg.chip.jpg,53,Male,White
25_0_1_20170113151350864.jpg.chip.jpg,25,Male,Black
24_1_1_20170112192919494.jpg.chip.jpg,24,Female,Black
10_0_0_20170110224223937.jpg.chip.jpg,10,Male,White
32_0_2_20170116163452816.jpg.chip.jpg,32,Male,Asian
50_0_0_20170104211706898.jpg.chip.jpg,50,Male,White
38_1_4_20170104183653741.jpg.chip.jpg,38,Female,Others
2_1_2_20161219190847130.jpg.chip.jpg,2,Female,Asian
38_1_1_20170116225245726.jpg.chip.jpg,38,Female,Black
1_1_1_20170109194611993.jpg.chip.jpg,1,Female,Black
40_1_2_20170116161954400.jpg.chip.jpg,40,Female,Asian
45_0_2_20170109013208873.jpg.chip.jpg,45,Male,Asian
1_0_2_20161219211828974.jpg.chip.jpg,1,Male,Asian
50_0_0_20170113185024040.jpg.chip.jpg,50,Male,White
20_1_0_20170103175636647.jpg.chip.jpg,20,Female,White
26_0_2_20170116180203819.jpg.chip.jpg,26,Male,Asian
7_1_4_20161221193125000.jpg.chip.jpg,7,Female,Others
37_0_0_20170117140324990.jpg.chip.jpg,37,Male,White
50_0_0_20170116235445244.jpg.chip.jpg,50,Male,White
24_0_0_20170116215611282.jpg.chip.jpg,24,Male,White
22_1_3_20161220222350986.jpg.chip.jpg,22,Female,Indian
10_0_1_20170110220523360.jpg.chip.jpg,10,Male,Black
42_1_2_20170116184651548.jpg.chip.jpg,42,Female,Asian
25_1_0_20170117151341916.jpg.chip.jpg,25,Female,White
26_1_3_20170104232518026.jpg.chip.jpg,26,Female,Indian
53_0_0_20170120223125364.jpg.chip.jpg,53,Male,White
1_1_0_20170109190535640.jpg.chip.jpg,1,Female,White
21_0_0_20170116215442146.jpg.chip.jpg,21,Male,White
26_1_1_20170113000644330.jpg.chip.jpg,26,Female,Black
50_0_0_20170117154301923.jpg.chip.jpg,50,Male,White
36_1_3_20170117183408380.jpg.chip.jpg,36,Female,Indian
22_0_1_20170113133604687.jpg.chip.jpg,22,Male,Black
1_1_2_20161219202945116.jpg.chip.jpg,1,Female,Asian
60_0_0_20170117153710684.jpg.chip.jpg,60,Male,White
42_1_0_20170109004749442.jpg.chip.jpg,42,Female,White
45_0_0_20170117183156790.jpg.chip.jpg,45,Male,White
50_0_3_20170119153117800.jpg.chip.jpg,50,Male,Indian
1_1_2_20161219195923075.jpg.chip.jpg,1,Female,Asian
37_0_1_20170117134417970.jpg.chip.jpg,37,Male,Black
30_0_1_20170117130035831.jpg.chip.jpg,30,Male,Black
40_0_3_20170119211711001.jpg.chip.jpg,40,Male,Indian
5_0_1_20161219153846453.jpg.chip.jpg,5,Male,Black
26_0_0_20170117173239213.jpg.chip.jpg,26,Male,White
58_0_2_20170116193610463.jpg.chip.jpg,58,Male,Asian
16_1_4_20170103201021199.jpg.chip.jpg,16,Female,Others
20_0_1_20170120134900190.jpg.chip.jpg,20,Male,Black
42_1_0_20170111182452884.jpg.chip.jpg,42,Female,White
43_1_0_20170103183352530.jpg.chip.jpg,43,Female,White
28_0_1_20170117202354238.jpg.chip.jpg,28,Male,Black
17_1_1_20170116234754901.jpg.chip.jpg,17,Female,Black
20_1_3_20170119153311735.jpg.chip.jpg,20,Female,Indian
27_1_0_20170116201204900.jpg.chip.jpg,27,Female,White
62_0_0_20170111205902585.jpg.chip.jpg,62,Male,White
44_1_4_20170104170219257.jpg.chip.jpg,44,Female,Others
26_1_0_20170117091834220.jpg.chip.jpg,26,Female,White
55_0_0_20170117143101440.jpg.chip.jpg,55,Male,White
61_1_0_20170110160643735.jpg.chip.jpg,61,Female,White
38_1_1_20170112233741014.jpg.chip.jpg,38,Female,Black
68_0_1_20170113152656361.jpg.chip.jpg,68,Male,Black
39_1_1_20170112214959310.jpg.chip.jpg,39,Female,Black
32_0_4_20170104181254053.jpg.chip.jpg,32,Male,Others
46_1_1_20170116161237892.jpg.chip.jpg,46,Female,Black
10_1_0_20170109203608654.jpg.chip.jpg,10,Female,White
29_0_0_20170117180900108.jpg.chip.jpg,29,Male,White
1_1_2_20161219200451724.jpg.chip.jpg,1,Female,Asian
59_0_2_20170109012736672.jpg.chip.jpg,59,Male,Asian
36_0_4_20170117203436206.jpg.chip.jpg,36,Male,Others
50_0_3_20170119205247101.jpg.chip.jpg,50,Male,Indian
26_1_3_20170109133424931.jpg.chip.jpg,26,Female,Indian
36_0_2_20170104200528385.jpg.chip.jpg,36,Male,Asian
22_1_2_20170116172741591.jpg.chip.jpg,22,Female,Asian
53_0_3_20170119205830000.jpg.chip.jpg,53,Male,Indian
27_0_2_20170119193332498.jpg.chip.jpg,27,Male,Asian
50_0_0_20170111181750459.jpg.chip.jpg,50,Male,White
15_0_0_20170117134820249.jpg.chip.jpg,15,Male,White
73_0_0_20170120230233019.jpg.chip.jpg,73,Male,White
41_0_0_20170117133145780.jpg.chip.jpg,41,Male,White
3_1_3_20161219225423312.jpg.chip.jpg,3,Female,Indian
55_0_1_20170117201404086.jpg.chip.jpg,55,Male,Black
35_1_2_20170112191512046.jpg.chip.jpg,35,Female,Asian
25_1_4_20161223214751864.jpg.chip.jpg,25,Female,Others
76_1_3_20170109150736001.jpg.chip.jpg,76,Female,Indian
1_0_3_20161219225252688.jpg.chip.jpg,1,Male,Indian
3_1_0_20170109194150845.jpg.chip.jpg,3,Female,White
27_1_0_20170103182159657.jpg.chip.jpg,27,Female,White
34_0_1_20170113151922160.jpg.chip.jpg,34,Male,Black
27_0_1_20170113182853263.jpg.chip.jpg,27,Male,Black
8_1_0_20170109203617429.jpg.chip.jpg,8,Female,White
18_0_0_20170117140723690.jpg.chip.jpg,18,Male,White
27_0_3_20170119194354476.jpg.chip.jpg,27,Male,Indian
32_0_2_20170116191411640.jpg.chip.jpg,32,Male,Asian
34_1_0_20170109004742195.jpg.chip.jpg,34,Female,White
53_0_0_20170117190917315.jpg.chip.jpg,53,Male,White
21_1_0_20170117142341545.jpg.chip.jpg,21,Female,White
28_1_2_20170116164741320.jpg.chip.jpg,28,Female,Asian
36_0_1_20170117175139438.jpg.chip.jpg,36,Male,Black
4_1_0_20170109193124855.jpg.chip.jpg,4,Female,White
14_0_0_20170110225725643.jpg.chip.jpg,14,Male,White
24_0_0_20170113210126343.jpg.chip.jpg,24,Male,White
42_0_3_20170112205646694.jpg.chip.jpg,42,Male,Indian
29_0_4_20170103235921692.jpg.chip.jpg,29,Male,Others
29_0_2_20170116163447230.jpg.chip.jpg,29,Male,Asian
36_0_1_20170119180151531.jpg.chip.jpg,36,Male,Black
8_1_0_20170109204532695.jpg.chip.jpg,8,Female,White
26_1_2_20170103181524137.jpg.chip.jpg,26,Female,Asian
38_0_0_20170117120851677.jpg.chip.jpg,38,Male,White
1_1_2_20161219222703503.jpg.chip.jpg,1,Female,Asian
22_1_2_20170104231245440.jpg.chip.jpg,22,Female,Asian
63_0_0_20170113210318902.jpg.chip.jpg,63,Male,White
42_0_2_20170104210407684.jpg.chip.jpg,42,Male,Asian
52_0_3_20170117190840617.jpg.chip.jpg,52,Male,Indian
34_0_3_20170119165846359.jpg.chip.jpg,34,Male,Indian
36_0_0_20170116210422517.jpg.chip.jpg,36,Male,White
52_0_0_20170117190844398.jpg.chip.jpg,52,Male,White
26_1_4_20170103225002166.jpg.chip.jpg,26,Female,Others
24_1_2_20170116171657075.jpg.chip.jpg,24,Female,Asian
32_1_1_20170112210630029.jpg.chip.jpg,32,Female,Black
1_1_4_20161221193732358.jpg.chip.jpg,1,Female,Others
16_1_0_20170117193255060.jpg.chip.jpg,16,Female,White
1_0_2_20161219204845029.jpg.chip.jpg,1,Male,Asian
45_0_4_20170104200726522.jpg.chip.jpg,45,Male,Others
28_0_2_20170116170649686.jpg.chip.jpg,28,Male,Asian
13_0_0_20170104011725761.jpg.chip.jpg,13,Male,White
33_1_1_20170116233604958.jpg.chip.jpg,33,Female,Black
26_1_2_20170117141036153.jpg.chip.jpg,26,Female,Asian
80_1_0_20170110154556609.jpg.chip.jpg,80,Female,White
27_1_2_20170116163755263.jpg.chip.jpg,27,Female,Asian
37_0_3_20170119202313708.jpg.chip.jpg,37,Male,Indian
24_1_3_20170119171037624.jpg.chip.jpg,24,Female,Indian
29_1_1_20170112214954671.jpg.chip.jpg,29,Female,Black
22_1_0_20170116220936851.jpg.chip.jpg,22,Female,White
1_1_2_20161219141709601.jpg.chip.jpg,1,Female,Asian
28_1_0_20170116220923600.jpg.chip.jpg,28,Female,White
65_1_0_20170110141251497.jpg.chip.jpg,65,Female,White
20_1_1_20170112231413086.jpg.chip.jpg,20,Female,Black
23_0_1_20170114033518919.jpg.chip.jpg,23,Male,Black
54_1_0_20170117171658965.jpg.chip.jpg,54,Female,White
12_0_4_20170103201607807.jpg.chip.jpg,12,Male,Others
57_1_0_20170120133336768.jpg.chip.jpg,57,Female,White
25_1_1_20170112205114916.jpg.chip.jpg,25,Female,Black
21_0_1_20170116215535068.jpg.chip.jpg,21,Male,Black
35_0_2_20170116191853753.jpg.chip.jpg,35,Male,Asian
11_1_0_20170109204833458.jpg.chip.jpg,11,Female,White
45_0_0_20170117182811973.jpg.chip.jpg,45,Male,White
75_0_0_20170111210708463.jpg.chip.jpg,75,Male,White
34_0_0_20170117120553243.jpg.chip.jpg,34,Male,White
26_0_0_20170116205259187.jpg.chip.jpg,26,Male,White
54_0_0_20170111205229923.jpg.chip.jpg,54,Male,White
40_1_0_20170116222110661.jpg.chip.jpg,40,Female,White
26_0_2_20170119184054406.jpg.chip.jpg,26,Male,Asian
46_0_3_20170112205640068.jpg.chip.jpg,46,Male,Indian
24_0_3_20170119164713030.jpg.chip.jpg,24,Male,Indian
1_0_4_20161221201411850.jpg.chip.jpg,1,Male,Others
30_1_2_20170117091935370.jpg.chip.jpg,30,Female,Asian
50_1_0_20170111182452949.jpg.chip.jpg,50,Female,White
23_1_0_20170117144740562.jpg.chip.jpg,23,Female,White
49_0_0_20170104212545028.jpg.chip.jpg,49,Male,White
26_0_1_20170117003249556.jpg.chip.jpg,26,Male,Black
28_1_0_20170117122005148.jpg.chip.jpg,28,Female,White
27_0_1_20170117120450912.jpg.chip.jpg,27,Male,Black
2_1_4_20161221202842353.jpg.chip.jpg,2,Female,Others
67_0_0_20170104213103526.jpg.chip.jpg,67,Male,White
25_1_3_20170117151139179.jpg.chip.jpg,25,Female,Indian
36_0_2_20170116191934567.jpg.chip.jpg,36,Male,Asian
34_0_0_20170117134906182.jpg.chip.jpg,34,Male,White
38_0_0_20170109013142560.jpg.chip.jpg,38,Male,White
62_0_0_20170111202357377.jpg.chip.jpg,62,Male,White
26_0_3_20170119155839538.jpg.chip.jpg,26,Male,Indian
28_1_0_20170103183935666.jpg.chip.jpg,28,Female,White
16_0_0_20170120133327900.jpg.chip.jpg,16,Male,White
30_1_3_20170104223318647.jpg.chip.jpg,30,Female,Indian
55_0_0_20170117190544306.jpg.chip.jpg,55,Male,White
29_1_1_20170116003347103.jpg.chip.jpg,29,Female,Black
9_0_2_20170110215518068.jpg.chip.jpg,9,Male,Asian
26_1_0_20170117201947511.jpg.chip.jpg,26,Female,White
25_1_3_20170119172137400.jpg.chip.jpg,25,Female,Indian
3_0_2_20161219141725457.jpg.chip.jpg,3,Male,Asian
59_0_0_20170104212718142.jpg.chip.jpg,59,Male,White
7_1_0_20170109205100937.jpg.chip.jpg,7,Female,White
2_0_4_20161221201843169.jpg.chip.jpg,2,Male,Others
15_0_0_20170105183254311.jpg.chip.jpg,15,Male,White
67_0_0_20170120223724366.jpg.chip.jpg,67,Male,White
26_0_2_20170116181226462.jpg.chip.jpg,26,Male,Asian
35_0_0_20170117135440070.jpg.chip.jpg,35,Male,White
25_0_4_20170103230228713.jpg.chip.jpg,25,Male,Others
5_1_0_20170109194001467.jpg.chip.jpg,5,Female,White
17_0_1_20170117103419741.jpg.chip.jpg,17,Male,Black
2_0_4_20170103212058572.jpg.chip.jpg,2,Male,Others
32_1_4_20170104011318584.jpg.chip.jpg,32,Female,Others
32_1_0_20170117182456548.jpg.chip.jpg,32,Female,White
59_0_1_20170113152816239.jpg.chip.jpg,59,Male,Black
26_1_1_20170116232156210.jpg.chip.jpg,26,Female,Black
1_1_0_20170109192159501.jpg.chip.jpg,1,Female,White
25_0_3_20170119153018897.jpg.chip.jpg,25,Male,Indian
35_0_0_20170117191910468.jpg.chip.jpg,35,Male,White
52_0_2_20170104184356222.jpg.chip.jpg,52,Male,Asian
25_1_2_20161219194415803.jpg.chip.jpg,25,Female,Asian
27_1_1_20170117010320714.jpg.chip.jpg,27,Female,Black
1_0_0_20161219192524675.jpg.chip.jpg,1,Male,White
26_1_0_20170117174641318.jpg.chip.jpg,26,Female,White
36_1_0_20170104172916913.jpg.chip.jpg,36,Female,White
37_1_3_20170119202307060.jpg.chip.jpg,37,Female,Indian
42_0_0_20170104184018702.jpg.chip.jpg,42,Male,White
24_0_1_20170113134105544.jpg.chip.jpg,24,Male,Black
70_1_0_20170110131649566.jpg.chip.jpg,70,Female,White
31_1_4_20170104165850314.jpg.chip.jpg,31,Female,Others
27_1_2_20161219212633638.jpg.chip.jpg,27,Female,Asian
15_0_1_20170120134502877.jpg.chip.jpg,15,Male,Black
22_1_3_20170104222126558.jpg.chip.jpg,22,Female,Indian
29_1_1_20170116000522670.jpg.chip.jpg,29,Female,Black
5_0_3_20161220220030442.jpg.chip.jpg,5,Male,Indian
63_1_0_20170117204830488.jpg.chip.jpg,63,Female,White
30_0_0_20170105164847516.jpg.chip.jpg,30,Male,White
16_0_0_20170110232611516.jpg.chip.jpg,16,Male,White
26_0_1_20170116204954485.jpg.chip.jpg,26,Male,Black
35_0_1_20170113152731945.jpg.chip.jpg,35,Male,Black
19_1_2_20170104005053831.jpg.chip.jpg,19,Female,Asian
35_1_1_20170117183053534.jpg.chip.jpg,35,Female,Black
23_1_2_20170116163648817.jpg.chip.jpg,23,Female,Asian
32_0_1_20170116185236084.jpg.chip.jpg,32,Male,Black
38_0_0_20170116210112194.jpg.chip.jpg,38,Male,White
16_1_1_20170109214212884.jpg.chip.jpg,16,Female,Black
32_0_1_20170113133956457.jpg.chip.jpg,32,Male,Black
71_0_0_20170104185305424.jpg.chip.jpg,71,Male,White
21_1_0_20170105002525812.jpg.chip.jpg,21,Female,White
75_0_1_20170111205805911.jpg.chip.jpg,75,Male,Black
15_1_0_20170109213511851.jpg.chip.jpg,15,Female,White
26_1_2_20170116184626759.jpg.chip.jpg,26,Female,Asian
65_1_0_20170110181102968.jpg.chip.jpg,65,Female,White
17_1_1_20170112234115471.jpg.chip.jpg,17,Female,Black
65_0_1_20170117191610001.jpg.chip.jpg,65,Male,Black
56_1_0_20170110173815028.jpg.chip.jpg,56,Female,White
25_1_1_20170116223020576.jpg.chip.jpg,25,Female,Black
24_0_1_20170116003017226.jpg.chip.jpg,24,Male,Black
26_0_3_20170119180342860.jpg.chip.jpg,26,Male,Indian
21_1_3_20170117142617306.jpg.chip.jpg,21,Female,Indian
26_0_4_20170117153355923.jpg.chip.jpg,26,Male,Others
10_0_1_20170110223848885.jpg.chip.jpg,10,Male,Black
50_1_0_20170109012542626.jpg.chip.jpg,50,Female,White
26_0_0_20170117171705044.jpg.chip.jpg,26,Male,White
50_0_3_20170119205538583.jpg.chip.jpg,50,Male,Indian
58_0_1_20170117160528648.jpg.chip.jpg,58,Male,Black
40_1_2_20170116191703413.jpg.chip.jpg,40,Female,Asian
24_0_0_20170104230201657.jpg.chip.jpg,24,Male,White
3_1_2_20161219162002349.jpg.chip.jpg,3,Female,Asian
2_1_3_20161220145350335.jpg.chip.jpg,2,Female,Indian
18_0_0_20170117135529944.jpg.chip.jpg,18,Male,White
56_1_0_20170110122646077.jpg.chip.jpg,56,Female,White
1_0_0_20161219205141196.jpg.chip.jpg,1,Male,White
21_1_2_20170116175142157.jpg.chip.jpg,21,Female,Asian
18_1_0_20170117140340105.jpg.chip.jpg,18,Female,White
22_0_3_20170117143013435.jpg.chip.jpg,22,Male,Indian
19_0_0_20170113132641873.jpg.chip.jpg,19,Male,White
47_0_4_20170116030339319.jpg.chip.jpg,47,Male,Others
34_1_2_20170104172537171.jpg.chip.jpg,34,Female,Asian
10_0_0_20170110224238891.jpg.chip.jpg,10,Male,White
49_1_0_20170109142131660.jpg.chip.jpg,49,Female,White
35_0_2_20170119193316562.jpg.chip.jpg,35,Male,Asian
52_0_1_20170113141833692.jpg.chip.jpg,52,Male,Black
29_0_1_20170117104536614.jpg.chip.jpg,29,Male,Black
55_1_3_20170119180712508.jpg.chip.jpg,55,Female,Indian
45_0_0_20170113182911812.jpg.chip.jpg,45,Male,White
53_1_4_20170117204257206.jpg.chip.jpg,53,Female,Others
73_1_0_20170110131519640.jpg.chip.jpg,73,Female,White
30_0_1_20170117194500557.jpg.chip.jpg,30,Male,Black
76_1_0_20170110131747399.jpg.chip.jpg,76,Female,White
25_0_3_20170119150353974.jpg.chip.jpg,25,Male,Indian
25_1_2_20170116170355441.jpg.chip.jpg,25,Female,Asian
26_0_1_20170116192814189.jpg.chip.jpg,26,Male,Black
4_0_0_20170110213307248.jpg.chip.jpg,4,Male,White
55_0_3_20170119181425916.jpg.chip.jpg,55,Male,Indian
35_0_3_20170119171712116.jpg.chip.jpg,35,Male,Indian
30_1_2_20170104020408339.jpg.chip.jpg,30,Female,Asian
26_1_1_20170116224202361.jpg.chip.jpg,26,Female,Black
30_1_0_20170117154634082.jpg.chip.jpg,30,Female,White
50_1_0_20170103183831466.jpg.chip.jpg,50,Female,White
3_1_0_20170109190706519.jpg.chip.jpg,3,Female,White
25_1_1_20170117164610754.jpg.chip.jpg,25,Female,Black
8_1_0_20170109205020218.jpg.chip.jpg,8,Female,White
53_0_0_20170109012751966.jpg.chip.jpg,53,Male,White
1_0_2_20161219161625326.jpg.chip.jpg,1,Male,Asian
73_0_0_20170104213657221.jpg.chip.jpg,73,Male,White
26_1_0_20170116184651548.jpg.chip.jpg,26,Female,White
36_0_3_20170119202053413.jpg.chip.jpg,36,Male,Indian
40_1_0_20170104183430557.jpg.chip.jpg,40,Female,White
60_1_1_20170113185112295.jpg.chip.jpg,60,Female,Black
23_1_0_20170117145123986.jpg.chip.jpg,23,Female,White
52_0_0_20170104212319100.jpg.chip.jpg,52,Male,White
43_1_3_20170119204557143.jpg.chip.jpg,43,Female,Indian
33_1_0_20170103175603141.jpg.chip.jpg,33,Female,White
54_0_3_20170119211333849.jpg.chip.jpg,54,Male,Indian
26_1_1_20170112235952009.jpg.chip.jpg,26,Female,Black
26_0_1_20170105183906447.jpg.chip.jpg,26,Male,Black
68_0_0_20170117172938504.jpg.chip.jpg,68,Male,White
25_1_3_20170104231357826.jpg.chip.jpg,25,Female,Indian
25_1_2_20170116165500425.jpg.chip.jpg,25,Female,Asian
21_1_4_20170103223234959.jpg.chip.jpg,21,Female,Others
60_1_3_20170119171437890.jpg.chip.jpg,60,Female,Indian
2_1_2_20161219212055926.jpg.chip.jpg,2,Female,Asian
40_0_1_20170117194506722.jpg.chip.jpg,40,Male,Black
30_0_1_20170117094442927.jpg.chip.jpg,30,Male,Black
35_0_3_20170117182830027.jpg.chip.jpg,35,Male,Indian
23_1_2_20170116173145383.jpg.chip.jpg,23,Female,Asian
26_1_1_20170116160930991.jpg.chip.jpg,26,Female,Black
60_1_0_20170110143505801.jpg.chip.jpg,60,Female,White
32_0_1_20170113152015975.jpg.chip.jpg,32,Male,Black
44_1_0_20170111182452900.jpg.chip.jpg,44,Female,White
18_0_4_20170103205858722.jpg.chip.jpg,18,Male,Others
43_0_3_20170119202340885.jpg.chip.jpg,43,Male,Indian
53_0_3_20170119205832000.jpg.chip.jpg,53,Male,Indian
50_0_1_20170113134715664.jpg.chip.jpg,50,Male,Black
30_1_3_20170117132645658.jpg.chip.jpg,30,Female,Indian
40_0_1_20170113135553050.jpg.chip.jpg,40,Male,Black
5_1_4_20161223230106795.jpg.chip.jpg,5,Female,Others
24_1_2_20170116170556211.jpg.chip.jpg,24,Female,Asian
35_0_0_20170117182852603.jpg.chip.jpg,35,Male,White
44_0_1_20170113142045653.jpg.chip.jpg,44,Male,Black
30_1_3_20170104232156258.jpg.chip.jpg,30,Female,Indian
30_0_0_20170117143359866.jpg.chip.jpg,30,Male,White
54_0_3_20170119210006573.jpg.chip.jpg,54,Male,Indian
35_0_0_20170117120442763.jpg.chip.jpg,35,Male,White
47_0_3_20170119205156254.jpg.chip.jpg,47,Male,Indian
24_1_2_20170116171607480.jpg.chip.jpg,24,Female,Asian
32_0_2_20170104022020333.jpg.chip.jpg,32,Male,Asian
56_0_1_20170111211502304.jpg.chip.jpg,56,Male,Black
29_1_0_20170103183239274.jpg.chip.jpg,29,Female,White
58_0_0_20170111171747508.jpg.chip.jpg,58,Male,White
41_0_4_20170104205417148.jpg.chip.jpg,41,Male,Others
30_0_3_20170117143052785.jpg.chip.jpg,30,Male,Indian
62_0_0_20170111204633236.jpg.chip.jpg,62,Male,White
28_1_4_20170103235557846.jpg.chip.jpg,28,Female,Others
42_1_1_20170113135411027.jpg.chip.jpg,42,Female,Black
34_0_4_20170105161411273.jpg.chip.jpg,34,Male,Others
22_0_1_20170114032251671.jpg.chip.jpg,22,Male,Black
26_0_0_20170117152350379.jpg.chip.jpg,26,Male,White
30_0_0_20170117000338422.jpg.chip.jpg,30,Male,White
6_1_0_20170109204822889.jpg.chip.jpg,6,Female,White
34_1_3_20170104235039092.jpg.chip.jpg,34,Female,Indian
51_1_2_20170104212216588.jpg.chip.jpg,51,Female,Asian
26_1_1_20170112235543761.jpg.chip.jpg,26,Female,Black
26_0_3_20170104230301625.jpg.chip.jpg,26,Male,Indian
11_0_0_20170103200509559.jpg.chip.jpg,11,Male,White
17_1_3_20170104221840229.jpg.chip.jpg,17,Female,Indian
1_1_3_20161219230734016.jpg.chip.jpg,1,Female,Indian
2_0_4_20170103202456584.jpg.chip.jpg,2,Male,Others
30_0_1_20170117130008683.jpg.chip.jpg,30,Male,Black
26_1_0_20170117200909070.jpg.chip.jpg,26,Female,White
54_0_0_20170111195752794.jpg.chip.jpg,54,Male,White
24_1_2_20170116174400891.jpg.chip.jpg,24,Female,Asian
56_1_0_20170109141855995.jpg.chip.jpg,56,Female,White
29_0_0_20170116192401102.jpg.chip.jpg,29,Male,White
1_0_0_20170110212907649.jpg.chip.jpg,1,Male,White
35_0_1_20170116003600500.jpg.chip.jpg,35,Male,Black
38_0_0_20170117184513097.jpg.chip.jpg,38,Male,White
32_1_1_20170116003223296.jpg.chip.jpg,32,Female,Black
40_0_3_20170104201852330.jpg.chip.jpg,40,Male,Indian
29_1_0_20170117174858696.jpg.chip.jpg,29,Female,White
57_0_0_20170104212837910.jpg.chip.jpg,57,Male,White
12_0_4_20170103200555927.jpg.chip.jpg,12,Male,Others
58_0_3_20170119211734608.jpg.chip.jpg,58,Male,Indian
32_0_2_20170116163341710.jpg.chip.jpg,32,Male,Asian
21_0_4_20161223214836609.jpg.chip.jpg,21,Male,Others
32_1_1_20170112220247289.jpg.chip.jpg,32,Female,Black
36_1_0_20170105164513676.jpg.chip.jpg,36,Female,White
1_1_0_20170109193408973.jpg.chip.jpg,1,Female,White
30_0_0_20170117172644485.jpg.chip.jpg,30,Male,White
54_0_0_20170104212538380.jpg.chip.jpg,54,Male,White
65_1_0_20170120224801168.jpg.chip.jpg,65,Female,White
39_0_1_20170113190332490.jpg.chip.jpg,39,Male,Black
25_0_4_20170117193022316.jpg.chip.jpg,25,Male,Others
52_1_4_20170104185604990.jpg.chip.jpg,52,Female,Others
4_0_2_20161219141410544.jpg.chip.jpg,4,Male,Asian
60_1_0_20170110152834081.jpg.chip.jpg,60,Female,White
3_1_2_20161219211602774.jpg.chip.jpg,3,Female,Asian
42_0_0_20170119204245311.jpg.chip.jpg,42,Male,White
20_1_0_20170117141400913.jpg.chip.jpg,20,Female,White
54_1_1_20170112210508783.jpg.chip.jpg,54,Female,Black
22_1_1_20170112230554655.jpg.chip.jpg,22,Female,Black
80_0_0_20170117175522915.jpg.chip.jpg,80,Male,White
32_0_3_20170119164310053.jpg.chip.jpg,32,Male,Indian
80_0_2_20170112205254236.jpg.chip.jpg,80,Male,Asian
35_0_2_20170104191726270.jpg.chip.jpg,35,Male,Asian
65_0_0_20170120225159632.jpg.chip.jpg,65,Male,White
47_0_0_20170104211830788.jpg.chip.jpg,47,Male,White
25_1_3_20170119171913200.jpg.chip.jpg,25,Female,Indian
1_0_0_20170109192819417.jpg.chip.jpg,1,Male,White
38_0_1_20170113142213931.jpg.chip.jpg,38,Male,Black
29_1_1_20170117183625423.jpg.chip.jpg,29,Female,Black
37_0_3_20170119202304167.jpg.chip.jpg,37,Male,Indian
46_1_0_20170109004644302.jpg.chip.jpg,46,Female,White
18_0_0_20170110231524976.jpg.chip.jpg,18,Male,White
40_0_2_20170116173559756.jpg.chip.jpg,40,Male,Asian
27_0_0_20170117175813577.jpg.chip.jpg,27,Male,White
26_0_1_20170113152913048.jpg.chip.jpg,26,Male,Black
35_1_0_20170117152140763.jpg.chip.jpg,35,Female,White
21_1_1_20170112231637574.jpg.chip.jpg,21,Female,Black
4_1_2_20161219140718600.jpg.chip.jpg,4,Female,Asian
24_1_2_20170116165506261.jpg.chip.jpg,24,Female,Asian
19_0_3_20170104225836561.jpg.chip.jpg,19,Male,Indian
30_1_1_20170113012621729.jpg.chip.jpg,30,Female,Black
30_1_0_20170117150430298.jpg.chip.jpg,30,Female,White
1_1_2_20161219204304845.jpg.chip.jpg,1,Female,Asian
34_1_0_20170120221017644.jpg.chip.jpg,34,Female,White
36_0_0_20170117163541966.jpg.chip.jpg,36,Male,White
24_1_2_20170116173421517.jpg.chip.jpg,24,Female,Asian
30_0_2_20170116173633448.jpg.chip.jpg,30,Male,Asian
37_1_0_20170109003001568.jpg.chip.jpg,37,Female,White
28_1_2_20170116162955090.jpg.chip.jpg,28,Female,Asian
26_1_3_20170104232333226.jpg.chip.jpg,26,Female,Indian
45_0_0_20170117172543924.jpg.chip.jpg,45,Male,White
56_1_0_20170110141043329.jpg.chip.jpg,56,Female,White
37_0_3_20170105175547134.jpg.chip.jpg,37,Male,Indian
49_1_0_20170105173102837.jpg.chip.jpg,49,Female,White
17_0_1_20170113132545264.jpg.chip.jpg,17,Male,Black
25_1_2_20170117022422149.jpg.chip.jpg,25,Female,Asian
36_0_3_20170104232859970.jpg.chip.jpg,36,Male,Indian
45_1_3_20170119193000096.jpg.chip.jpg,45,Female,Indian
26_0_2_20170116183023692.jpg.chip.jpg,26,Male,Asian
70_0_0_20170104185838254.jpg.chip.jpg,70,Male,White
13_0_0_20170110224531616.jpg.chip.jpg,13,Male,White
32_1_1_20170103162943271.jpg.chip.jpg,32,Female,Black
60_0_0_20170120223409123.jpg.chip.jpg,60,Male,White
67_1_3_20170109150650035.jpg.chip.jpg,67,Female,Indian
80_0_0_20170117172950136.jpg.chip.jpg,80,Male,White
6_1_0_20170109204539812.jpg.chip.jpg,6,Female,White
26_0_0_20170116224830372.jpg.chip.jpg,26,Male,White
28_0_1_20170116002343175.jpg.chip.jpg,28,Male,Black
27_1_2_20170104020913116.jpg.chip.jpg,27,Female,Asian
54_0_3_20170119210208992.jpg.chip.jpg,54,Male,Indian
26_1_1_20170112211311571.jpg.chip.jpg,26,Female,Black
28_0_1_20170113154856394.jpg.chip.jpg,28,Male,Black
35_1_0_20170117182534670.jpg.chip.jpg,35,Female,White
28_0_0_20170104202019890.jpg.chip.jpg,28,Male,White
2_1_2_20161219155546973.jpg.chip.jpg,2,Female,Asian
26_0_1_20170117195155997.jpg.chip.jpg,26,Male,Black
28_1_3_20170119164514645.jpg.chip.jpg,28,Female,Indian
26_0_4_20170117154446109.jpg.chip.jpg,26,Male,Others
20_1_0_20170117141223953.jpg.chip.jpg,20,Female,White
31_0_3_20170104214647533.jpg.chip.jpg,31,Male,Indian
27_0_1_20170117010749619.jpg.chip.jpg,27,Male,Black
1_1_3_20161220220708394.jpg.chip.jpg,1,Female,Indian
54_0_2_20170117171429994.jpg.chip.jpg,54,Male,Asian
25_1_0_20170117142737553.jpg.chip.jpg,25,Female,White
70_0_0_20170117172220586.jpg.chip.jpg,70,Male,White
36_0_1_20170113134300507.jpg.chip.jpg,36,Male,Black
27_1_1_20170117013822716.jpg.chip.jpg,27,Female,Black
71_0_2_20170112205728557.jpg.chip.jpg,71,Male,Asian
2_1_2_20170103213340236.jpg.chip.jpg,2,Female,Asian
52_0_0_20170104184400815.jpg.chip.jpg,52,Male,White
26_1_3_20170117153041485.jpg.chip.jpg,26,Female,Indian
51_0_1_20170117190816460.jpg.chip.jpg,51,Male,Black
62_0_3_20170117154850387.jpg.chip.jpg,62,Male,Indian
34_0_2_20170105173641996.jpg.chip.jpg,34,Male,Asian
26_1_2_20170116184155381.jpg.chip.jpg,26,Female,Asian
34_0_1_20170113182409981.jpg.chip.jpg,34,Male,Black
32_1_1_20170113001556123.jpg.chip.jpg,32,Female,Black
61_0_0_20170113185438888.jpg.chip.jpg,61,Male,White
35_0_2_20170116181240160.jpg.chip.jpg,35,Male,Asian
54_0_2_20170116193431300.jpg.chip.jpg,54,Male,Asian
35_0_0_20170120220544849.jpg.chip.jpg,35,Male,White
23_0_1_20170117194105675.jpg.chip.jpg,23,Male,Black
54_0_0_20170117155536389.jpg.chip.jpg,54,Male,White
34_0_0_20170117134914071.jpg.chip.jpg,34,Male,White
73_0_0_20170116221650300.jpg.chip.jpg,73,Male,White
23_1_3_20170119164543837.jpg.chip.jpg,23,Female,Indian
30_1_4_20170103183855083.jpg.chip.jpg,30,Female,Others
61_0_0_20170113210126560.jpg.chip.jpg,61,Male,White
29_0_4_20170103235130284.jpg.chip.jpg,29,Male,Others
36_0_0_20170109003426572.jpg.chip.jpg,36,Male,White
46_0_0_20170117173358796.jpg.chip.jpg,46,Male,White
40_0_0_20170104183456150.jpg.chip.jpg,40,Male,White
61_0_0_20170117192056602.jpg.chip.jpg,61,Male,White
33_0_0_20170113210319548.jpg.chip.jpg,33,Male,White
34_0_1_20170113173642027.jpg.chip.jpg,34,Male,Black
16_0_0_20170110232315216.jpg.chip.jpg,16,Male,White
22_1_0_20170114033329650.jpg.chip.jpg,22,Female,White
24_0_2_20170104020102786.jpg.chip.jpg,24,Male,Asian
53_0_0_20170104184411830.jpg.chip.jpg,53,Male,White
32_1_0_20170112235000656.jpg.chip.jpg,32,Female,White
54_1_3_20170109131821873.jpg.chip.jpg,54,Female,Indian
21_0_0_20170117142009042.jpg.chip.jpg,21,Male,White
15_1_4_20170103201445071.jpg.chip.jpg,15,Female,Others
72_1_0_20170104213629773.jpg.chip.jpg,72,Female,White
30_1_0_20170117143902329.jpg.chip.jpg,30,Female,White
25_1_0_20170116205342932.jpg.chip.jpg,25,Female,White
3_1_2_20161219212116151.jpg.chip.jpg,3,Female,Asian
75_0_1_20170111210049339.jpg.chip.jpg,75,Male,Black
2_0_2_20161219222236983.jpg.chip.jpg,2,Male,Asian
1_1_3_20161220145401126.jpg.chip.jpg,1,Female,Indian
1_1_4_20161221202254377.jpg.chip.jpg,1,Female,Others
1_0_4_20170103202356872.jpg.chip.jpg,1,Male,Others
54_1_0_20170104185045990.jpg.chip.jpg,54,Female,White
26_1_2_20170116161848983.jpg.chip.jpg,26,Female,Asian
40_0_2_20170116192534886.jpg.chip.jpg,40,Male,Asian
21_0_3_20170119154036769.jpg.chip.jpg,21,Male,Indian
9_1_0_20170117180006484.jpg.chip.jpg,9,Female,White
26_1_4_20170117201454965.jpg.chip.jpg,26,Female,Others
32_1_2_20170116182247033.jpg.chip.jpg,32,Female,Asian
54_1_0_20170117191133235.jpg.chip.jpg,54,Female,White
38_0_1_20170116200930390.jpg.chip.jpg,38,Male,Black
1_1_0_20170109191447766.jpg.chip.jpg,1,Female,White
16_1_0_20170109205435776.jpg.chip.jpg,16,Female,White
65_1_3_20170109143047483.jpg.chip.jpg,65,Female,Indian
25_1_2_20170116175126325.jpg.chip.jpg,25,Female,Asian
32_0_0_20170117133749832.jpg.chip.jpg,32,Male,White
1_1_0_20170109194131667.jpg.chip.jpg,1,Female,White
45_0_1_20170116022112213.jpg.chip.jpg,45,Male,Black
60_0_2_20170116235410721.jpg.chip.jpg,60,Male,Asian
26_1_0_20170117131041963.jpg.chip.jpg,26,Female,White
26_0_1_20170117201415686.jpg.chip.jpg,26,Male,Black
1_0_4_20161221192558436.jpg.chip.jpg,1,Male,Others
53_1_0_20170110144754148.jpg.chip.jpg,53,Female,White
54_0_0_20170117190339460.jpg.chip.jpg,54,Male,White
28_1_2_20170105000553851.jpg.chip.jpg,28,Female,Asian
26_1_2_20170116184636519.jpg.chip.jpg,26,Female,Asian
62_0_0_20170111171747595.jpg.chip.jpg,62,Male,White
53_0_3_20170119205830896.jpg.chip.jpg,53,Male,Indian
46_0_1_20170113152154248.jpg.chip.jpg,46,Male,Black
24_1_4_20170117150622299.jpg.chip.jpg,24,Female,Others
25_1_0_20170117140238688.jpg.chip.jpg,25,Female,White
25_1_2_20170116174852261.jpg.chip.jpg,25,Female,Asian
49_0_3_20170104220818198.jpg.chip.jpg,49,Male,Indian
58_0_1_20170117195329446.jpg.chip.jpg,58,Male,Black
70_1_0_20170120223657854.jpg.chip.jpg,70,Female,White
40_0_2_20170116180919548.jpg.chip.jpg,40,Male,Asian
21_0_0_20170114025137038.jpg.chip.jpg,21,Male,White
24_0_3_20170119165827320.jpg.chip.jpg,24,Male,Indian
27_0_1_20170113155235889.jpg.chip.jpg,27,Male,Black
27_1_3_20170119194359132.jpg.chip.jpg,27,Female,Indian
30_1_1_20170113013050208.jpg.chip.jpg,30,Female,Black
16_1_1_20170112230648917.jpg.chip.jpg,16,Female,Black
26_1_2_20170116184443484.jpg.chip.jpg,26,Female,Asian
1_0_4_20170103210958819.jpg.chip.jpg,1,Male,Others
38_1_1_20170117170520535.jpg.chip.jpg,38,Female,Black
24_0_0_20170111181750330.jpg.chip.jpg,24,Male,White
40_0_3_20170119204114783.jpg.chip.jpg,40,Male,Indian
31_1_1_20170116170019856.jpg.chip.jpg,31,Female,Black
26_1_1_20170116014015136.jpg.chip.jpg,26,Female,Black
49_1_0_20170104184001972.jpg.chip.jpg,49,Female,White
25_1_0_20170105002736333.jpg.chip.jpg,25,Female,White
56_0_0_20170113184725703.jpg.chip.jpg,56,Male,White
49_0_0_20170109003418343.jpg.chip.jpg,49,Male,White
9_0_0_20170110215514548.jpg.chip.jpg,9,Male,White
24_0_4_20170103223928055.jpg.chip.jpg,24,Male,Others
51_0_0_20170117160746568.jpg.chip.jpg,51,Male,White
1_0_2_20161219155349310.jpg.chip.jpg,1,Male,Asian
1_0_4_20161221192555965.jpg.chip.jpg,1,Male,Others
26_0_0_20170104200830216.jpg.chip.jpg,26,Male,White
60_1_1_20170113005740542.jpg.chip.jpg,60,Female,Black
1_1_4_20170103213044557.jpg.chip.jpg,1,Female,Others
26_0_1_20170117091513245.jpg.chip.jpg,26,Male,Black
24_0_3_20170119165927582.jpg.chip.jpg,24,Male,Indian
2_0_4_20161221195159831.jpg.chip.jpg,2,Male,Others
38_1_0_20170104171708706.jpg.chip.jpg,38,Female,White
30_1_4_20170117202935574.jpg.chip.jpg,30,Female,Others
44_0_0_20170105173313757.jpg.chip.jpg,44,Male,White
2_0_2_20161219162359990.jpg.chip.jpg,2,Male,Asian
23_0_0_20170104004006925.jpg.chip.jpg,23,Male,White
68_1_0_20170110125344328.jpg.chip.jpg,68,Female,White
40_1_2_20170109003053046.jpg.chip.jpg,40,Female,Asian
26_0_2_20170116182756349.jpg.chip.jpg,26,Male,Asian
50_0_3_20170119205102983.jpg.chip.jpg,50,Male,Indian
4_1_3_20161220220055698.jpg.chip.jpg,4,Female,Indian
35_0_0_20170117013741999.jpg.chip.jpg,35,Male,White
46_0_2_20170116224908862.jpg.chip.jpg,46,Male,Asian
28_1_1_20170115235613653.jpg.chip.jpg,28,Female,Black
52_0_0_20170104170644217.jpg.chip.jpg,52,Male,White
27_1_3_20170104235412059.jpg.chip.jpg,27,Female,Indian
38_0_3_20170119202607101.jpg.chip.jpg,38,Male,Indian
46_1_1_20170116001421842.jpg.chip.jpg,46,Female,Black
35_0_2_20170116181329511.jpg.chip.jpg,35,Male,Asian
22_1_2_20170116165351984.jpg.chip.jpg,22,Female,Asian
3_0_2_20161219151511755.jpg.chip.jpg,3,Male,Asian
73_1_0_20170110183953439.jpg.chip.jpg,73,Female,White
26_1_0_20170116235853558.jpg.chip.jpg,26,Female,White
26_0_0_20170120134255183.jpg.chip.jpg,26,Male,White
31_1_0_20170103182531906.jpg.chip.jpg,31,Female,White
27_0_3_20170119193238122.jpg.chip.jpg,27,Male,Indian
45_0_1_20170113155252610.jpg.chip.jpg,45,Male,Black
62_0_1_20170113182552751.jpg.chip.jpg,62,Male,Black
1_0_2_20161219161919870.jpg.chip.jpg,1,Male,Asian
12_1_0_20170109204428993.jpg.chip.jpg,12,Female,White
40_0_0_20170117182249476.jpg.chip.jpg,40,Male,White
23_1_2_20170116173131148.jpg.chip.jpg,23,Female,Asian
22_1_0_20170117143705482.jpg.chip.jpg,22,Female,White
4_0_0_20170110213544876.jpg.chip.jpg,4,Male,White
8_0_3_20170104225230063.jpg.chip.jpg,8,Male,Indian
43_1_0_20170117155110305.jpg.chip.jpg,43,Female,White
35_0_0_20170120220510131.jpg.chip.jpg,35,Male,White
28_0_3_20170119194936611.jpg.chip.jpg,28,Male,Indian
76_0_1_20170116205556715.jpg.chip.jpg,76,Male,Black
54_1_1_20170117184308137.jpg.chip.jpg,54,Female,Black
26_0_3_20170119180506660.jpg.chip.jpg,26,Male,Indian
26_0_3_20170119183546909.jpg.chip.jpg,26,Male,Indian
8_1_0_20170109205426790.jpg.chip.jpg,8,Female,White
46_0_0_20170104204638611.jpg.chip.jpg,46,Male,White
24_0_0_20170113142022092.jpg.chip.jpg,24,Male,White
29_0_0_20170117202649479.jpg.chip.jpg,29,Male,White
26_1_0_20170113001701275.jpg.chip.jpg,26,Female,White
34_0_1_20170113173036640.jpg.chip.jpg,34,Male,Black
45_0_1_20170113183341175.jpg.chip.jpg,45,Male,Black
4_0_2_20161219154925917.jpg.chip.jpg,4,Male,Asian
51_1_1_20170113010949270.jpg.chip.jpg,51,Female,Black
53_0_0_20170111202247097.jpg.chip.jpg,53,Male,White
39_0_0_20170104174019973.jpg.chip.jpg,39,Male,White
26_1_4_20170117201852933.jpg.chip.jpg,26,Female,Others
8_1_4_20170103200419199.jpg.chip.jpg,8,Female,Others
26_0_0_20170103235702988.jpg.chip.jpg,26,Male,White
12_1_0_20170109204805155.jpg.chip.jpg,12,Female,White
31_0_3_20170104232701442.jpg.chip.jpg,31,Male,Indian
20_1_4_20161223230110540.jpg.chip.jpg,20,Female,Others
15_0_0_20170110232640357.jpg.chip.jpg,15,Male,White
49_0_0_20170104205331460.jpg.chip.jpg,49,Male,White
25_0_1_20170113133616655.jpg.chip.jpg,25,Male,Black
26_0_0_20170108235818665.jpg.chip.jpg,26,Male,White
26_1_3_20170104222745511.jpg.chip.jpg,26,Female,Indian
1_1_1_20170109191050443.jpg.chip.jpg,1,Female,Black
40_1_0_20170117171639587.jpg.chip.jpg,40,Female,White
57_0_0_20170104212600580.jpg.chip.jpg,57,Male,White
23_1_3_20170104223146287.jpg.chip.jpg,23,Female,Indian
25_1_3_20170119172140785.jpg.chip.jpg,25,Female,Indian
17_1_1_20170103201529736.jpg.chip.jpg,17,Female,Black
23_1_1_20170117194002005.jpg.chip.jpg,23,Female,Black
53_0_0_20170109012725288.jpg.chip.jpg,53,Male,White
24_1_2_20170116174434040.jpg.chip.jpg,24,Female,Asian
1_0_2_20161219162433846.jpg.chip.jpg,1,Male,Asian
26_0_1_20170113133114391.jpg.chip.jpg,26,Male,Black
37_0_3_20170119202425238.jpg.chip.jpg,37,Male,Indian
25_0_3_20170119163012781.jpg.chip.jpg,25,Male,Indian
78_0_2_20170112222045626.jpg.chip.jpg,78,Male,Asian
18_1_0_20170109213922168.jpg.chip.jpg,18,Female,White
26_0_1_20170116221029791.jpg.chip.jpg,26,Male,Black
80_1_1_20170116153903211.jpg.chip.jpg,80,Female,Black
24_1_2_20170116171034407.jpg.chip.jpg,24,Female,Asian
21_0_1_20170117135810975.jpg.chip.jpg,21,Male,Black
60_1_0_20170110154613614.jpg.chip.jpg,60,Female,White
35_1_3_20170119201519805.jpg.chip.jpg,35,Female,Indian
42_0_2_20170116192551178.jpg.chip.jpg,42,Male,Asian
24_1_0_20170116214212261.jpg.chip.jpg,24,Female,White
32_1_3_20170105003157142.jpg.chip.jpg,32,Female,Indian
50_0_0_20170109010637842.jpg.chip.jpg,50,Male,White
26_1_1_20170113011825553.jpg.chip.jpg,26,Female,Black
72_1_0_20170110182012800.jpg.chip.jpg,72,Female,White
50_0_0_20170111201507166.jpg.chip.jpg,50,Male,White
34_1_3_20170119163642029.jpg.chip.jpg,34,Female,Indian
1_0_3_20161219224748008.jpg.chip.jpg,1,Male,Indian
9_1_4_20170103200814791.jpg.chip.jpg,9,Female,Others
31_1_1_20170116155750618.jpg.chip.jpg,31,Female,Black
2_0_0_20170109194104628.jpg.chip.jpg,2,Male,White
1_0_2_20161219162431598.jpg.chip.jpg,1,Male,Asian
6_1_4_20170103230723185.jpg.chip.jpg,6,Female,Others
26_1_4_20170103213051380.jpg.chip.jpg,26,Female,Others
8_1_0_20170109203450522.jpg.chip.jpg,8,Female,White
3_0_0_20170110212934843.jpg.chip.jpg,3,Male,White
29_1_2_20170116165130095.jpg.chip.jpg,29,Female,Asian
40_0_0_20170117203837280.jpg.chip.jpg,40,Male,White
35_1_1_20170112215224384.jpg.chip.jpg,35,Female,Black
32_1_0_20170105162521931.jpg.chip.jpg,32,Female,White
69_1_0_20170110175853077.jpg.chip.jpg,69,Female,White
2_1_2_20161219162736198.jpg.chip.jpg,2,Female,Asian
25_0_3_20170119171224184.jpg.chip.jpg,25,Male,Indian
3_1_0_20170109192434126.jpg.chip.jpg,3,Female,White
27_0_3_20170119193236801.jpg.chip.jpg,27,Male,Indian
64_0_0_20170120222811411.jpg.chip.jpg,64,Male,White
21_1_0_20170116214441148.jpg.chip.jpg,21,Female,White
24_1_2_20170116174525250.jpg.chip.jpg,24,Female,Asian
1_0_2_20161219222119639.jpg.chip.jpg,1,Male,Asian
18_1_0_20170109212908376.jpg.chip.jpg,18,Female,White
49_0_4_20170104210601356.jpg.chip.jpg,49,Male,Others
29_0_1_20170117095006160.jpg.chip.jpg,29,Male,Black
26_1_1_20170116231033348.jpg.chip.jpg,26,Female,Black
29_0_0_20170104202211753.jpg.chip.jpg,29,Male,White
30_0_4_20170117202929576.jpg.chip.jpg,30,Male,Others
56_1_1_20170110153706986.jpg.chip.jpg,56,Female,Black
34_1_0_20170104174537956.jpg.chip.jpg,34,Female,White
34_0_3_20170119200821564.jpg.chip.jpg,34,Male,Indian
40_1_1_20170113001848827.jpg.chip.jpg,40,Female,Black
7_0_0_20170110224846415.jpg.chip.jpg,7,Male,White
30_0_3_20170108235400941.jpg.chip.jpg,30,Male,Indian
43_0_1_20170104184132454.jpg.chip.jpg,43,Male,Black
32_0_0_20170117140244970.jpg.chip.jpg,32,Male,White
52_0_4_20170111171747383.jpg.chip.jpg,52,Male,Others
22_1_2_20170116172619218.jpg.chip.jpg,22,Female,Asian
26_1_1_20170113001925675.jpg.chip.jpg,26,Female,Black
30_0_1_20170116213438554.jpg.chip.jpg,30,Male,Black
8_0_0_20170103201927968.jpg.chip.jpg,8,Male,White
29_1_1_20170112235112993.jpg.chip.jpg,29,Female,Black
45_0_0_20170117170125010.jpg.chip.jpg,45,Male,White
1_1_2_20161219212514021.jpg.chip.jpg,1,Female,Asian
36_0_1_20170113135627331.jpg.chip.jpg,36,Male,Black
51_0_0_20170109012434913.jpg.chip.jpg,51,Male,White
26_1_1_20170116233641024.jpg.chip.jpg,26,Female,Black
49_1_0_20170109220426712.jpg.chip.jpg,49,Female,White
18_1_0_20170109213451167.jpg.chip.jpg,18,Female,White
24_1_0_20170105183618095.jpg.chip.jpg,24,Female,White
60_1_3_20170109141933202.jpg.chip.jpg,60,Female,Indian
1_0_2_20161219220503943.jpg.chip.jpg,1,Male,Asian
61_1_0_20170103184132186.jpg.chip.jpg,61,Female,White
22_1_2_20170116172713575.jpg.chip.jpg,22,Female,Asian
24_0_3_20170119165651324.jpg.chip.jpg,24,Male,Indian
12_1_0_20170103200742207.jpg.chip.jpg,12,Female,White
45_1_1_20170117183357517.jpg.chip.jpg,45,Female,Black
7_1_3_20161219225222280.jpg.chip.jpg,7,Female,Indian
33_1_2_20170116191634811.jpg.chip.jpg,33,Female,Asian
13_0_2_20170117152653604.jpg.chip.jpg,13,Male,Asian
38_0_0_20170104165306497.jpg.chip.jpg,38,Male,White
26_1_3_20170119193045378.jpg.chip.jpg,26,Female,Indian
27_1_0_20170117202230966.jpg.chip.jpg,27,Female,White
31_0_2_20170116170840810.jpg.chip.jpg,31,Male,Asian
22_0_2_20170116172455828.jpg.chip.jpg,22,Male,Asian
29_0_2_20170116162155755.jpg.chip.jpg,29,Male,Asian
49_1_0_20170104204953660.jpg.chip.jpg,49,Female,White
37_1_0_20170117135946239.jpg.chip.jpg,37,Female,White
51_0_1_20170117160804231.jpg.chip.jpg,51,Male,Black
34_0_1_20170113151600638.jpg.chip.jpg,34,Male,Black
25_1_1_20170116001921217.jpg.chip.jpg,25,Female,Black
21_1_3_20170117193843284.jpg.chip.jpg,21,Female,Indian
1_1_2_20161219142015873.jpg.chip.jpg,1,Female,Asian
76_0_0_20170111201944904.jpg.chip.jpg,76,Male,White
15_1_0_20170109214352795.jpg.chip.jpg,15,Female,White
50_0_0_20170111203910911.jpg.chip.jpg,50,Male,White
26_1_1_20170116021804434.jpg.chip.jpg,26,Female,Black
5_0_2_20161219192249187.jpg.chip.jpg,5,Male,Asian
26_0_0_20170113210319942.jpg.chip.jpg,26,Male,White
35_0_4_20170117153010428.jpg.chip.jpg,35,Male,Others
26_1_2_20170116162412165.jpg.chip.jpg,26,Female,Asian
4_1_2_20161219192055923.jpg.chip.jpg,4,Female,Asian
56_0_1_20170112223748115.jpg.chip.jpg,56,Male,Black
21_1_1_20170112193009590.jpg.chip.jpg,21,Female,Black
8_1_0_20170109202720967.jpg.chip.jpg,8,Female,White
13_1_0_20170109201102915.jpg.chip.jpg,13,Female,White
56_1_0_20170104184326534.jpg.chip.jpg,56,Female,White
25_0_1_20170113132417184.jpg.chip.jpg,25,Male,Black
26_1_1_20170113003743101.jpg.chip.jpg,26,Female,Black
26_1_1_20170116162258869.jpg.chip.jpg,26,Female,Black
28_0_1_20170116010545437.jpg.chip.jpg,28,Male,Black
37_1_0_20170103182837146.jpg.chip.jpg,37,Female,White
26_1_3_20170104223130527.jpg.chip.jpg,26,Female,Indian
6_1_4_20161221193229605.jpg.chip.jpg,6,Female,Others
53_0_3_20170119205931304.jpg.chip.jpg,53,Male,Indian
8_1_0_20170109201110396.jpg.chip.jpg,8,Female,White
28_1_1_20170112211535716.jpg.chip.jpg,28,Female,Black
48_1_3_20170119212118705.jpg.chip.jpg,48,Female,Indian
57_0_3_20170119181003564.jpg.chip.jpg,57,Male,Indian
26_1_2_20170116180422018.jpg.chip.jpg,26,Female,Asian
1_0_2_20161219140744200.jpg.chip.jpg,1,Male,Asian
56_0_0_20170104184554798.jpg.chip.jpg,56,Male,White
26_0_1_20170113151641880.jpg.chip.jpg,26,Male,Black
50_0_3_20170104183620454.jpg.chip.jpg,50,Male,Indian
48_0_0_20170117013722003.jpg.chip.jpg,48,Male,White
35_0_0_20170105164841588.jpg.chip.jpg,35,Male,White
8_0_0_20170110215618155.jpg.chip.jpg,8,Male,White
36_0_1_20170116193844474.jpg.chip.jpg,36,Male,Black
26_1_1_20170104235433201.jpg.chip.jpg,26,Female,Black
3_1_4_20170103205816397.jpg.chip.jpg,3,Female,Others
28_0_1_20170113193253025.jpg.chip.jpg,28,Male,Black
48_0_1_20170117173143196.jpg.chip.jpg,48,Male,Black
26_1_3_20170119163652438.jpg.chip.jpg,26,Female,Indian
28_0_3_20170119194926283.jpg.chip.jpg,28,Male,Indian
64_0_2_20170116193425715.jpg.chip.jpg,64,Male,Asian
10_1_0_20170109203917216.jpg.chip.jpg,10,Female,White
33_1_3_20170104232231283.jpg.chip.jpg,33,Female,Indian
28_1_3_20170119195105802.jpg.chip.jpg,28,Female,Indian
40_0_0_20170117131221514.jpg.chip.jpg,40,Male,White
8_1_0_20170109202926726.jpg.chip.jpg,8,Female,White
49_0_3_20170104212655423.jpg.chip.jpg,49,Male,Indian
26_0_1_20170117195937173.jpg.chip.jpg,26,Male,Black
54_0_1_20170117183527321.jpg.chip.jpg,54,Male,Black
29_0_3_20170117180741530.jpg.chip.jpg,29,Male,Indian
26_1_1_20170112213448336.jpg.chip.jpg,26,Female,Black
28_0_3_20170119194505019.jpg.chip.jpg,28,Male,Indian
39_0_0_20170104201949978.jpg.chip.jpg,39,Male,White
18_1_1_20170117140105352.jpg.chip.jpg,18,Female,Black
24_0_3_20170119164640918.jpg.chip.jpg,24,Male,Indian
29_0_0_20170102233617277.jpg.chip.jpg,29,Male,White
56_0_0_20170111211431463.jpg.chip.jpg,56,Male,White
59_1_0_20170110141538799.jpg.chip.jpg,59,Female,White
39_0_0_20170104204706825.jpg.chip.jpg,39,Male,White
26_1_3_20170119150754793.jpg.chip.jpg,26,Female,Indian
5_0_0_20170110212701465.jpg.chip.jpg,5,Male,White
25_0_0_20170116223149525.jpg.chip.jpg,25,Male,White
69_1_0_20170117192247404.jpg.chip.jpg,69,Female,White
21_1_3_20170104233909843.jpg.chip.jpg,21,Female,Indian
27_1_1_20170117013958462.jpg.chip.jpg,27,Female,Black
25_1_0_20170117134947430.jpg.chip.jpg,25,Female,White
1_0_0_20170110213203795.jpg.chip.jpg,1,Male,White
31_1_0_20170117133435466.jpg.chip.jpg,31,Female,White
16_1_0_20170109212959831.jpg.chip.jpg,16,Female,White
32_0_3_20170119200401517.jpg.chip.jpg,32,Male,Indian
6_1_0_20170114024512634.jpg.chip.jpg,6,Female,White
8_1_0_20170109204920415.jpg.chip.jpg,8,Female,White
31_1_4_20170117203017127.jpg.chip.jpg,31,Female,Others
5_0_0_20170110220356210.jpg.chip.jpg,5,Male,White
24_1_1_20170113195635133.jpg.chip.jpg,24,Female,Black
23_0_3_20170119164007795.jpg.chip.jpg,23,Male,Indian
1_0_0_20161219203657925.jpg.chip.jpg,1,Male,White
1_1_2_20161219200258716.jpg.chip.jpg,1,Female,Asian
27_1_0_20170117120616194.jpg.chip.jpg,27,Female,White
30_0_2_20170116172532435.jpg.chip.jpg,30,Male,Asian
1_0_0_20161219204759412.jpg.chip.jpg,1,Male,White
23_1_3_20170104223436167.jpg.chip.jpg,23,Female,Indian
3_1_1_20170109190807350.jpg.chip.jpg,3,Female,Black
46_0_0_20170103183413994.jpg.chip.jpg,46,Male,White
40_0_4_20170104202246139.jpg.chip.jpg,40,Male,Others
54_0_3_20170119183920621.jpg.chip.jpg,54,Male,Indian
26_0_0_20170105183712607.jpg.chip.jpg,26,Male,White
36_1_1_20170115235824976.jpg.chip.jpg,36,Female,Black
30_1_0_20170117092244399.jpg.chip.jpg,30,Female,White
55_0_0_20170117173834903.jpg.chip.jpg,55,Male,White
45_0_3_20170119144534917.jpg.chip.jpg,45,Male,Indian
36_0_1_20170116191931354.jpg.chip.jpg,36,Male,Black
34_0_0_20170117182728950.jpg.chip.jpg,34,Male,White
32_0_0_20170105164554548.jpg.chip.jpg,32,Male,White
1_0_2_20170110213523297.jpg.chip.jpg,1,Male,Asian
35_1_3_20170117183032742.jpg.chip.jpg,35,Female,Indian
26_1_0_20170117200917775.jpg.chip.jpg,26,Female,White
30_0_0_20170117181257163.jpg.chip.jpg,30,Male,White
42_1_4_20170103225757192.jpg.chip.jpg,42,Female,Others
36_1_3_20170119202208549.jpg.chip.jpg,36,Female,Indian
12_1_4_20170109214232071.jpg.chip.jpg,12,Female,Others
28_0_1_20170117021617321.jpg.chip.jpg,28,Male,Black
15_0_0_20170110232610061.jpg.chip.jpg,15,Male,White
65_0_3_20170119205855505.jpg.chip.jpg,65,Male,Indian
27_0_0_20170117010719987.jpg.chip.jpg,27,Male,White
1_0_0_20170110212733875.jpg.chip.jpg,1,Male,White
18_1_0_20170117135753337.jpg.chip.jpg,18,Female,White
26_1_2_20170104022817638.jpg.chip.jpg,26,Female,Asian
22_1_3_20170104232054915.jpg.chip.jpg,22,Female,Indian
26_1_1_20170116011408805.jpg.chip.jpg,26,Female,Black
19_1_0_20170109213247084.jpg.chip.jpg,19,Female,White
30_0_0_20170114031727781.jpg.chip.jpg,30,Male,White
80_0_0_20170111222225975.jpg.chip.jpg,80,Male,White
12_1_1_20170109214642524.jpg.chip.jpg,12,Female,Black
62_0_0_20170111204505433.jpg.chip.jpg,62,Male,White
52_0_4_20170103183610052.jpg.chip.jpg,52,Male,Others
1_0_0_20170110213328641.jpg.chip.jpg,1,Male,White
53_1_0_20170117163713738.jpg.chip.jpg,53,Female,White
41_0_2_20170104211935428.jpg.chip.jpg,41,Male,Asian
26_0_4_20170104165424576.jpg.chip.jpg,26,Male,Others
26_0_0_20170113210605342.jpg.chip.jpg,26,Male,White
8_1_0_20170109202318713.jpg.chip.jpg,8,Female,White
1_1_2_20161219192458643.jpg.chip.jpg,1,Female,Asian
8_1_0_20170117195424950.jpg.chip.jpg,8,Female,White
35_0_0_20170117180401255.jpg.chip.jpg,35,Male,White
49_0_1_20170113135511444.jpg.chip.jpg,49,Male,Black
28_0_0_20170117180555824.jpg.chip.jpg,28,Male,White
41_0_2_20170108231441401.jpg.chip.jpg,41,Male,Asian
61_0_0_20170117192042278.jpg.chip.jpg,61,Male,White
22_1_2_20170116165447905.jpg.chip.jpg,22,Female,Asian
37_0_2_20170116192053826.jpg.chip.jpg,37,Male,Asian
26_0_1_20170116220218880.jpg.chip.jpg,26,Male,Black
36_0_0_20170117163601353.jpg.chip.jpg,36,Male,White
24_1_0_20170103180549431.jpg.chip.jpg,24,Female,White
25_1_3_20170119172143516.jpg.chip.jpg,25,Female,Indian
1_1_3_20161219225008799.jpg.chip.jpg,1,Female,Indian
1_1_4_20161221202528425.jpg.chip.jpg,1,Female,Others
17_1_4_20170102234911226.jpg.chip.jpg,17,Female,Others
22_0_0_20170104214301269.jpg.chip.jpg,22,Male,White
43_0_3_20170119162826244.jpg.chip.jpg,43,Male,Indian
2_0_3_20161220143054648.jpg.chip.jpg,2,Male,Indian
8_1_0_20170109203557851.jpg.chip.jpg,8,Female,White
23_1_3_20170104222224327.jpg.chip.jpg,23,Female,Indian
52_0_0_20170111181750501.jpg.chip.jpg,52,Male,White
44_0_0_20170113210319338.jpg.chip.jpg,44,Male,White
36_1_0_20170117091726944.jpg.chip.jpg,36,Female,White
20_0_1_20170116204110339.jpg.chip.jpg,20,Male,Black
45_0_0_20170111181750431.jpg.chip.jpg,45,Male,White
3_1_2_20161219160905062.jpg.chip.jpg,3,Female,Asian
26_0_2_20170116161324238.jpg.chip.jpg,26,Male,Asian
17_1_3_20170104221735351.jpg.chip.jpg,17,Female,Indian
8_1_0_20170109203434803.jpg.chip.jpg,8,Female,White
35_1_0_20170104192826910.jpg.chip.jpg,35,Female,White
40_0_0_20170117135030209.jpg.chip.jpg,40,Male,White
24_1_4_20170117194920763.jpg.chip.jpg,24,Female,Others
35_0_0_20170117172438851.jpg.chip.jpg,35,Male,White
4_0_0_20170110212621808.jpg.chip.jpg,4,Male,White
38_0_3_20170117121006148.jpg.chip.jpg,38,Male,Indian
23_1_3_20170119152429983.jpg.chip.jpg,23,Female,Indian
35_0_1_20170116002407914.jpg.chip.jpg,35,Male,Black
1_1_3_20161220143335948.jpg.chip.jpg,1,Female,Indian
22_1_3_20170117154551789.jpg.chip.jpg,22,Female,Indian
26_1_0_20170117171447434.jpg.chip.jpg,26,Female,White
42_0_3_20170105175336870.jpg.chip.jpg,42,Male,Indian
36_1_1_20170112235957860.jpg.chip.jpg,36,Female,Black
23_1_3_20170119164040174.jpg.chip.jpg,23,Female,Indian
28_1_1_20170116171225686.jpg.chip.jpg,28,Female,Black
37_0_0_20170104205214549.jpg.chip.jpg,37,Male,White
29_0_0_20170117010514579.jpg.chip.jpg,29,Male,White
22_1_2_20170104022012028.jpg.chip.jpg,22,Female,Asian
45_0_1_20170117194133909.jpg.chip.jpg,45,Male,Black
30_0_3_20170119151354302.jpg.chip.jpg,30,Male,Indian
50_0_0_20170117003508336.jpg.chip.jpg,50,Male,White
52_0_0_20170104212238236.jpg.chip.jpg,52,Male,White
65_1_0_20170110154550300.jpg.chip.jpg,65,Female,White
32_1_2_20170116190137074.jpg.chip.jpg,32,Female,Asian
28_0_1_20170116192346678.jpg.chip.jpg,28,Male,Black
20_0_2_20170116161442758.jpg.chip.jpg,20,Male,Asian
26_1_1_20170116233337587.jpg.chip.jpg,26,Female,Black
25_1_1_20170102233540371.jpg.chip.jpg,25,Female,Black
26_1_3_20170119193141890.jpg.chip.jpg,26,Female,Indian
32_1_3_20170116170836443.jpg.chip.jpg,32,Female,Indian
52_1_0_20170104002309261.jpg.chip.jpg,52,Female,White
80_1_3_20170109151103678.jpg.chip.jpg,80,Female,Indian
78_0_0_20170111221952212.jpg.chip.jpg,78,Male,White
26_1_4_20170117200115644.jpg.chip.jpg,26,Female,Others
8_1_3_20170104221730663.jpg.chip.jpg,8,Female,Indian
26_0_4_20170117200533197.jpg.chip.jpg,26,Male,Others
23_1_1_20170112234139392.jpg.chip.jpg,23,Female,Black
8_0_3_20161220222825331.jpg.chip.jpg,8,Male,Indian
40_1_1_20170113001316202.jpg.chip.jpg,40,Female,Black
32_1_2_20170116205754287.jpg.chip.jpg,32,Female,Asian
24_0_1_20170117194748068.jpg.chip.jpg,24,Male,Black
26_1_1_20170117170703265.jpg.chip.jpg,26,Female,Black
72_1_0_20170110173128700.jpg.chip.jpg,72,Female,White
35_1_1_20170112234952297.jpg.chip.jpg,35,Female,Black
47_0_0_20170109012454632.jpg.chip.jpg,47,Male,White
32_0_0_20170117175908028.jpg.chip.jpg,32,Male,White
31_1_3_20170104234514954.jpg.chip.jpg,31,Female,Indian
28_0_3_20170119194921298.jpg.chip.jpg,28,Male,Indian
45_1_0_20170105001254581.jpg.chip.jpg,45,Female,White
21_0_3_20170119153824472.jpg.chip.jpg,21,Male,Indian
47_1_0_20170110123140034.jpg.chip.jpg,47,Female,White
20_1_3_20170104222019511.jpg.chip.jpg,20,Female,Indian
18_1_0_20170109212425897.jpg.chip.jpg,18,Female,White
17_0_0_20170110232438939.jpg.chip.jpg,17,Male,White
26_0_1_20170116143057934.jpg.chip.jpg,26,Male,Black
26_0_3_20170117154516750.jpg.chip.jpg,26,Male,Indian
28_0_2_20161219192654931.jpg.chip.jpg,28,Male,Asian
23_1_0_20170116221829199.jpg.chip.jpg,23,Female,White
22_1_4_20170103225813392.jpg.chip.jpg,22,Female,Others
26_0_1_20170117195559692.jpg.chip.jpg,26,Male,Black
31_0_0_20170117153916924.jpg.chip.jpg,31,Male,White
35_0_0_20170117182859549.jpg.chip.jpg,35,Male,White
41_1_4_20170117203902928.jpg.chip.jpg,41,Female,Others
23_0_2_20170116172906979.jpg.chip.jpg,23,Male,Asian
5_0_0_20170110212657381.jpg.chip.jpg,5,Male,White
1_1_2_20161219222021335.jpg.chip.jpg,1,Female,Asian
42_1_4_20170117203934434.jpg.chip.jpg,42,Female,Others
28_1_2_20170116164612760.jpg.chip.jpg,28,Female,Asian
29_1_1_20170114032143096.jpg.chip.jpg,29,Female,Black
28_0_1_20170116215621993.jpg.chip.jpg,28,Male,Black
31_1_3_20170104232529874.jpg.chip.jpg,31,Female,Indian
39_1_0_20170103183200192.jpg.chip.jpg,39,Female,White
26_1_1_20170116225222631.jpg.chip.jpg,26,Female,Black
11_0_0_20170110220408722.jpg.chip.jpg,11,Male,White
62_0_0_20170111205219231.jpg.chip.jpg,62,Male,White
55_0_0_20170117185957338.jpg.chip.jpg,55,Male,White
24_1_0_20170117145436643.jpg.chip.jpg,24,Female,White
26_1_1_20170112212030764.jpg.chip.jpg,26,Female,Black
22_1_0_20170103180211110.jpg.chip.jpg,22,Female,White
53_0_0_20170117161102128.jpg.chip.jpg,53,Male,White
45_0_0_20170120140945913.jpg.chip.jpg,45,Male,White
30_1_2_20170116171019788.jpg.chip.jpg,30,Female,Asian
18_0_1_20170114030419966.jpg.chip.jpg,18,Male,Black
80_1_0_20170110155128293.jpg.chip.jpg,80,Female,White
22_1_3_20170119163029565.jpg.chip.jpg,22,Female,Indian
26_1_0_20170113182514710.jpg.chip.jpg,26,Female,White
54_0_3_20170120134355574.jpg.chip.jpg,54,Male,Indian
35_0_3_20170119211339158.jpg.chip.jpg,35,Male,Indian
3_1_2_20161219155614821.jpg.chip.jpg,3,Female,Asian
24_1_2_20170116171548627.jpg.chip.jpg,24,Female,Asian
25_1_0_20170117141427897.jpg.chip.jpg,25,Female,White
59_1_0_20170110132107674.jpg.chip.jpg,59,Female,White
5_1_0_20170109204908218.jpg.chip.jpg,5,Female,White
39_0_0_20170117181222276.jpg.chip.jpg,39,Male,White
4_0_3_20161220145148791.jpg.chip.jpg,4,Male,Indian
63_1_0_20170110122257987.jpg.chip.jpg,63,Female,White
2_0_0_20170110212816271.jpg.chip.jpg,2,Male,White
60_0_0_20170117001221298.jpg.chip.jpg,60,Male,White
24_1_1_20170113011232616.jpg.chip.jpg,24,Female,Black
32_0_0_20170117130014250.jpg.chip.jpg,32,Male,White
1_1_0_20161219204130316.jpg.chip.jpg,1,Female,White
71_0_0_20170104213311644.jpg.chip.jpg,71,Male,White
29_1_1_20170113011557016.jpg.chip.jpg,29,Female,Black
26_1_1_20170116153211138.jpg.chip.jpg,26,Female,Black
43_0_4_20170117204014422.jpg.chip.jpg,43,Male,Others
38_1_0_20170104201618841.jpg.chip.jpg,38,Female,White
25_1_3_20170119163748638.jpg.chip.jpg,25,Female,Indian
50_0_2_20170116173533123.jpg.chip.jpg,50,Male,Asian
26_0_3_20170117154955375.jpg.chip.jpg,26,Male,Indian
42_0_0_20170117185753668.jpg.chip.jpg,42,Male,White
38_0_1_20170116233242125.jpg.chip.jpg,38,Male,Black
53_0_0_20170109002933938.jpg.chip.jpg,53,Male,White
65_1_2_20161219160537365.jpg.chip.jpg,65,Female,Asian
35_0_2_20170104023316343.jpg.chip.jpg,35,Male,Asian
24_1_4_20170116214244943.jpg.chip.jpg,24,Female,Others
16_0_0_20170110232111509.jpg.chip.jpg,16,Male,White
48_0_1_20170111203317713.jpg.chip.jpg,48,Male,Black
22_0_3_20170119162917829.jpg.chip.jpg,22,Male,Indian
10_0_4_20170103200501766.jpg.chip.jpg,10,Male,Others
2_1_0_20161219192513827.jpg.chip.jpg,2,Female,White
29_1_1_20170114024847193.jpg.chip.jpg,29,Female,Black
40_0_0_20170116222105127.jpg.chip.jpg,40,Male,White
43_1_2_20170116192615655.jpg.chip.jpg,43,Female,Asian
44_0_1_20170117172018631.jpg.chip.jpg,44,Male,Black
27_0_0_20170102233409115.jpg.chip.jpg,27,Male,White
35_0_1_20170117134943933.jpg.chip.jpg,35,Male,Black
60_0_3_20170119205938048.jpg.chip.jpg,60,Male,Indian
30_0_0_20170117130646482.jpg.chip.jpg,30,Male,White
69_1_0_20170110141630303.jpg.chip.jpg,69,Female,White
26_1_0_20170116180121605.jpg.chip.jpg,26,Female,White
27_0_0_20170117134951867.jpg.chip.jpg,27,Male,White
1_0_2_20161219204012884.jpg.chip.jpg,1,Male,Asian
1_0_2_20161219222046607.jpg.chip.jpg,1,Male,Asian
36_0_0_20170117162433077.jpg.chip.jpg,36,Male,White
50_0_3_20170119205421127.jpg.chip.jpg,50,Male,Indian
37_1_0_20170103163428135.jpg.chip.jpg,37,Female,White
29_1_3_20170104223300263.jpg.chip.jpg,29,Female,Indian
29_0_2_20170116214521042.jpg.chip.jpg,29,Male,Asian
42_0_0_20170113182201676.jpg.chip.jpg,42,Male,White
26_0_0_20170113210127287.jpg.chip.jpg,26,Male,White
26_0_3_20170119180639468.jpg.chip.jpg,26,Male,Indian
26_1_1_20170112235923687.jpg.chip.jpg,26,Female,Black
28_0_0_20170117202358254.jpg.chip.jpg,28,Male,White
14_1_0_20170109205406978.jpg.chip.jpg,14,Female,White
49_1_1_20170113012017156.jpg.chip.jpg,49,Female,Black
26_0_2_20170116175934531.jpg.chip.jpg,26,Male,Asian
50_0_0_20170117160612319.jpg.chip.jpg,50,Male,White
24_0_0_20170117150001859.jpg.chip.jpg,24,Male,White
32_1_2_20170105164147100.jpg.chip.jpg,32,Female,Asian
22_0_3_20170119202650701.jpg.chip.jpg,22,Male,Indian
29_0_0_20170105163908828.jpg.chip.jpg,29,Male,White
26_1_1_20170116232803092.jpg.chip.jpg,26,Female,Black
36_0_0_20170117183258406.jpg.chip.jpg,36,Male,White
26_1_2_20170116184244368.jpg.chip.jpg,26,Female,Asian
32_1_0_20170117134816396.jpg.chip.jpg,32,Female,White
28_1_4_20170117202425055.jpg.chip.jpg,28,Female,Others
35_1_1_20170117154230213.jpg.chip.jpg,35,Female,Black
39_0_0_20170117154233939.jpg.chip.jpg,39,Male,White
26_1_0_20170117091431823.jpg.chip.jpg,26,Female,White
26_0_2_20170116175441103.jpg.chip.jpg,26,Male,Asian
1_1_0_20170109190846125.jpg.chip.jpg,1,Female,White
54_0_0_20170117171146956.jpg.chip.jpg,54,Male,White
24_1_3_20170104231916690.jpg.chip.jpg,24,Female,Indian
31_1_4_20170112235504601.jpg.chip.jpg,31,Female,Others
20_1_3_20170104222022391.jpg.chip.jpg,20,Female,Indian
55_0_2_20170112222313915.jpg.chip.jpg,55,Male,Asian
39_0_0_20170104181458853.jpg.chip.jpg,39,Male,White
35_1_0_20170104165729457.jpg.chip.jpg,35,Female,White
24_0_0_20170117150104363.jpg.chip.jpg,24,Male,White
4_1_0_20170109192714731.jpg.chip.jpg,4,Female,White
35_1_2_20170116180021408.jpg.chip.jpg,35,Female,Asian
48_0_3_20170109141132255.jpg.chip.jpg,48,Male,Indian
11_0_0_20170104012556563.jpg.chip.jpg,11,Male,White
68_0_1_20170111195820243.jpg.chip.jpg,68,Male,Black
2_1_0_20170109192459049.jpg.chip.jpg,2,Female,White
1_0_3_20161219230642504.jpg.chip.jpg,1,Male,Indian
26_0_3_20170119184256959.jpg.chip.jpg,26,Male,Indian
26_1_3_20170117154750044.jpg.chip.jpg,26,Female,Indian
36_0_3_20170119201741572.jpg.chip.jpg,36,Male,Indian
13_0_0_20170110220458081.jpg.chip.jpg,13,Male,White
25_0_1_20170116002837310.jpg.chip.jpg,25,Male,Black
33_1_1_20170112210455829.jpg.chip.jpg,33,Female,Black
2_1_0_20170109191543990.jpg.chip.jpg,2,Female,White
24_1_2_20170116171044181.jpg.chip.jpg,24,Female,Asian
27_0_1_20170117010123108.jpg.chip.jpg,27,Male,Black
2_0_3_20161220145331495.jpg.chip.jpg,2,Male,Indian
1_0_2_20161219161616326.jpg.chip.jpg,1,Male,Asian
14_0_4_20170113145202254.jpg.chip.jpg,14,Male,Others
47_1_3_20170104235830612.jpg.chip.jpg,47,Female,Indian
58_0_3_20170119211538977.jpg.chip.jpg,58,Male,Indian
55_0_0_20170104212851085.jpg.chip.jpg,55,Male,White
23_1_0_20170112234202903.jpg.chip.jpg,23,Female,White
10_1_0_20170109205141310.jpg.chip.jpg,10,Female,White
45_0_0_20170117185722081.jpg.chip.jpg,45,Male,White
54_1_1_20170110120122138.jpg.chip.jpg,54,Female,Black
1_0_2_20161219215433975.jpg.chip.jpg,1,Male,Asian
54_0_0_20170119201455775.jpg.chip.jpg,54,Male,White
28_1_3_20170119210052807.jpg.chip.jpg,28,Female,Indian
3_1_2_20161219155533269.jpg.chip.jpg,3,Female,Asian
16_1_0_20170116000649066.jpg.chip.jpg,16,Female,White
80_1_0_20170110183129402.jpg.chip.jpg,80,Female,White
27_0_1_20170119193355931.jpg.chip.jpg,27,Male,Black
44_1_3_20170119192838387.jpg.chip.jpg,44,Female,Indian
45_0_1_20170113181946668.jpg.chip.jpg,45,Male,Black
25_1_0_20170103163054063.jpg.chip.jpg,25,Female,White
28_0_1_20170117021404561.jpg.chip.jpg,28,Male,Black
22_1_2_20170116172707989.jpg.chip.jpg,22,Female,Asian
23_1_1_20170114030641409.jpg.chip.jpg,23,Female,Black
1_0_2_20161219162847615.jpg.chip.jpg,1,Male,Asian
50_0_0_20170120222013757.jpg.chip.jpg,50,Male,White
33_0_0_20170117175537161.jpg.chip.jpg,33,Male,White
16_0_0_20170110231736665.jpg.chip.jpg,16,Male,White
26_0_1_20170104230506569.jpg.chip.jpg,26,Male,Black
26_1_2_20170116184735190.jpg.chip.jpg,26,Female,Asian
75_1_0_20170110140824258.jpg.chip.jpg,75,Female,White
34_1_1_20170114033426045.jpg.chip.jpg,34,Female,Black
23_1_0_20170116221827674.jpg.chip.jpg,23,Female,White
4_1_1_20170109194638149.jpg.chip.jpg,4,Female,Black
21_1_0_20170112233431458.jpg.chip.jpg,21,Female,White
1_0_0_20170110213104570.jpg.chip.jpg,1,Male,White
45_0_3_20170119203815607.jpg.chip.jpg,45,Male,Indian
40_0_0_20170117170539486.jpg.chip.jpg,40,Male,White
10_0_0_20170110224757882.jpg.chip.jpg,10,Male,White
27_0_4_20161219194059843.jpg.chip.jpg,27,Male,Others
38_1_1_20170116231308847.jpg.chip.jpg,38,Female,Black
56_1_3_20170109132319407.jpg.chip.jpg,56,Female,Indian
45_0_3_20170119202703548.jpg.chip.jpg,45,Male,Indian
36_0_3_20170119180411476.jpg.chip.jpg,36,Male,Indian
26_0_3_20170119181200723.jpg.chip.jpg,26,Male,Indian
24_0_0_20170109214744250.jpg.chip.jpg,24,Male,White
50_1_0_20170120225451760.jpg.chip.jpg,50,Female,White
10_1_1_20170116225209209.jpg.chip.jpg,10,Female,Black
28_1_2_20170109002652355.jpg.chip.jpg,28,Female,Asian
26_1_4_20170117174316560.jpg.chip.jpg,26,Female,Others
37_0_3_20170120221511381.jpg.chip.jpg,37,Male,Indian
53_0_0_20170111202020510.jpg.chip.jpg,53,Male,White
56_0_3_20170113182258142.jpg.chip.jpg,56,Male,Indian
26_1_2_20170116175919039.jpg.chip.jpg,26,Female,Asian
2_1_2_20170109191828204.jpg.chip.jpg,2,Female,Asian
1_1_2_20161219155811293.jpg.chip.jpg,1,Female,Asian
16_1_1_20170114025512971.jpg.chip.jpg,16,Female,Black
39_0_3_20170119183250588.jpg.chip.jpg,39,Male,Indian
3_1_2_20161219155004341.jpg.chip.jpg,3,Female,Asian
25_0_1_20170116002228362.jpg.chip.jpg,25,Male,Black
24_1_2_20170116174403364.jpg.chip.jpg,24,Female,Asian
60_0_2_20170112205517100.jpg.chip.jpg,60,Male,Asian
23_1_0_20170117171803722.jpg.chip.jpg,23,Female,White
14_0_3_20170104230143521.jpg.chip.jpg,14,Male,Indian
24_1_2_20170116174511173.jpg.chip.jpg,24,Female,Asian
2_1_0_20161219162308158.jpg.chip.jpg,2,Female,White
17_0_0_20170110231748137.jpg.chip.jpg,17,Male,White
2_0_2_20161219211913310.jpg.chip.jpg,2,Male,Asian
32_0_0_20170117172942268.jpg.chip.jpg,32,Male,White
27_1_3_20170119194417435.jpg.chip.jpg,27,Female,Indian
25_0_0_20170116201855919.jpg.chip.jpg,25,Male,White
37_0_0_20170120221604091.jpg.chip.jpg,37,Male,White
74_1_0_20170120225056705.jpg.chip.jpg,74,Female,White
30_0_3_20170119195740600.jpg.chip.jpg,30,Male,Indian
31_0_0_20170105164926876.jpg.chip.jpg,31,Male,White
37_0_3_20170109134008515.jpg.chip.jpg,37,Male,Indian
34_0_3_20170119200718133.jpg.chip.jpg,34,Male,Indian
35_0_2_20170116191718734.jpg.chip.jpg,35,Male,Asian
50_0_3_20170119205540968.jpg.chip.jpg,50,Male,Indian
4_1_4_20161221193356438.jpg.chip.jpg,4,Female,Others
15_1_4_20170103233441003.jpg.chip.jpg,15,Female,Others
25_0_0_20170102233320979.jpg.chip.jpg,25,Male,White
24_0_1_20170103212749284.jpg.chip.jpg,24,Male,Black
31_0_1_20170116024715934.jpg.chip.jpg,31,Male,Black
34_0_1_20170112214929038.jpg.chip.jpg,34,Male,Black
26_0_0_20170113210319560.jpg.chip.jpg,26,Male,White
25_1_0_20170117123818139.jpg.chip.jpg,25,Female,White
26_1_2_20170116173710627.jpg.chip.jpg,26,Female,Asian
18_1_0_20170116211949605.jpg.chip.jpg,18,Female,White
2_0_1_20170113175826133.jpg.chip.jpg,2,Male,Black
16_1_0_20170109213456322.jpg.chip.jpg,16,Female,White
32_0_3_20170119160433674.jpg.chip.jpg,32,Male,Indian
34_0_0_20170109001224685.jpg.chip.jpg,34,Male,White
27_0_0_20170117202049702.jpg.chip.jpg,27,Male,White
34_0_0_20170116030432644.jpg.chip.jpg,34,Male,White
17_1_0_20170103175424111.jpg.chip.jpg,17,Female,White
24_1_1_20170105183758847.jpg.chip.jpg,24,Female,Black
25_0_4_20170103233741427.jpg.chip.jpg,25,Male,Others
75_0_3_20170119204101959.jpg.chip.jpg,75,Male,Indian
41_1_0_20170104170026513.jpg.chip.jpg,41,Female,White
26_1_4_20170117152504299.jpg.chip.jpg,26,Female,Others
24_0_2_20170116165518844.jpg.chip.jpg,24,Male,Asian
36_1_0_20170119192652946.jpg.chip.jpg,36,Female,White
29_1_1_20170115234825058.jpg.chip.jpg,29,Female,Black
32_1_0_20170109132836606.jpg.chip.jpg,32,Female,White
45_0_0_20170117134655807.jpg.chip.jpg,45,Male,White
1_1_2_20161219141525504.jpg.chip.jpg,1,Female,Asian
31_1_1_20170112213126246.jpg.chip.jpg,31,Female,Black
55_1_1_20170116232600318.jpg.chip.jpg,55,Female,Black
15_0_4_20170110232416743.jpg.chip.jpg,15,Male,Others
32_1_1_20170116234627342.jpg.chip.jpg,32,Female,Black
30_0_3_20170119195832412.jpg.chip.jpg,30,Male,Indian
16_1_0_20170117133441179.jpg.chip.jpg,16,Female,White
65_0_0_20170120222348112.jpg.chip.jpg,65,Male,White
27_1_2_20170116170959436.jpg.chip.jpg,27,Female,Asian
37_0_0_20170109003623296.jpg.chip.jpg,37,Male,White
36_1_1_20170113002025468.jpg.chip.jpg,36,Female,Black
25_1_4_20170103223722679.jpg.chip.jpg,25,Female,Others
31_0_2_20170116191320975.jpg.chip.jpg,31,Male,Asian
28_1_1_20170113012538431.jpg.chip.jpg,28,Female,Black
56_0_3_20170119180848388.jpg.chip.jpg,56,Male,Indian
32_0_4_20170117203105065.jpg.chip.jpg,32,Male,Others
26_0_3_20170119181013021.jpg.chip.jpg,26,Male,Indian
1_1_0_20170109190818115.jpg.chip.jpg,1,Female,White
36_0_0_20170117183231302.jpg.chip.jpg,36,Male,White
34_1_3_20170119200852458.jpg.chip.jpg,34,Female,Indian
18_1_0_20170109214749825.jpg.chip.jpg,18,Female,White
33_1_1_20170112233308831.jpg.chip.jpg,33,Female,Black
7_1_4_20170104010111013.jpg.chip.jpg,7,Female,Others
42_0_0_20170104184335702.jpg.chip.jpg,42,Male,White
32_0_3_20170119200432788.jpg.chip.jpg,32,Male,Indian
26_1_3_20170119192916618.jpg.chip.jpg,26,Female,Indian
58_0_3_20170119195320690.jpg.chip.jpg,58,Male,Indian
40_1_1_20170113001152068.jpg.chip.jpg,40,Female,Black
6_1_1_20170103223434927.jpg.chip.jpg,6,Female,Black
7_1_0_20170109200828410.jpg.chip.jpg,7,Female,White
62_1_3_20170109133411698.jpg.chip.jpg,62,Female,Indian
63_1_0_20170110132501568.jpg.chip.jpg,63,Female,White
22_1_4_20170103233642227.jpg.chip.jpg,22,Female,Others
13_1_2_20170104013444322.jpg.chip.jpg,13,Female,Asian
35_0_4_20170113133347977.jpg.chip.jpg,35,Male,Others
39_0_1_20170116193433706.jpg.chip.jpg,39,Male,Black
33_1_1_20170117014021084.jpg.chip.jpg,33,Female,Black
50_0_0_20170120222254255.jpg.chip.jpg,50,Male,White
38_1_1_20170112234250209.jpg.chip.jpg,38,Female,Black
38_0_1_20170113152209191.jpg.chip.jpg,38,Male,Black
26_0_0_20170117172408564.jpg.chip.jpg,26,Male,White
64_0_0_20170107214238619.jpg.chip.jpg,64,Male,White
24_1_3_20170119171104872.jpg.chip.jpg,24,Female,Indian
38_0_0_20170105172756958.jpg.chip.jpg,38,Male,White
39_1_0_20170117121735861.jpg.chip.jpg,39,Female,White
26_1_2_20170116180008794.jpg.chip.jpg,26,Female,Asian
22_0_2_20170104021111388.jpg.chip.jpg,22,Male,Asian
69_0_0_20170117172119964.jpg.chip.jpg,69,Male,White
42_0_3_20170113142222564.jpg.chip.jpg,42,Male,Indian
45_0_3_20170112215026424.jpg.chip.jpg,45,Male,Indian
32_0_1_20170113141942205.jpg.chip.jpg,32,Male,Black
65_0_0_20170111210651348.jpg.chip.jpg,65,Male,White
40_0_0_20170117133805950.jpg.chip.jpg,40,Male,White
46_0_1_20170111200735373.jpg.chip.jpg,46,Male,Black
23_0_2_20170116172904718.jpg.chip.jpg,23,Male,Asian
4_1_1_20170109194530016.jpg.chip.jpg,4,Female,Black
30_1_2_20170116192047079.jpg.chip.jpg,30,Female,Asian
59_0_0_20170117175959580.jpg.chip.jpg,59,Male,White
2_0_0_20170110213103595.jpg.chip.jpg,2,Male,White
45_0_4_20170104210403467.jpg.chip.jpg,45,Male,Others
51_0_0_20170116201815152.jpg.chip.jpg,51,Male,White
26_0_1_20170116182128259.jpg.chip.jpg,26,Male,Black
17_1_4_20170103234135204.jpg.chip.jpg,17,Female,Others
33_0_0_20170117134834453.jpg.chip.jpg,33,Male,White
27_1_3_20170119194425619.jpg.chip.jpg,27,Female,Indian
21_0_0_20170103223223127.jpg.chip.jpg,21,Male,White
37_1_2_20170104005945096.jpg.chip.jpg,37,Female,Asian
70_1_0_20170110122856556.jpg.chip.jpg,70,Female,White
52_0_0_20170104205512484.jpg.chip.jpg,52,Male,White
11_0_0_20170110220453002.jpg.chip.jpg,11,Male,White
26_1_1_20170113012111272.jpg.chip.jpg,26,Female,Black
40_0_3_20170117194103620.jpg.chip.jpg,40,Male,Indian
24_1_0_20170112230455412.jpg.chip.jpg,24,Female,White
26_1_3_20170119180415252.jpg.chip.jpg,26,Female,Indian
25_1_3_20170119172045713.jpg.chip.jpg,25,Female,Indian
60_0_2_20170116192628656.jpg.chip.jpg,60,Male,Asian
29_1_3_20170104232621386.jpg.chip.jpg,29,Female,Indian
37_1_0_20170105172652727.jpg.chip.jpg,37,Female,White
29_0_3_20170119195310340.jpg.chip.jpg,29,Male,Indian
60_0_3_20170119210242095.jpg.chip.jpg,60,Male,Indian
22_0_1_20170113133555880.jpg.chip.jpg,22,Male,Black
47_0_3_20170119194827491.jpg.chip.jpg,47,Male,Indian
48_1_2_20170109002813437.jpg.chip.jpg,48,Female,Asian
30_1_2_20170116162102874.jpg.chip.jpg,30,Female,Asian
30_1_3_20170119205427119.jpg.chip.jpg,30,Female,Indian
50_0_3_20170119205151901.jpg.chip.jpg,50,Male,Indian
38_1_0_20170103163517069.jpg.chip.jpg,38,Female,White
56_0_0_20170111203105369.jpg.chip.jpg,56,Male,White
33_1_3_20170117174243837.jpg.chip.jpg,33,Female,Indian
3_1_3_20161220222009699.jpg.chip.jpg,3,Female,Indian
28_1_0_20170117003302256.jpg.chip.jpg,28,Female,White
24_1_0_20170105184011327.jpg.chip.jpg,24,Female,White
1_1_0_20170109191000191.jpg.chip.jpg,1,Female,White
26_0_2_20170116181321059.jpg.chip.jpg,26,Male,Asian
50_0_0_20170117160625526.jpg.chip.jpg,50,Male,White
52_0_0_20170111195726274.jpg.chip.jpg,52,Male,White
28_0_4_20170105163451675.jpg.chip.jpg,28,Male,Others
26_1_1_20170113134115794.jpg.chip.jpg,26,Female,Black
9_0_0_20170110220151722.jpg.chip.jpg,9,Male,White
8_1_3_20161220222535466.jpg.chip.jpg,8,Female,Indian
49_1_0_20170104184230952.jpg.chip.jpg,49,Female,White
30_0_0_20170116223816127.jpg.chip.jpg,30,Male,White
30_0_2_20170117142033818.jpg.chip.jpg,30,Male,Asian
40_0_0_20170104181301060.jpg.chip.jpg,40,Male,White
45_0_1_20170117165650390.jpg.chip.jpg,45,Male,Black
26_1_3_20170119193146682.jpg.chip.jpg,26,Female,Indian
21_1_3_20170117142239360.jpg.chip.jpg,21,Female,Indian
27_1_2_20170116163601765.jpg.chip.jpg,27,Female,Asian
35_0_0_20170116003147625.jpg.chip.jpg,35,Male,White
27_1_0_20170113180930981.jpg.chip.jpg,27,Female,White
40_1_1_20170113000039241.jpg.chip.jpg,40,Female,Black
68_0_0_20170111200645876.jpg.chip.jpg,68,Male,White
62_0_0_20170104170229321.jpg.chip.jpg,62,Male,White
1_1_0_20161219204717605.jpg.chip.jpg,1,Female,White
48_1_0_20170109221004139.jpg.chip.jpg,48,Female,White
26_0_1_20170114031951577.jpg.chip.jpg,26,Male,Black
49_0_3_20170117130532515.jpg.chip.jpg,49,Male,Indian
19_1_3_20170104221938894.jpg.chip.jpg,19,Female,Indian
30_1_0_20170117150834483.jpg.chip.jpg,30,Female,White
12_0_0_20170117190914091.jpg.chip.jpg,12,Male,White
8_0_3_20170104230744745.jpg.chip.jpg,8,Male,Indian
29_1_1_20170113003505958.jpg.chip.jpg,29,Female,Black
32_1_0_20170104165907161.jpg.chip.jpg,32,Female,White
27_0_2_20170116165457643.jpg.chip.jpg,27,Male,Asian
14_0_2_20170103201038791.jpg.chip.jpg,14,Male,Asian
36_0_0_20170104201829601.jpg.chip.jpg,36,Male,White
33_1_0_20170103182231977.jpg.chip.jpg,33,Female,White
18_1_1_20170114030253404.jpg.chip.jpg,18,Female,Black
40_0_2_20170116191822336.jpg.chip.jpg,40,Male,Asian
47_0_4_20170105172754348.jpg.chip.jpg,47,Male,Others
41_0_0_20170117185454480.jpg.chip.jpg,41,Male,White
45_1_3_20170104234959306.jpg.chip.jpg,45,Female,Indian
26_0_0_20170113210605384.jpg.chip.jpg,26,Male,White
5_1_2_20161219195123491.jpg.chip.jpg,5,Female,Asian
41_0_3_20170119204219798.jpg.chip.jpg,41,Male,Indian
40_1_1_20170110153441199.jpg.chip.jpg,40,Female,Black
27_1_0_20170109002819172.jpg.chip.jpg,27,Female,White
16_0_0_20170110231916206.jpg.chip.jpg,16,Male,White
50_1_0_20170117160740015.jpg.chip.jpg,50,Female,White
7_1_0_20170109204550837.jpg.chip.jpg,7,Female,White
51_1_0_20170110154639018.jpg.chip.jpg,51,Female,White
30_0_0_20170117172014219.jpg.chip.jpg,30,Male,White
35_0_1_20170113155146201.jpg.chip.jpg,35,Male,Black
39_0_0_20170104204642477.jpg.chip.jpg,39,Male,White
28_1_4_20170117202604343.jpg.chip.jpg,28,Female,Others
26_1_1_20170116162105745.jpg.chip.jpg,26,Female,Black
80_0_0_20170111205921074.jpg.chip.jpg,80,Male,White
28_1_4_20170117120426927.jpg.chip.jpg,28,Female,Others
21_1_1_20170112231851007.jpg.chip.jpg,21,Female,Black
46_0_3_20170119204816695.jpg.chip.jpg,46,Male,Indian
34_0_4_20170117203232496.jpg.chip.jpg,34,Male,Others
1_1_4_20161221192615380.jpg.chip.jpg,1,Female,Others
28_0_1_20170117015454368.jpg.chip.jpg,28,Male,Black
27_0_1_20170113133926055.jpg.chip.jpg,27,Male,Black
39_1_1_20170113012730059.jpg.chip.jpg,39,Female,Black
32_0_2_20170117133724452.jpg.chip.jpg,32,Male,Asian
28_1_2_20170116192305668.jpg.chip.jpg,28,Female,Asian
52_0_0_20170113183752750.jpg.chip.jpg,52,Male,White
69_1_0_20170110141308465.jpg.chip.jpg,69,Female,White
14_1_0_20170109203937399.jpg.chip.jpg,14,Female,White
74_1_2_20170105174904109.jpg.chip.jpg,74,Female,Asian
3_0_0_20170110212707387.jpg.chip.jpg,3,Male,White
20_0_0_20170120133547085.jpg.chip.jpg,20,Male,White
31_0_1_20170116143032562.jpg.chip.jpg,31,Male,Black
60_0_0_20170120223043268.jpg.chip.jpg,60,Male,White
20_1_3_20170104231525073.jpg.chip.jpg,20,Female,Indian
28_0_3_20170119194510875.jpg.chip.jpg,28,Male,Indian
1_0_2_20161219212516942.jpg.chip.jpg,1,Male,Asian
32_1_2_20170116184323930.jpg.chip.jpg,32,Female,Asian
20_1_0_20170117141220570.jpg.chip.jpg,20,Female,White
28_0_3_20170119194507819.jpg.chip.jpg,28,Male,Indian
6_1_1_20170112205056443.jpg.chip.jpg,6,Female,Black
33_1_1_20170112210849669.jpg.chip.jpg,33,Female,Black
39_1_4_20170105173036253.jpg.chip.jpg,39,Female,Others
26_0_0_20170117091437385.jpg.chip.jpg,26,Male,White
35_0_2_20170116172936477.jpg.chip.jpg,35,Male,Asian
23_1_1_20170117175615774.jpg.chip.jpg,23,Female,Black
30_1_3_20170119204149215.jpg.chip.jpg,30,Female,Indian
28_1_2_20170104023041166.jpg.chip.jpg,28,Female,Asian
47_1_0_20170111182452922.jpg.chip.jpg,47,Female,White
26_1_3_20170109134328289.jpg.chip.jpg,26,Female,Indian
2_1_3_20161219230018024.jpg.chip.jpg,2,Female,Indian
27_0_4_20170117010740316.jpg.chip.jpg,27,Male,Others
13_1_4_20170103200733438.jpg.chip.jpg,13,Female,Others
50_1_0_20170111182452943.jpg.chip.jpg,50,Female,White
1_1_4_20161221193234997.jpg.chip.jpg,1,Female,Others
26_0_3_20170119162933629.jpg.chip.jpg,26,Male,Indian
32_1_1_20170112235029546.jpg.chip.jpg,32,Female,Black
15_1_3_20161220145451968.jpg.chip.jpg,15,Female,Indian
32_0_3_20170116030101844.jpg.chip.jpg,32,Male,Indian
24_0_0_20170117150009388.jpg.chip.jpg,24,Male,White
1_1_3_20161220145208607.jpg.chip.jpg,1,Female,Indian
40_1_0_20170117201542095.jpg.chip.jpg,40,Female,White
75_1_0_20170110141247761.jpg.chip.jpg,75,Female,White
8_1_0_20170117175651555.jpg.chip.jpg,8,Female,White
33_0_1_20170116192517064.jpg.chip.jpg,33,Male,Black
26_1_2_20170105163925349.jpg.chip.jpg,26,Female,Asian
26_1_2_20170116184050204.jpg.chip.jpg,26,Female,Asian
13_0_0_20170103201032542.jpg.chip.jpg,13,Male,White
26_1_3_20170117174543231.jpg.chip.jpg,26,Female,Indian
15_0_0_20170103201316167.jpg.chip.jpg,15,Male,White
23_1_2_20170116173110409.jpg.chip.jpg,23,Female,Asian
36_1_1_20170113011437606.jpg.chip.jpg,36,Female,Black
36_0_2_20170104203108125.jpg.chip.jpg,36,Male,Asian
68_0_3_20170119152352911.jpg.chip.jpg,68,Male,Indian
6_1_0_20170109201829191.jpg.chip.jpg,6,Female,White
32_0_1_20170117140748207.jpg.chip.jpg,32,Male,Black
1_0_3_20161220144425181.jpg.chip.jpg,1,Male,Indian
29_1_0_20170103163726008.jpg.chip.jpg,29,Female,White
1_0_3_20161219224706847.jpg.chip.jpg,1,Male,Indian
30_1_0_20170117091710631.jpg.chip.jpg,30,Female,White
35_0_3_20170119201449076.jpg.chip.jpg,35,Male,Indian
4_1_3_20170119180337725.jpg.chip.jpg,4,Female,Indian
24_1_3_20170117150323460.jpg.chip.jpg,24,Female,Indian
4_0_0_20170110224705396.jpg.chip.jpg,4,Male,White
24_1_0_20170116222842089.jpg.chip.jpg,24,Female,White
26_1_1_20170117174033437.jpg.chip.jpg,26,Female,Black
30_0_4_20170117194418932.jpg.chip.jpg,30,Male,Others
55_1_0_20170117143101420.jpg.chip.jpg,55,Female,White
1_1_0_20170109194256082.jpg.chip.jpg,1,Female,White
39_0_0_20170104202635938.jpg.chip.jpg,39,Male,White
30_1_0_20170117092552049.jpg.chip.jpg,30,Female,White
36_0_0_20170112003914754.jpg.chip.jpg,36,Male,White
26_1_1_20170116182045931.jpg.chip.jpg,26,Female,Black
13_1_0_20170109201622416.jpg.chip.jpg,13,Female,White
42_1_0_20170109220451027.jpg.chip.jpg,42,Female,White
42_0_0_20170117120422779.jpg.chip.jpg,42,Male,White
30_0_0_20170117151438712.jpg.chip.jpg,30,Male,White
4_1_3_20161219230403672.jpg.chip.jpg,4,Female,Indian
20_1_0_20170105002441599.jpg.chip.jpg,20,Female,White
24_0_3_20170117150025331.jpg.chip.jpg,24,Male,Indian
50_0_0_20170117153725428.jpg.chip.jpg,50,Male,White
35_0_4_20170105162641195.jpg.chip.jpg,35,Male,Others
80_0_0_20170117172958840.jpg.chip.jpg,80,Male,White
32_1_1_20170116021536910.jpg.chip.jpg,32,Female,Black
35_0_1_20170113151017296.jpg.chip.jpg,35,Male,Black
2_0_0_20170110213143544.jpg.chip.jpg,2,Male,White
34_0_1_20170116003530809.jpg.chip.jpg,34,Male,Black
26_1_1_20170116232602440.jpg.chip.jpg,26,Female,Black
22_1_3_20170104222151616.jpg.chip.jpg,22,Female,Indian
30_1_0_20170117141245568.jpg.chip.jpg,30,Female,White
28_0_1_20170117022131217.jpg.chip.jpg,28,Male,Black
28_1_2_20170116190033925.jpg.chip.jpg,28,Female,Asian
3_1_2_20161219162329494.jpg.chip.jpg,3,Female,Asian
40_1_1_20170113011244319.jpg.chip.jpg,40,Female,Black
41_0_1_20170117185928397.jpg.chip.jpg,41,Male,Black
24_1_4_20170117194337597.jpg.chip.jpg,24,Female,Others
8_1_0_20170109205303856.jpg.chip.jpg,8,Female,White
40_1_2_20170116191811650.jpg.chip.jpg,40,Female,Asian
35_1_1_20170116233126804.jpg.chip.jpg,35,Female,Black
2_1_2_20161219153833780.jpg.chip.jpg,2,Female,Asian
10_1_2_20170109205037024.jpg.chip.jpg,10,Female,Asian
25_1_2_20170116175148849.jpg.chip.jpg,25,Female,Asian
1_1_2_20161219162635831.jpg.chip.jpg,1,Female,Asian
27_1_1_20170117202242686.jpg.chip.jpg,27,Female,Black
3_1_3_20161219225830840.jpg.chip.jpg,3,Female,Indian
55_0_3_20170119211435313.jpg.chip.jpg,55,Male,Indian
2_0_2_20161219190509034.jpg.chip.jpg,2,Male,Asian
13_0_1_20170113150907477.jpg.chip.jpg,13,Male,Black
50_0_0_20170117135339136.jpg.chip.jpg,50,Male,White
35_1_4_20170113182827279.jpg.chip.jpg,35,Female,Others
1_1_0_20170109191440780.jpg.chip.jpg,1,Female,White
37_1_0_20170117160423705.jpg.chip.jpg,37,Female,White
25_1_0_20170103182309849.jpg.chip.jpg,25,Female,White
26_1_0_20170117105735230.jpg.chip.jpg,26,Female,White
35_0_2_20170117191628620.jpg.chip.jpg,35,Male,Asian
24_1_4_20170103234050620.jpg.chip.jpg,24,Female,Others
8_0_0_20170110220124291.jpg.chip.jpg,8,Male,White
2_0_4_20161221200605305.jpg.chip.jpg,2,Male,Others
8_0_2_20170110220614569.jpg.chip.jpg,8,Male,Asian
1_1_1_20170109194645713.jpg.chip.jpg,1,Female,Black
15_1_0_20170109204237329.jpg.chip.jpg,15,Female,White
34_1_1_20170117140052288.jpg.chip.jpg,34,Female,Black
24_0_0_20170117003314278.jpg.chip.jpg,24,Male,White
26_1_3_20170109135843276.jpg.chip.jpg,26,Female,Indian
26_1_4_20170117201058830.jpg.chip.jpg,26,Female,Others
60_0_3_20170119205525232.jpg.chip.jpg,60,Male,Indian
31_1_0_20170116232936514.jpg.chip.jpg,31,Female,White
24_1_3_20170119165459567.jpg.chip.jpg,24,Female,Indian
27_0_0_20170116204126806.jpg.chip.jpg,27,Male,White
60_0_0_20170120222420751.jpg.chip.jpg,60,Male,White
24_1_1_20170112204824258.jpg.chip.jpg,24,Female,Black
32_0_0_20170117133717614.jpg.chip.jpg,32,Male,White
25_0_0_20170119171142840.jpg.chip.jpg,25,Male,White
40_0_0_20170117130718950.jpg.chip.jpg,40,Male,White
25_0_0_20170116200810348.jpg.chip.jpg,25,Male,White
80_0_0_20170111211700924.jpg.chip.jpg,80,Male,White
5_1_2_20161219194405259.jpg.chip.jpg,5,Female,Asian
2_0_2_20161219161046894.jpg.chip.jpg,2,Male,Asian
34_1_0_20170105172420589.jpg.chip.jpg,34,Female,White
1_1_3_20161220145200632.jpg.chip.jpg,1,Female,Indian
12_1_4_20170117201252893.jpg.chip.jpg,12,Female,Others
26_1_1_20170112212042603.jpg.chip.jpg,26,Female,Black
40_1_1_20170113011754567.jpg.chip.jpg,40,Female,Black
35_0_3_20170119171258208.jpg.chip.jpg,35,Male,Indian
21_0_3_20170119154042345.jpg.chip.jpg,21,Male,Indian
23_1_0_20170116221717766.jpg.chip.jpg,23,Female,White
28_0_1_20170113142355492.jpg.chip.jpg,28,Male,Black
29_0_2_20170116163356668.jpg.chip.jpg,29,Male,Asian
26_0_2_20170116184721092.jpg.chip.jpg,26,Male,Asian
41_0_4_20170117022116049.jpg.chip.jpg,41,Male,Others
3_0_2_20161219160003893.jpg.chip.jpg,3,Male,Asian
29_0_3_20170119195301291.jpg.chip.jpg,29,Male,Indian
38_0_0_20170105171807556.jpg.chip.jpg,38,Male,White
1_0_3_20161219230455336.jpg.chip.jpg,1,Male,Indian
5_0_4_20170103212624758.jpg.chip.jpg,5,Male,Others
1_1_0_20170109191234378.jpg.chip.jpg,1,Female,White
26_1_2_20170116184450443.jpg.chip.jpg,26,Female,Asian
26_1_3_20170117154635126.jpg.chip.jpg,26,Female,Indian
37_1_0_20170117184728225.jpg.chip.jpg,37,Female,White
1_1_0_20170109190937434.jpg.chip.jpg,1,Female,White
26_1_2_20170116175333732.jpg.chip.jpg,26,Female,Asian
66_1_0_20170110140359075.jpg.chip.jpg,66,Female,White
7_0_2_20161219193457075.jpg.chip.jpg,7,Male,Asian
35_0_0_20170104183852983.jpg.chip.jpg,35,Male,White
70_1_0_20170110122949483.jpg.chip.jpg,70,Female,White
36_1_1_20170116163956549.jpg.chip.jpg,36,Female,Black
29_0_1_20170116202000095.jpg.chip.jpg,29,Male,Black
72_0_2_20170112205543070.jpg.chip.jpg,72,Male,Asian
50_0_0_20170117190657761.jpg.chip.jpg,50,Male,White
38_0_1_20170117133818533.jpg.chip.jpg,38,Male,Black
79_0_1_20170111223356803.jpg.chip.jpg,79,Male,Black
45_1_0_20170117181433644.jpg.chip.jpg,45,Female,White
21_0_0_20170104230057120.jpg.chip.jpg,21,Male,White
35_1_0_20170105162344803.jpg.chip.jpg,35,Female,White
29_0_4_20170117094742046.jpg.chip.jpg,29,Male,Others
21_1_1_20170112193012350.jpg.chip.jpg,21,Female,Black
23_1_4_20170117194306603.jpg.chip.jpg,23,Female,Others
16_0_0_20170110232741392.jpg.chip.jpg,16,Male,White
32_1_4_20170105165021555.jpg.chip.jpg,32,Female,Others
35_1_1_20170113005402981.jpg.chip.jpg,35,Female,Black
16_1_0_20170103201016775.jpg.chip.jpg,16,Female,White
18_0_3_20170104225753848.jpg.chip.jpg,18,Male,Indian
25_1_0_20170117140853353.jpg.chip.jpg,25,Female,White
1_0_0_20170110213006580.jpg.chip.jpg,1,Male,White
29_0_0_20170116214300022.jpg.chip.jpg,29,Male,White
22_1_3_20170117143926531.jpg.chip.jpg,22,Female,Indian
60_0_0_20170109013457906.jpg.chip.jpg,60,Male,White
35_0_0_20170117021229282.jpg.chip.jpg,35,Male,White
1_0_0_20170109192219011.jpg.chip.jpg,1,Male,White
32_0_1_20170113182309733.jpg.chip.jpg,32,Male,Black
42_0_0_20170113184108638.jpg.chip.jpg,42,Male,White
29_1_1_20170112230631076.jpg.chip.jpg,29,Female,Black
70_0_0_20170117174841157.jpg.chip.jpg,70,Male,White
60_1_0_20170110122544644.jpg.chip.jpg,60,Female,White
18_1_1_20170113002913732.jpg.chip.jpg,18,Female,Black
28_0_2_20170116175154482.jpg.chip.jpg,28,Male,Asian
38_0_1_20170113195941277.jpg.chip.jpg,38,Male,Black
36_0_3_20170119150422534.jpg.chip.jpg,36,Male,Indian
55_0_0_20170104212747734.jpg.chip.jpg,55,Male,White
26_1_1_20170116024218334.jpg.chip.jpg,26,Female,Black
30_0_1_20170113132711742.jpg.chip.jpg,30,Male,Black
8_1_0_20170109205311048.jpg.chip.jpg,8,Female,White
14_0_4_20170117204503401.jpg.chip.jpg,14,Male,Others
21_0_0_20170104230101545.jpg.chip.jpg,21,Male,White
45_0_0_20170120220616729.jpg.chip.jpg,45,Male,White
1_0_2_20161219202752764.jpg.chip.jpg,1,Male,Asian
29_1_3_20170104232524938.jpg.chip.jpg,29,Female,Indian
36_1_3_20170117135606725.jpg.chip.jpg,36,Female,Indian
28_0_1_20170117020349205.jpg.chip.jpg,28,Male,Black
6_1_3_20161220222431162.jpg.chip.jpg,6,Female,Indian
30_0_3_20170117151144661.jpg.chip.jpg,30,Male,Indian
50_0_0_20170117135739223.jpg.chip.jpg,50,Male,White
21_0_1_20170114032058290.jpg.chip.jpg,21,Male,Black
26_1_1_20170116011345690.jpg.chip.jpg,26,Female,Black
28_0_0_20170116215505239.jpg.chip.jpg,28,Male,White
29_0_3_20170119195240374.jpg.chip.jpg,29,Male,Indian
26_0_0_20170117173120220.jpg.chip.jpg,26,Male,White
8_0_2_20161219162204262.jpg.chip.jpg,8,Male,Asian
21_0_3_20170119154213179.jpg.chip.jpg,21,Male,Indian
28_0_3_20170119194526899.jpg.chip.jpg,28,Male,Indian
7_1_0_20170109200933192.jpg.chip.jpg,7,Female,White
53_1_1_20170113001807851.jpg.chip.jpg,53,Female,Black
26_1_1_20170116232709732.jpg.chip.jpg,26,Female,Black
1_1_2_20161219202514684.jpg.chip.jpg,1,Female,Asian
38_0_3_20170119202601638.jpg.chip.jpg,38,Male,Indian
32_1_2_20170116191616216.jpg.chip.jpg,32,Female,Asian
8_1_4_20170109201742209.jpg.chip.jpg,8,Female,Others
62_0_1_20170117175059690.jpg.chip.jpg,62,Male,Black
21_1_4_20170103230521217.jpg.chip.jpg,21,Female,Others
40_0_0_20170116212308931.jpg.chip.jpg,40,Male,White
32_1_0_20170109140418625.jpg.chip.jpg,32,Female,White
34_0_3_20170119151259742.jpg.chip.jpg,34,Male,Indian
25_1_3_20170119171923120.jpg.chip.jpg,25,Female,Indian
21_1_0_20170111182452742.jpg.chip.jpg,21,Female,White
2_0_2_20161219161204614.jpg.chip.jpg,2,Male,Asian
5_0_0_20170110213554657.jpg.chip.jpg,5,Male,White
60_1_0_20170110141408280.jpg.chip.jpg,60,Female,White
48_1_0_20170117173924359.jpg.chip.jpg,48,Female,White
1_0_4_20161221195316815.jpg.chip.jpg,1,Male,Others
27_1_3_20170119194422122.jpg.chip.jpg,27,Female,Indian
27_0_0_20170104171511929.jpg.chip.jpg,27,Male,White
39_1_0_20170104235806251.jpg.chip.jpg,39,Female,White
51_0_0_20170120222851682.jpg.chip.jpg,51,Male,White
55_0_0_20170104212248372.jpg.chip.jpg,55,Male,White
26_0_3_20170119183830982.jpg.chip.jpg,26,Male,Indian
20_1_1_20170113005339990.jpg.chip.jpg,20,Female,Black
40_0_2_20170116173629300.jpg.chip.jpg,40,Male,Asian
18_0_3_20170104225812688.jpg.chip.jpg,18,Male,Indian
20_0_1_20170113174858707.jpg.chip.jpg,20,Male,Black
28_1_0_20170117122009585.jpg.chip.jpg,28,Female,White
32_1_0_20170103182408417.jpg.chip.jpg,32,Female,White
10_0_0_20170110220514186.jpg.chip.jpg,10,Male,White
71_1_0_20170110181315747.jpg.chip.jpg,71,Female,White
23_0_1_20170113195604509.jpg.chip.jpg,23,Male,Black
32_0_1_20170113172916939.jpg.chip.jpg,32,Male,Black
42_0_1_20170113155055273.jpg.chip.jpg,42,Male,Black
27_1_3_20170117180032189.jpg.chip.jpg,27,Female,Indian
11_0_0_20170110224408700.jpg.chip.jpg,11,Male,White
35_1_0_20170105162234814.jpg.chip.jpg,35,Female,White
29_0_1_20170113141803388.jpg.chip.jpg,29,Male,Black
35_0_4_20170117171324867.jpg.chip.jpg,35,Male,Others
42_1_4_20170109002558079.jpg.chip.jpg,42,Female,Others
21_1_0_20170116215450607.jpg.chip.jpg,21,Female,White
27_1_3_20170119193234322.jpg.chip.jpg,27,Female,Indian
16_0_4_20170103205822811.jpg.chip.jpg,16,Male,Others
74_0_0_20170111221819719.jpg.chip.jpg,74,Male,White
57_0_0_20170117140047588.jpg.chip.jpg,57,Male,White
28_1_2_20170116190130252.jpg.chip.jpg,28,Female,Asian
26_1_2_20170104015741532.jpg.chip.jpg,26,Female,Asian
75_0_2_20170112211826867.jpg.chip.jpg,75,Male,Asian
55_0_3_20170119171322926.jpg.chip.jpg,55,Male,Indian
35_0_0_20170117134959477.jpg.chip.jpg,35,Male,White
63_0_0_20170104213553685.jpg.chip.jpg,63,Male,White
38_0_0_20170104200835937.jpg.chip.jpg,38,Male,White
53_0_0_20170111201139891.jpg.chip.jpg,53,Male,White
70_1_0_20170110124127878.jpg.chip.jpg,70,Female,White
26_1_2_20170115235521886.jpg.chip.jpg,26,Female,Asian
42_1_0_20170117154907268.jpg.chip.jpg,42,Female,White
2_1_2_20161219141208216.jpg.chip.jpg,2,Female,Asian
31_0_0_20170117181551404.jpg.chip.jpg,31,Male,White
32_0_0_20170117134709477.jpg.chip.jpg,32,Male,White
34_0_3_20170119200816604.jpg.chip.jpg,34,Male,Indian
30_1_0_20170117183633526.jpg.chip.jpg,30,Female,White
21_1_2_20170105002530429.jpg.chip.jpg,21,Female,Asian
35_1_0_20170116201540728.jpg.chip.jpg,35,Female,White
20_1_4_20170103223117967.jpg.chip.jpg,20,Female,Others
35_1_1_20170112230432254.jpg.chip.jpg,35,Female,Black
17_1_0_20170109213929449.jpg.chip.jpg,17,Female,White
14_1_0_20170109212926958.jpg.chip.jpg,14,Female,White
32_0_1_20170113152213617.jpg.chip.jpg,32,Male,Black
24_0_0_20170116221926893.jpg.chip.jpg,24,Male,White
37_0_1_20170117164349761.jpg.chip.jpg,37,Male,Black
55_1_1_20170120221120195.jpg.chip.jpg,55,Female,Black
45_0_0_20170117145901316.jpg.chip.jpg,45,Male,White
32_0_3_20170119200340188.jpg.chip.jpg,32,Male,Indian
40_1_1_20170112231504476.jpg.chip.jpg,40,Female,Black
56_0_1_20170113142254836.jpg.chip.jpg,56,Male,Black
57_0_0_20170120223908110.jpg.chip.jpg,57,Male,White
34_1_3_20170119200614779.jpg.chip.jpg,34,Female,Indian
16_0_0_20170110232301837.jpg.chip.jpg,16,Male,White
21_1_3_20170104222108390.jpg.chip.jpg,21,Female,Indian
4_1_3_20161220223107732.jpg.chip.jpg,4,Female,Indian
26_1_2_20170116180005797.jpg.chip.jpg,26,Female,Asian
29_0_2_20170116163105337.jpg.chip.jpg,29,Male,Asian
29_0_0_20170117121824742.jpg.chip.jpg,29,Male,White
1_1_2_20161219153514108.jpg.chip.jpg,1,Female,Asian
63_0_0_20170117161116206.jpg.chip.jpg,63,Male,White
42_0_3_20170104210357420.jpg.chip.jpg,42,Male,Indian
40_0_0_20170117142017783.jpg.chip.jpg,40,Male,White
45_0_1_20170117204046200.jpg.chip.jpg,45,Male,Black
1_1_3_20161220222128210.jpg.chip.jpg,1,Female,Indian
37_0_0_20170109015606661.jpg.chip.jpg,37,Male,White
26_1_1_20170116164358291.jpg.chip.jpg,26,Female,Black
73_1_0_20170110153035158.jpg.chip.jpg,73,Female,White
26_0_1_20170117194404976.jpg.chip.jpg,26,Male,Black
60_0_0_20170117135052544.jpg.chip.jpg,60,Male,White
56_0_0_20170111211219557.jpg.chip.jpg,56,Male,White
12_1_0_20170103200659679.jpg.chip.jpg,12,Female,White
30_0_3_20170119195759283.jpg.chip.jpg,30,Male,Indian
44_0_3_20170119165428991.jpg.chip.jpg,44,Male,Indian
4_1_4_20161221201935361.jpg.chip.jpg,4,Female,Others
9_0_0_20170110220406314.jpg.chip.jpg,9,Male,White
24_0_1_20170120133915911.jpg.chip.jpg,24,Male,Black
29_1_0_20170117092610705.jpg.chip.jpg,29,Female,White
1_1_4_20161221195938992.jpg.chip.jpg,1,Female,Others
26_0_1_20170116181040400.jpg.chip.jpg,26,Male,Black
38_0_1_20170113184321335.jpg.chip.jpg,38,Male,Black
60_0_0_20170120223110723.jpg.chip.jpg,60,Male,White
58_0_0_20170111195348887.jpg.chip.jpg,58,Male,White
24_1_2_20170116163909292.jpg.chip.jpg,24,Female,Asian
25_1_0_20170109213232182.jpg.chip.jpg,25,Female,White
31_1_1_20170116014139015.jpg.chip.jpg,31,Female,Black
26_1_2_20170116184657842.jpg.chip.jpg,26,Female,Asian
31_1_0_20170103180729440.jpg.chip.jpg,31,Female,White
45_0_1_20170117182914790.jpg.chip.jpg,45,Male,Black
2_1_2_20161219151151323.jpg.chip.jpg,2,Female,Asian
28_0_0_20170119155105218.jpg.chip.jpg,28,Male,White
33_0_1_20170113001600274.jpg.chip.jpg,33,Male,Black
35_1_2_20170117092216605.jpg.chip.jpg,35,Female,Asian
28_0_1_20170113145739893.jpg.chip.jpg,28,Male,Black
34_1_0_20170111182452832.jpg.chip.jpg,34,Female,White
60_1_0_20170119152445591.jpg.chip.jpg,60,Female,White
50_0_1_20170117173418899.jpg.chip.jpg,50,Male,Black
38_1_1_20170112205041100.jpg.chip.jpg,38,Female,Black
36_0_1_20170113135650138.jpg.chip.jpg,36,Male,Black
30_1_3_20170119195851939.jpg.chip.jpg,30,Female,Indian
31_0_0_20170103183951893.jpg.chip.jpg,31,Male,White
23_1_4_20170103233619053.jpg.chip.jpg,23,Female,Others
26_1_1_20170116022019173.jpg.chip.jpg,26,Female,Black
37_0_3_20170119194717603.jpg.chip.jpg,37,Male,Indian
47_1_0_20170104184702870.jpg.chip.jpg,47,Female,White
42_0_1_20170113175751788.jpg.chip.jpg,42,Male,Black
34_0_1_20170116164815094.jpg.chip.jpg,34,Male,Black
30_1_3_20170104223046816.jpg.chip.jpg,30,Female,Indian
24_1_1_20170115234849261.jpg.chip.jpg,24,Female,Black
26_0_0_20170116232422006.jpg.chip.jpg,26,Male,White
47_0_0_20170117135954024.jpg.chip.jpg,47,Male,White
12_1_0_20170109204750280.jpg.chip.jpg,12,Female,White
73_0_0_20170117192346540.jpg.chip.jpg,73,Male,White
26_1_1_20170112213135759.jpg.chip.jpg,26,Female,Black
34_0_3_20170109140934624.jpg.chip.jpg,34,Male,Indian
28_1_1_20170112202844634.jpg.chip.jpg,28,Female,Black
24_1_4_20170117150737098.jpg.chip.jpg,24,Female,Others
47_1_3_20170109133358794.jpg.chip.jpg,47,Female,Indian
40_1_1_20170113001043722.jpg.chip.jpg,40,Female,Black
49_0_0_20170112222149209.jpg.chip.jpg,49,Male,White
1_0_2_20161220144957407.jpg.chip.jpg,1,Male,Asian
36_0_0_20170105172557165.jpg.chip.jpg,36,Male,White
58_0_0_20170111195305743.jpg.chip.jpg,58,Male,White
56_1_1_20170113005840156.jpg.chip.jpg,56,Female,Black
36_1_0_20170103182848826.jpg.chip.jpg,36,Female,White
31_1_2_20170116191359803.jpg.chip.jpg,31,Female,Asian
16_0_2_20170110232739283.jpg.chip.jpg,16,Male,Asian
40_0_0_20170104204933500.jpg.chip.jpg,40,Male,White
29_1_1_20170116001305894.jpg.chip.jpg,29,Female,Black
28_1_4_20170103181212270.jpg.chip.jpg,28,Female,Others
1_0_2_20161219155855829.jpg.chip.jpg,1,Male,Asian
80_1_0_20170120222314991.jpg.chip.jpg,80,Female,White
35_0_3_20170117191232217.jpg.chip.jpg,35,Male,Indian
30_1_0_20170117170934860.jpg.chip.jpg,30,Female,White
21_1_0_20170117142653808.jpg.chip.jpg,21,Female,White
21_0_0_20170104230059401.jpg.chip.jpg,21,Male,White
27_0_4_20170117150054594.jpg.chip.jpg,27,Male,Others
28_0_1_20170117165836339.jpg.chip.jpg,28,Male,Black
53_1_0_20170108224819091.jpg.chip.jpg,53,Female,White
54_0_0_20170117171109228.jpg.chip.jpg,54,Male,White
43_1_0_20170105173022908.jpg.chip.jpg,43,Female,White
58_1_0_20170109142427954.jpg.chip.jpg,58,Female,White
4_1_0_20170109191412927.jpg.chip.jpg,4,Female,White
75_0_0_20170113185416591.jpg.chip.jpg,75,Male,White
50_0_0_20170117091314400.jpg.chip.jpg,50,Male,White
30_0_3_20170104230725129.jpg.chip.jpg,30,Male,Indian
29_1_1_20170112231815517.jpg.chip.jpg,29,Female,Black
24_1_4_20170117150624909.jpg.chip.jpg,24,Female,Others
28_0_3_20170119194510275.jpg.chip.jpg,28,Male,Indian
43_0_0_20170109002737188.jpg.chip.jpg,43,Male,White
32_1_0_20170113000739610.jpg.chip.jpg,32,Female,White
1_1_0_20170117192722435.jpg.chip.jpg,1,Female,White
54_1_2_20170116193506567.jpg.chip.jpg,54,Female,Asian
8_1_0_20170117175945147.jpg.chip.jpg,8,Female,White
31_0_1_20170116142922375.jpg.chip.jpg,31,Male,Black
30_0_0_20170117120906582.jpg.chip.jpg,30,Male,White
34_0_1_20170113181625781.jpg.chip.jpg,34,Male,Black
8_1_3_20170104221914568.jpg.chip.jpg,8,Female,Indian
47_0_0_20170105173254709.jpg.chip.jpg,47,Male,White
26_1_2_20170116184043483.jpg.chip.jpg,26,Female,Asian
68_1_0_20170120224936648.jpg.chip.jpg,68,Female,White
40_0_2_20170117154534091.jpg.chip.jpg,40,Male,Asian
40_1_0_20170104192805191.jpg.chip.jpg,40,Female,White
26_0_1_20170116204941727.jpg.chip.jpg,26,Male,Black
68_1_1_20170113012709282.jpg.chip.jpg,68,Female,Black
25_1_1_20170116175304948.jpg.chip.jpg,25,Female,Black
23_0_1_20170114033532450.jpg.chip.jpg,23,Male,Black
22_1_1_20170112230542227.jpg.chip.jpg,22,Female,Black
8_1_0_20170109203315965.jpg.chip.jpg,8,Female,White
33_1_0_20170117171111730.jpg.chip.jpg,33,Female,White
3_1_3_20161219230023400.jpg.chip.jpg,3,Female,Indian
44_0_0_20170120140310249.jpg.chip.jpg,44,Male,White
26_1_3_20170117153146187.jpg.chip.jpg,26,Female,Indian
1_0_0_20170110213326577.jpg.chip.jpg,1,Male,White
25_1_1_20170116003309994.jpg.chip.jpg,25,Female,Black
24_0_2_20170116173635907.jpg.chip.jpg,24,Male,Asian
26_0_1_20170113182414254.jpg.chip.jpg,26,Male,Black
36_1_1_20170117134015960.jpg.chip.jpg,36,Female,Black
42_0_4_20170104174008963.jpg.chip.jpg,42,Male,Others
32_1_2_20170117134733341.jpg.chip.jpg,32,Female,Asian
30_0_0_20170117140805766.jpg.chip.jpg,30,Male,White
2_0_0_20170109193359075.jpg.chip.jpg,2,Male,White
1_0_2_20161219190110523.jpg.chip.jpg,1,Male,Asian
1_0_3_20161220223225003.jpg.chip.jpg,1,Male,Indian
38_1_1_20170116012202989.jpg.chip.jpg,38,Female,Black
30_1_0_20170117144452546.jpg.chip.jpg,30,Female,White
60_1_0_20170110124140071.jpg.chip.jpg,60,Female,White
74_1_0_20170120223651118.jpg.chip.jpg,74,Female,White
34_1_0_20170105172659429.jpg.chip.jpg,34,Female,White
25_1_2_20170116165425465.jpg.chip.jpg,25,Female,Asian
31_0_1_20170116002854242.jpg.chip.jpg,31,Male,Black
32_0_0_20170117010455142.jpg.chip.jpg,32,Male,White
70_0_0_20170120140346584.jpg.chip.jpg,70,Male,White
39_1_4_20170104172929139.jpg.chip.jpg,39,Female,Others
1_0_2_20161219162212662.jpg.chip.jpg,1,Male,Asian
27_1_0_20170117175951091.jpg.chip.jpg,27,Female,White
26_0_3_20170119191754105.jpg.chip.jpg,26,Male,Indian
53_0_0_20170120223001107.jpg.chip.jpg,53,Male,White
29_1_3_20170104232640192.jpg.chip.jpg,29,Female,Indian
22_1_0_20170103183738666.jpg.chip.jpg,22,Female,White
28_0_3_20170119194726564.jpg.chip.jpg,28,Male,Indian
25_0_1_20170113184508496.jpg.chip.jpg,25,Male,Black
26_0_3_20170119172209840.jpg.chip.jpg,26,Male,Indian
26_0_0_20170113210605270.jpg.chip.jpg,26,Male,White
31_1_1_20170117170047936.jpg.chip.jpg,31,Female,Black
23_1_3_20170119164502773.jpg.chip.jpg,23,Female,Indian
31_0_0_20170117172435086.jpg.chip.jpg,31,Male,White
34_0_0_20170117203213479.jpg.chip.jpg,34,Male,White
25_1_2_20170116174825431.jpg.chip.jpg,25,Female,Asian
58_0_0_20170104213234525.jpg.chip.jpg,58,Male,White
28_1_2_20170109141410232.jpg.chip.jpg,28,Female,Asian
53_1_1_20170110122449716.jpg.chip.jpg,53,Female,Black
60_0_0_20170111171747553.jpg.chip.jpg,60,Male,White
36_1_0_20170113005733903.jpg.chip.jpg,36,Female,White
48_0_4_20170117204131728.jpg.chip.jpg,48,Male,Others
24_1_2_20170116174405212.jpg.chip.jpg,24,Female,Asian
40_0_0_20170117170900892.jpg.chip.jpg,40,Male,White
40_0_1_20170117170613429.jpg.chip.jpg,40,Male,Black
22_1_2_20170116172028415.jpg.chip.jpg,22,Female,Asian
26_1_1_20170116232807177.jpg.chip.jpg,26,Female,Black
32_1_1_20170115235041750.jpg.chip.jpg,32,Female,Black
9_0_0_20170110220427042.jpg.chip.jpg,9,Male,White
9_0_0_20170110220515721.jpg.chip.jpg,9,Male,White
69_0_0_20170104213620014.jpg.chip.jpg,69,Male,White
56_1_3_20170109132251210.jpg.chip.jpg,56,Female,Indian
16_0_0_20170110232142982.jpg.chip.jpg,16,Male,White
22_0_2_20170116172135035.jpg.chip.jpg,22,Male,Asian
23_1_0_20170103180035647.jpg.chip.jpg,23,Female,White
22_0_1_20170114033210195.jpg.chip.jpg,22,Male,Black
39_0_0_20170105165203483.jpg.chip.jpg,39,Male,White
38_1_1_20170116160457906.jpg.chip.jpg,38,Female,Black
26_1_1_20170112204005344.jpg.chip.jpg,26,Female,Black
34_0_0_20170117182629797.jpg.chip.jpg,34,Male,White
15_1_0_20170109214302271.jpg.chip.jpg,15,Female,White
50_0_0_20170113210604690.jpg.chip.jpg,50,Male,White
30_1_1_20170112231435630.jpg.chip.jpg,30,Female,Black
13_1_1_20170109204443201.jpg.chip.jpg,13,Female,Black
16_1_0_20170117175202679.jpg.chip.jpg,16,Female,White
80_0_1_20170111181750520.jpg.chip.jpg,80,Male,Black
47_0_2_20170116184928912.jpg.chip.jpg,47,Male,Asian
37_0_2_20170117140013545.jpg.chip.jpg,37,Male,Asian
68_0_3_20170119184302094.jpg.chip.jpg,68,Male,Indian
2_1_2_20161219222249678.jpg.chip.jpg,2,Female,Asian
60_1_0_20170110140847057.jpg.chip.jpg,60,Female,White
55_0_3_20170119204811925.jpg.chip.jpg,55,Male,Indian
9_0_0_20170110220005370.jpg.chip.jpg,9,Male,White
34_0_0_20170117134853215.jpg.chip.jpg,34,Male,White
35_0_0_20170117121726176.jpg.chip.jpg,35,Male,White
16_0_4_20170102234702965.jpg.chip.jpg,16,Male,Others
10_0_0_20170116201102149.jpg.chip.jpg,10,Male,White
49_0_0_20170117180047148.jpg.chip.jpg,49,Male,White
28_1_1_20170116234825295.jpg.chip.jpg,28,Female,Black
22_1_4_20170103233857003.jpg.chip.jpg,22,Female,Others
40_0_1_20170105164641662.jpg.chip.jpg,40,Male,Black
26_0_1_20170116233406148.jpg.chip.jpg,26,Male,Black
58_1_1_20170113185350033.jpg.chip.jpg,58,Female,Black
37_0_3_20170119202413166.jpg.chip.jpg,37,Male,Indian
3_1_2_20161219142723433.jpg.chip.jpg,3,Female,Asian
26_1_1_20170116231533347.jpg.chip.jpg,26,Female,Black
30_1_2_20170116163322535.jpg.chip.jpg,30,Female,Asian
28_0_1_20170116203937699.jpg.chip.jpg,28,Male,Black
42_0_1_20170116205000015.jpg.chip.jpg,42,Male,Black
53_0_0_20170117161105279.jpg.chip.jpg,53,Male,White
17_0_1_20170113132556480.jpg.chip.jpg,17,Male,Black
32_0_3_20170119200320269.jpg.chip.jpg,32,Male,Indian
54_1_1_20170113013035146.jpg.chip.jpg,54,Female,Black
20_1_3_20170119180826861.jpg.chip.jpg,20,Female,Indian
54_0_1_20170117190531158.jpg.chip.jpg,54,Male,Black
27_0_2_20170116171028124.jpg.chip.jpg,27,Male,Asian
26_0_0_20170116224826344.jpg.chip.jpg,26,Male,White
16_1_0_20170109213948727.jpg.chip.jpg,16,Female,White
20_1_2_20170116170358089.jpg.chip.jpg,20,Female,Asian
25_1_3_20170119171943592.jpg.chip.jpg,25,Female,Indian
3_1_2_20161219155423541.jpg.chip.jpg,3,Female,Asian
26_1_1_20170112210429380.jpg.chip.jpg,26,Female,Black
26_0_0_20170116235217494.jpg.chip.jpg,26,Male,White
26_1_1_20170116232538007.jpg.chip.jpg,26,Female,Black
27_1_2_20170116172452183.jpg.chip.jpg,27,Female,Asian
24_1_1_20170113005327119.jpg.chip.jpg,24,Female,Black
5_1_2_20161219195118916.jpg.chip.jpg,5,Female,Asian
24_1_2_20170116170010620.jpg.chip.jpg,24,Female,Asian
11_1_0_20170109205214234.jpg.chip.jpg,11,Female,White
61_0_0_20170117174635328.jpg.chip.jpg,61,Male,White
39_1_0_20170105170221811.jpg.chip.jpg,39,Female,White
2_1_2_20161219160405349.jpg.chip.jpg,2,Female,Asian
26_0_0_20170113134718713.jpg.chip.jpg,26,Male,White
48_1_0_20170105000634011.jpg.chip.jpg,48,Female,White
27_1_1_20170117010425092.jpg.chip.jpg,27,Female,Black
31_0_1_20170117183828950.jpg.chip.jpg,31,Male,Black
25_1_0_20170103175619551.jpg.chip.jpg,25,Female,White
67_1_0_20170104170235233.jpg.chip.jpg,67,Female,White
38_0_0_20170117175858084.jpg.chip.jpg,38,Male,White
25_0_3_20170119171508760.jpg.chip.jpg,25,Male,Indian
32_1_2_20170116190141356.jpg.chip.jpg,32,Female,Asian
35_0_1_20170117091619928.jpg.chip.jpg,35,Male,Black
60_1_0_20170110154325940.jpg.chip.jpg,60,Female,White
73_0_0_20170120230235659.jpg.chip.jpg,73,Male,White
1_0_3_20161220144649151.jpg.chip.jpg,1,Male,Indian
38_0_1_20170117135753077.jpg.chip.jpg,38,Male,Black
45_1_0_20170117182517677.jpg.chip.jpg,45,Female,White
34_0_1_20170116204949668.jpg.chip.jpg,34,Male,Black
70_1_3_20170116224931319.jpg.chip.jpg,70,Female,Indian
8_1_2_20170109203855544.jpg.chip.jpg,8,Female,Asian
7_1_3_20161220221712842.jpg.chip.jpg,7,Female,Indian
27_0_3_20170119193237466.jpg.chip.jpg,27,Male,Indian
30_1_0_20170117000354691.jpg.chip.jpg,30,Female,White
26_1_1_20170116171823756.jpg.chip.jpg,26,Female,Black
27_0_0_20170116204851886.jpg.chip.jpg,27,Male,White
1_0_3_20161219225413968.jpg.chip.jpg,1,Male,Indian
12_1_0_20170103200711205.jpg.chip.jpg,12,Female,White
29_0_0_20170116221737674.jpg.chip.jpg,29,Male,White
1_0_2_20161219162518471.jpg.chip.jpg,1,Male,Asian
13_0_2_20170103201143159.jpg.chip.jpg,13,Male,Asian
26_1_0_20170117174719206.jpg.chip.jpg,26,Female,White
22_0_0_20170119150241646.jpg.chip.jpg,22,Male,White
60_1_0_20170110140637026.jpg.chip.jpg,60,Female,White
17_0_0_20170105183357879.jpg.chip.jpg,17,Male,White
48_0_0_20170117013758131.jpg.chip.jpg,48,Male,White
3_1_4_20161223231741788.jpg.chip.jpg,3,Female,Others
26_1_0_20170117091659319.jpg.chip.jpg,26,Female,White
29_1_1_20170116173431601.jpg.chip.jpg,29,Female,Black
26_0_1_20170113145620590.jpg.chip.jpg,26,Male,Black
28_0_4_20170105163707258.jpg.chip.jpg,28,Male,Others
67_0_0_20170120224536320.jpg.chip.jpg,67,Male,White
1_1_3_20161220143350174.jpg.chip.jpg,1,Female,Indian
27_0_3_20170119193302202.jpg.chip.jpg,27,Male,Indian
55_0_0_20170111203845708.jpg.chip.jpg,55,Male,White
24_1_0_20170117150515251.jpg.chip.jpg,24,Female,White
1_1_2_20161219162415934.jpg.chip.jpg,1,Female,Asian
45_0_4_20170117204342880.jpg.chip.jpg,45,Male,Others
28_0_3_20170119194622939.jpg.chip.jpg,28,Male,Indian
24_1_0_20170104234820025.jpg.chip.jpg,24,Female,White
26_0_4_20170117200446422.jpg.chip.jpg,26,Male,Others
58_1_0_20170117173311314.jpg.chip.jpg,58,Female,White
60_0_0_20170104205856564.jpg.chip.jpg,60,Male,White
17_1_3_20170104221822223.jpg.chip.jpg,17,Female,Indian
23_0_4_20170102233413972.jpg.chip.jpg,23,Male,Others
12_1_0_20170109204206273.jpg.chip.jpg,12,Female,White
32_1_1_20170113005606791.jpg.chip.jpg,32,Female,Black
28_1_4_20170103235832524.jpg.chip.jpg,28,Female,Others
35_1_0_20170117171423779.jpg.chip.jpg,35,Female,White
55_0_2_20170117172114356.jpg.chip.jpg,55,Male,Asian
1_1_0_20170109194143550.jpg.chip.jpg,1,Female,White
51_1_0_20170117173726343.jpg.chip.jpg,51,Female,White
34_1_1_20170116224909263.jpg.chip.jpg,34,Female,Black
24_1_1_20170112234416328.jpg.chip.jpg,24,Female,Black
31_1_2_20170109003538257.jpg.chip.jpg,31,Female,Asian
28_0_0_20170117180506408.jpg.chip.jpg,28,Male,White
26_0_0_20170116203116520.jpg.chip.jpg,26,Male,White
24_1_2_20170116174526687.jpg.chip.jpg,24,Female,Asian
80_0_1_20170111205551658.jpg.chip.jpg,80,Male,Black
35_0_3_20170104214246948.jpg.chip.jpg,35,Male,Indian
36_0_2_20170103235656733.jpg.chip.jpg,36,Male,Asian
37_1_1_20170116021749594.jpg.chip.jpg,37,Female,Black
30_1_0_20170117120237417.jpg.chip.jpg,30,Female,White
30_1_0_20170117181115699.jpg.chip.jpg,30,Female,White
38_1_1_20170117154145792.jpg.chip.jpg,38,Female,Black
24_1_0_20170117194813077.jpg.chip.jpg,24,Female,White
3_0_0_20170110212754904.jpg.chip.jpg,3,Male,White
27_1_1_20170117013811568.jpg.chip.jpg,27,Female,Black
1_1_2_20161219155353413.jpg.chip.jpg,1,Female,Asian
30_0_1_20170113141819444.jpg.chip.jpg,30,Male,Black
22_0_0_20170103234830581.jpg.chip.jpg,22,Male,White
3_0_0_20161219154520213.jpg.chip.jpg,3,Male,White
24_1_1_20170117013833600.jpg.chip.jpg,24,Female,Black
26_1_1_20170116233102426.jpg.chip.jpg,26,Female,Black
26_1_0_20170116162357240.jpg.chip.jpg,26,Female,White
57_0_0_20170109003027076.jpg.chip.jpg,57,Male,White
17_1_4_20170104001810179.jpg.chip.jpg,17,Female,Others
8_0_0_20170110220157082.jpg.chip.jpg,8,Male,White
60_1_0_20170110141239841.jpg.chip.jpg,60,Female,White
26_1_0_20170116021541440.jpg.chip.jpg,26,Female,White
36_0_0_20170117202645622.jpg.chip.jpg,36,Male,White
19_1_3_20170104221847479.jpg.chip.jpg,19,Female,Indian
32_0_1_20170116002236204.jpg.chip.jpg,32,Male,Black
1_0_2_20161219222040503.jpg.chip.jpg,1,Male,Asian
45_0_0_20170116224726258.jpg.chip.jpg,45,Male,White
49_1_3_20170113190751369.jpg.chip.jpg,49,Female,Indian
24_0_2_20170116173527524.jpg.chip.jpg,24,Male,Asian
24_1_0_20170116220453857.jpg.chip.jpg,24,Female,White
3_1_0_20170109193506319.jpg.chip.jpg,3,Female,White
80_0_2_20170111205702505.jpg.chip.jpg,80,Male,Asian
59_1_2_20170109134248584.jpg.chip.jpg,59,Female,Asian
32_0_1_20170117021355678.jpg.chip.jpg,32,Male,Black
40_0_0_20170117091924107.jpg.chip.jpg,40,Male,White
65_0_1_20170113184830231.jpg.chip.jpg,65,Male,Black
34_0_0_20170117134913196.jpg.chip.jpg,34,Male,White
56_0_0_20170117130657701.jpg.chip.jpg,56,Male,White
32_1_2_20170116185951847.jpg.chip.jpg,32,Female,Asian
39_0_0_20170104202631251.jpg.chip.jpg,39,Male,White
35_0_0_20170116232636326.jpg.chip.jpg,35,Male,White
34_1_1_20170114024710355.jpg.chip.jpg,34,Female,Black
41_1_3_20170109140751299.jpg.chip.jpg,41,Female,Indian
26_1_3_20170119192325721.jpg.chip.jpg,26,Female,Indian
15_1_4_20170103201201509.jpg.chip.jpg,15,Female,Others
34_0_3_20170119183347270.jpg.chip.jpg,34,Male,Indian
6_1_0_20170109201852729.jpg.chip.jpg,6,Female,White
61_0_0_20170104213537981.jpg.chip.jpg,61,Male,White
24_1_3_20170119171108432.jpg.chip.jpg,24,Female,Indian
26_1_1_20170116225026009.jpg.chip.jpg,26,Female,Black
31_1_0_20170109002639441.jpg.chip.jpg,31,Female,White
28_0_1_20170117015458481.jpg.chip.jpg,28,Male,Black
29_0_1_20170116192954996.jpg.chip.jpg,29,Male,Black
25_0_0_20170120221436173.jpg.chip.jpg,25,Male,White
27_1_3_20170112220116952.jpg.chip.jpg,27,Female,Indian
6_1_2_20161219192033227.jpg.chip.jpg,6,Female,Asian
1_0_1_20170110213113882.jpg.chip.jpg,1,Male,Black
41_1_0_20170109012224846.jpg.chip.jpg,41,Female,White
53_1_0_20170105163430701.jpg.chip.jpg,53,Female,White
25_1_3_20170119150412270.jpg.chip.jpg,25,Female,Indian
26_0_2_20170104022540590.jpg.chip.jpg,26,Male,Asian
2_1_3_20161219225905168.jpg.chip.jpg,2,Female,Indian
15_1_1_20170112191307797.jpg.chip.jpg,15,Female,Black
70_0_3_20170119203826438.jpg.chip.jpg,70,Male,Indian
26_1_0_20170104235427939.jpg.chip.jpg,26,Female,White
35_0_3_20170119201222820.jpg.chip.jpg,35,Male,Indian
18_1_2_20170104020428878.jpg.chip.jpg,18,Female,Asian
27_1_2_20170104021101637.jpg.chip.jpg,27,Female,Asian
36_0_4_20170117203459599.jpg.chip.jpg,36,Male,Others
23_1_0_20170103180412080.jpg.chip.jpg,23,Female,White
29_0_0_20170117120426927.jpg.chip.jpg,29,Male,White
1_1_4_20161221201445657.jpg.chip.jpg,1,Female,Others
36_0_3_20170119183320965.jpg.chip.jpg,36,Male,Indian
45_1_0_20170115231034803.jpg.chip.jpg,45,Female,White
30_0_2_20170116172917302.jpg.chip.jpg,30,Male,Asian
60_1_0_20170110122430900.jpg.chip.jpg,60,Female,White
16_0_0_20170110232039461.jpg.chip.jpg,16,Male,White
21_0_3_20170104214322765.jpg.chip.jpg,21,Male,Indian
22_1_2_20170116184716890.jpg.chip.jpg,22,Female,Asian
68_0_0_20170117172721512.jpg.chip.jpg,68,Male,White
31_0_3_20170119195949283.jpg.chip.jpg,31,Male,Indian
30_1_1_20170117123925997.jpg.chip.jpg,30,Female,Black
26_1_4_20170117153702405.jpg.chip.jpg,26,Female,Others
26_1_1_20170116180908981.jpg.chip.jpg,26,Female,Black
58_0_0_20170120224629472.jpg.chip.jpg,58,Male,White
65_1_0_20170110122548648.jpg.chip.jpg,65,Female,White
26_1_0_20170117091820820.jpg.chip.jpg,26,Female,White
11_1_4_20170103233340363.jpg.chip.jpg,11,Female,Others
23_0_3_20170119163909413.jpg.chip.jpg,23,Male,Indian
65_1_0_20170110131312112.jpg.chip.jpg,65,Female,White
37_1_1_20170117164315529.jpg.chip.jpg,37,Female,Black
75_1_1_20170112211657821.jpg.chip.jpg,75,Female,Black
60_1_0_20170110143543095.jpg.chip.jpg,60,Female,White
61_0_0_20170113185456409.jpg.chip.jpg,61,Male,White
26_0_3_20170119180327397.jpg.chip.jpg,26,Male,Indian
23_1_1_20170114033629976.jpg.chip.jpg,23,Female,Black
20_0_0_20170116205028194.jpg.chip.jpg,20,Male,White
22_0_0_20170117193852875.jpg.chip.jpg,22,Male,White
12_1_0_20170109203536309.jpg.chip.jpg,12,Female,White
27_0_0_20170117010049965.jpg.chip.jpg,27,Male,White
32_1_1_20170116001955132.jpg.chip.jpg,32,Female,Black
39_0_0_20170104174316011.jpg.chip.jpg,39,Male,White
36_0_0_20170105172613829.jpg.chip.jpg,36,Male,White
6_1_1_20170114024747282.jpg.chip.jpg,6,Female,Black
24_1_1_20170112204645764.jpg.chip.jpg,24,Female,Black
1_1_0_20170109193401456.jpg.chip.jpg,1,Female,White
32_0_1_20170113151546423.jpg.chip.jpg,32,Male,Black
28_1_2_20170116164331837.jpg.chip.jpg,28,Female,Asian
26_1_0_20170117175344913.jpg.chip.jpg,26,Female,White
48_0_1_20170113184623503.jpg.chip.jpg,48,Male,Black
50_0_2_20170117154145796.jpg.chip.jpg,50,Male,Asian
1_1_0_20170109192737181.jpg.chip.jpg,1,Female,White
26_0_0_20170117152636524.jpg.chip.jpg,26,Male,White
10_0_0_20170110215927291.jpg.chip.jpg,10,Male,White
34_0_1_20170112215212041.jpg.chip.jpg,34,Male,Black
8_0_0_20170110215640027.jpg.chip.jpg,8,Male,White
32_0_2_20170116184944206.jpg.chip.jpg,32,Male,Asian
18_1_0_20170117193303188.jpg.chip.jpg,18,Female,White
1_1_2_20161219211948405.jpg.chip.jpg,1,Female,Asian
20_1_2_20170108224234471.jpg.chip.jpg,20,Female,Asian
36_0_1_20170113152749711.jpg.chip.jpg,36,Male,Black
1_0_0_20170110212758683.jpg.chip.jpg,1,Male,White
24_1_3_20170119171103008.jpg.chip.jpg,24,Female,Indian
1_1_0_20170109190844250.jpg.chip.jpg,1,Female,White
30_0_4_20170117130018135.jpg.chip.jpg,30,Male,Others
29_1_3_20170104214540068.jpg.chip.jpg,29,Female,Indian
18_0_0_20170110232106743.jpg.chip.jpg,18,Male,White
26_1_2_20170116183804232.jpg.chip.jpg,26,Female,Asian
1_0_1_20170110213701704.jpg.chip.jpg,1,Male,Black
11_1_4_20170103201747167.jpg.chip.jpg,11,Female,Others
4_1_0_20170109192825550.jpg.chip.jpg,4,Female,White
22_0_0_20170117135052479.jpg.chip.jpg,22,Male,White
66_1_0_20170110132135290.jpg.chip.jpg,66,Female,White
34_1_0_20170103163031248.jpg.chip.jpg,34,Female,White
22_1_2_20170104021303821.jpg.chip.jpg,22,Female,Asian
2_0_0_20170110213146269.jpg.chip.jpg,2,Male,White
28_1_2_20170116165935678.jpg.chip.jpg,28,Female,Asian
29_1_1_20170113013111447.jpg.chip.jpg,29,Female,Black
24_1_2_20170105184025097.jpg.chip.jpg,24,Female,Asian
1_0_4_20161221193434166.jpg.chip.jpg,1,Male,Others
26_0_4_20170104200600267.jpg.chip.jpg,26,Male,Others
1_0_0_20170110213012671.jpg.chip.jpg,1,Male,White
38_1_3_20170109140636847.jpg.chip.jpg,38,Female,Indian
2_1_4_20161221195003500.jpg.chip.jpg,2,Female,Others
25_1_1_20170112205034330.jpg.chip.jpg,25,Female,Black
56_0_0_20170104212000007.jpg.chip.jpg,56,Male,White
22_1_1_20170112214852574.jpg.chip.jpg,22,Female,Black
28_1_2_20170116162147060.jpg.chip.jpg,28,Female,Asian
58_0_0_20170120224554712.jpg.chip.jpg,58,Male,White
1_0_2_20161219194804739.jpg.chip.jpg,1,Male,Asian
21_1_2_20170103201741359.jpg.chip.jpg,21,Female,Asian
2_1_4_20170103210946139.jpg.chip.jpg,2,Female,Others
75_1_0_20170120221956669.jpg.chip.jpg,75,Female,White
50_0_0_20170104213122948.jpg.chip.jpg,50,Male,White
71_1_2_20170105174339014.jpg.chip.jpg,71,Female,Asian
20_1_0_20170109213459975.jpg.chip.jpg,20,Female,White
23_0_2_20170114024549242.jpg.chip.jpg,23,Male,Asian
8_1_0_20170109204144358.jpg.chip.jpg,8,Female,White
21_0_3_20170104225910065.jpg.chip.jpg,21,Male,Indian
45_1_1_20170117164716460.jpg.chip.jpg,45,Female,Black
76_0_0_20170111210806003.jpg.chip.jpg,76,Male,White
35_0_0_20170113183114846.jpg.chip.jpg,35,Male,White
46_1_1_20170116022038426.jpg.chip.jpg,46,Female,Black
35_0_0_20170117190418977.jpg.chip.jpg,35,Male,White
7_0_0_20170112211931030.jpg.chip.jpg,7,Male,White
40_0_0_20170117171009947.jpg.chip.jpg,40,Male,White
25_1_3_20170104231501635.jpg.chip.jpg,25,Female,Indian
30_1_4_20170105165132148.jpg.chip.jpg,30,Female,Others
3_1_0_20170109193452700.jpg.chip.jpg,3,Female,White
36_1_0_20170117091529401.jpg.chip.jpg,36,Female,White
35_1_1_20170112233419191.jpg.chip.jpg,35,Female,Black
23_0_3_20170119164004428.jpg.chip.jpg,23,Male,Indian
20_1_0_20170103175629504.jpg.chip.jpg,20,Female,White
17_0_0_20170117134955265.jpg.chip.jpg,17,Male,White
57_0_3_20170119211457489.jpg.chip.jpg,57,Male,Indian
7_0_2_20161219204335837.jpg.chip.jpg,7,Male,Asian
10_1_4_20161223225854867.jpg.chip.jpg,10,Female,Others
45_1_0_20170109220540006.jpg.chip.jpg,45,Female,White
61_1_0_20170110181725541.jpg.chip.jpg,61,Female,White
1_1_4_20161221201827921.jpg.chip.jpg,1,Female,Others
26_1_2_20170116184444570.jpg.chip.jpg,26,Female,Asian
26_0_0_20170117173510724.jpg.chip.jpg,26,Male,White
28_0_1_20170113195927894.jpg.chip.jpg,28,Male,Black
28_0_0_20170117134849833.jpg.chip.jpg,28,Male,White
15_1_0_20170116232438243.jpg.chip.jpg,15,Female,White
24_1_1_20170112234401495.jpg.chip.jpg,24,Female,Black
24_0_1_20170112204730931.jpg.chip.jpg,24,Male,Black
2_1_3_20161220144902743.jpg.chip.jpg,2,Female,Indian
7_1_2_20161219193607875.jpg.chip.jpg,7,Female,Asian
50_0_0_20170111171747313.jpg.chip.jpg,50,Male,White
29_1_0_20170103181745425.jpg.chip.jpg,29,Female,White
29_0_3_20170119170547814.jpg.chip.jpg,29,Male,Indian
27_1_4_20170103175504767.jpg.chip.jpg,27,Female,Others
45_0_3_20170119211754490.jpg.chip.jpg,45,Male,Indian
77_0_0_20170111222228671.jpg.chip.jpg,77,Male,White
25_1_1_20170113001941650.jpg.chip.jpg,25,Female,Black
28_0_0_20170116210101534.jpg.chip.jpg,28,Male,White
26_1_0_20170117001121254.jpg.chip.jpg,26,Female,White
35_1_0_20170104165401426.jpg.chip.jpg,35,Female,White
27_1_2_20170116163622032.jpg.chip.jpg,27,Female,Asian
55_1_1_20170112213225871.jpg.chip.jpg,55,Female,Black
53_0_0_20170104212348773.jpg.chip.jpg,53,Male,White
30_0_1_20170116011020977.jpg.chip.jpg,30,Male,Black
30_1_0_20170117131057509.jpg.chip.jpg,30,Female,White
42_0_0_20170104204810195.jpg.chip.jpg,42,Male,White
21_1_0_20170117142529474.jpg.chip.jpg,21,Female,White
54_0_0_20170117191328833.jpg.chip.jpg,54,Male,White
46_0_1_20170113135634688.jpg.chip.jpg,46,Male,Black
35_1_1_20170112215253641.jpg.chip.jpg,35,Female,Black
42_0_1_20170116220125979.jpg.chip.jpg,42,Male,Black
5_1_0_20161219153633244.jpg.chip.jpg,5,Female,White
35_0_2_20170105172512670.jpg.chip.jpg,35,Male,Asian
57_0_0_20170109012720243.jpg.chip.jpg,57,Male,White
5_1_0_20170109194051532.jpg.chip.jpg,5,Female,White
24_0_4_20170117145314932.jpg.chip.jpg,24,Male,Others
31_0_1_20170117021212992.jpg.chip.jpg,31,Male,Black
18_0_1_20170113151656761.jpg.chip.jpg,18,Male,Black
26_1_1_20170113000030801.jpg.chip.jpg,26,Female,Black
2_1_3_20161219230338336.jpg.chip.jpg,2,Female,Indian
29_0_3_20170117180817266.jpg.chip.jpg,29,Male,Indian
29_1_2_20170116220847352.jpg.chip.jpg,29,Female,Asian
32_1_1_20170115235050649.jpg.chip.jpg,32,Female,Black
1_0_0_20161219205230805.jpg.chip.jpg,1,Male,White
32_1_0_20170119163257405.jpg.chip.jpg,32,Female,White
29_1_2_20170116165524217.jpg.chip.jpg,29,Female,Asian
75_1_0_20170110183826875.jpg.chip.jpg,75,Female,White
38_0_0_20170103183142330.jpg.chip.jpg,38,Male,White
78_0_0_20170111210105923.jpg.chip.jpg,78,Male,White
35_0_1_20170117164220595.jpg.chip.jpg,35,Male,Black
26_1_4_20170103224755416.jpg.chip.jpg,26,Female,Others
6_1_4_20170103233146667.jpg.chip.jpg,6,Female,Others
71_1_0_20170110143306064.jpg.chip.jpg,71,Female,White
70_0_3_20170105175417710.jpg.chip.jpg,70,Male,Indian
35_0_2_20170116181056835.jpg.chip.jpg,35,Male,Asian
39_1_0_20170111182452865.jpg.chip.jpg,39,Female,White
28_0_3_20170119211746169.jpg.chip.jpg,28,Male,Indian
26_1_0_20170117201135295.jpg.chip.jpg,26,Female,White
44_0_3_20170119165437319.jpg.chip.jpg,44,Male,Indian
71_0_0_20170111203734910.jpg.chip.jpg,71,Male,White
35_0_0_20170117171138059.jpg.chip.jpg,35,Male,White
26_0_1_20170113151645856.jpg.chip.jpg,26,Male,Black
70_1_0_20170117175349979.jpg.chip.jpg,70,Female,White
29_0_1_20170117180836731.jpg.chip.jpg,29,Male,Black
50_0_0_20170111195423102.jpg.chip.jpg,50,Male,White
24_1_3_20170119171023503.jpg.chip.jpg,24,Female,Indian
27_1_4_20170103230450385.jpg.chip.jpg,27,Female,Others
26_1_3_20170119193120649.jpg.chip.jpg,26,Female,Indian
60_0_2_20170117160025977.jpg.chip.jpg,60,Male,Asian
7_1_2_20161219141129768.jpg.chip.jpg,7,Female,Asian
27_0_0_20170117012331112.jpg.chip.jpg,27,Male,White
60_1_0_20170110152900163.jpg.chip.jpg,60,Female,White
1_1_4_20161221201921929.jpg.chip.jpg,1,Female,Others
15_1_1_20170112230550725.jpg.chip.jpg,15,Female,Black
34_0_1_20170116194219198.jpg.chip.jpg,34,Male,Black
25_0_1_20170116003017226.jpg.chip.jpg,25,Male,Black
32_1_1_20170113011313056.jpg.chip.jpg,32,Female,Black
50_0_0_20170109004250555.jpg.chip.jpg,50,Male,White
53_0_0_20170109010238192.jpg.chip.jpg,53,Male,White
17_1_0_20170109213944067.jpg.chip.jpg,17,Female,White
23_0_3_20170119163838933.jpg.chip.jpg,23,Male,Indian
45_0_0_20170117204039713.jpg.chip.jpg,45,Male,White
26_0_0_20170116152556326.jpg.chip.jpg,26,Male,White
24_0_0_20170113210126406.jpg.chip.jpg,24,Male,White
2_0_0_20170110213507337.jpg.chip.jpg,2,Male,White
28_0_1_20170113151637766.jpg.chip.jpg,28,Male,Black
80_1_0_20170110131552667.jpg.chip.jpg,80,Female,White
6_1_0_20170109205251485.jpg.chip.jpg,6,Female,White
24_0_0_20170117150146771.jpg.chip.jpg,24,Male,White
62_1_0_20170116184028385.jpg.chip.jpg,62,Female,White
32_0_2_20170116221122729.jpg.chip.jpg,32,Male,Asian
27_0_1_20170114031440930.jpg.chip.jpg,27,Male,Black
8_1_3_20170104222819874.jpg.chip.jpg,8,Female,Indian
32_1_1_20170116021140504.jpg.chip.jpg,32,Female,Black
1_0_3_20161219225843128.jpg.chip.jpg,1,Male,Indian
4_1_4_20161221193349166.jpg.chip.jpg,4,Female,Others
33_1_1_20170113001213379.jpg.chip.jpg,33,Female,Black
25_1_2_20170104021048828.jpg.chip.jpg,25,Female,Asian
32_0_0_20170116235403701.jpg.chip.jpg,32,Male,White
32_1_0_20170113001614997.jpg.chip.jpg,32,Female,White
55_1_4_20170117203853447.jpg.chip.jpg,55,Female,Others
49_0_0_20170117153916924.jpg.chip.jpg,49,Male,White
56_1_0_20170110141434080.jpg.chip.jpg,56,Female,White
28_1_1_20170112204756098.jpg.chip.jpg,28,Female,Black
26_1_4_20170117174112221.jpg.chip.jpg,26,Female,Others
43_0_2_20170112220312529.jpg.chip.jpg,43,Male,Asian
65_0_2_20170112224014771.jpg.chip.jpg,65,Male,Asian
1_1_2_20161219154533821.jpg.chip.jpg,1,Female,Asian
47_0_3_20170119205155167.jpg.chip.jpg,47,Male,Indian
24_1_3_20170104231625010.jpg.chip.jpg,24,Female,Indian
32_1_0_20170117134826702.jpg.chip.jpg,32,Female,White
37_1_0_20170109134546708.jpg.chip.jpg,37,Female,White
67_0_0_20170111193821219.jpg.chip.jpg,67,Male,White
28_1_1_20170112204819027.jpg.chip.jpg,28,Female,Black
26_0_0_20170105163435235.jpg.chip.jpg,26,Male,White
75_1_0_20170110182459565.jpg.chip.jpg,75,Female,White
17_1_1_20170112230710598.jpg.chip.jpg,17,Female,Black
47_0_1_20170117172552003.jpg.chip.jpg,47,Male,Black
45_0_3_20170119195808299.jpg.chip.jpg,45,Male,Indian
26_1_4_20170117201617637.jpg.chip.jpg,26,Female,Others
32_0_3_20170104220341542.jpg.chip.jpg,32,Male,Indian
52_0_0_20170104205721803.jpg.chip.jpg,52,Male,White
24_1_2_20170116173449887.jpg.chip.jpg,24,Female,Asian
26_1_0_20170104235143076.jpg.chip.jpg,26,Female,White
26_1_3_20170119193139994.jpg.chip.jpg,26,Female,Indian
47_0_0_20170103183442514.jpg.chip.jpg,47,Male,White
35_0_3_20170119191827257.jpg.chip.jpg,35,Male,Indian
71_0_0_20170109015622110.jpg.chip.jpg,71,Male,White
39_0_3_20170119194600707.jpg.chip.jpg,39,Male,Indian
39_1_4_20170104201147354.jpg.chip.jpg,39,Female,Others
24_1_0_20170103180625656.jpg.chip.jpg,24,Female,White
78_0_0_20170111221840478.jpg.chip.jpg,78,Male,White
40_1_0_20170117130551448.jpg.chip.jpg,40,Female,White
25_0_0_20170117140947335.jpg.chip.jpg,25,Male,White
68_0_3_20170117172636569.jpg.chip.jpg,68,Male,Indian
16_0_0_20170110232451479.jpg.chip.jpg,16,Male,White
26_0_1_20170114033559337.jpg.chip.jpg,26,Male,Black
65_0_0_20170111204914864.jpg.chip.jpg,65,Male,White
26_1_3_20170117140013800.jpg.chip.jpg,26,Female,Indian
28_0_2_20170116162829960.jpg.chip.jpg,28,Male,Asian
26_1_2_20170116184147278.jpg.chip.jpg,26,Female,Asian
8_0_2_20170103201916943.jpg.chip.jpg,8,Male,Asian
27_1_0_20170103163215342.jpg.chip.jpg,27,Female,White
32_0_1_20170117121017975.jpg.chip.jpg,32,Male,Black
53_0_3_20170119205835771.jpg.chip.jpg,53,Male,Indian
30_1_0_20170103180631960.jpg.chip.jpg,30,Female,White
25_0_4_20170117193004258.jpg.chip.jpg,25,Male,Others
16_0_0_20170110231759619.jpg.chip.jpg,16,Male,White
63_0_1_20170117155018994.jpg.chip.jpg,63,Male,Black
36_0_1_20170113142152196.jpg.chip.jpg,36,Male,Black
27_0_0_20170117175803620.jpg.chip.jpg,27,Male,White
16_0_3_20170110231223673.jpg.chip.jpg,16,Male,Indian
20_1_2_20170104015722028.jpg.chip.jpg,20,Female,Asian
40_0_0_20170116233131287.jpg.chip.jpg,40,Male,White
40_0_0_20170104165249089.jpg.chip.jpg,40,Male,White
54_0_0_20170105173307381.jpg.chip.jpg,54,Male,White
24_1_4_20170103223348808.jpg.chip.jpg,24,Female,Others
34_1_2_20170104204327523.jpg.chip.jpg,34,Female,Asian
1_0_1_20170110213649083.jpg.chip.jpg,1,Male,Black
25_0_0_20170104011143168.jpg.chip.jpg,25,Male,White
2_1_3_20161220144625342.jpg.chip.jpg,2,Female,Indian
24_1_4_20170104005830151.jpg.chip.jpg,24,Female,Others
55_0_0_20170117183201893.jpg.chip.jpg,55,Male,White
1_0_4_20170110212923157.jpg.chip.jpg,1,Male,Others
8_0_0_20170110220309370.jpg.chip.jpg,8,Male,White
29_1_0_20170119164401126.jpg.chip.jpg,29,Female,White
27_0_1_20170117013724759.jpg.chip.jpg,27,Male,Black
22_0_1_20170114033114683.jpg.chip.jpg,22,Male,Black
10_0_0_20170110225035898.jpg.chip.jpg,10,Male,White
17_0_0_20170110231830374.jpg.chip.jpg,17,Male,White
32_0_2_20170116180514896.jpg.chip.jpg,32,Male,Asian
36_1_0_20170117152056883.jpg.chip.jpg,36,Female,White
24_1_4_20170117150626732.jpg.chip.jpg,24,Female,Others
39_0_3_20170119195343676.jpg.chip.jpg,39,Male,Indian
26_1_0_20170117201638206.jpg.chip.jpg,26,Female,White
8_1_0_20170109203644920.jpg.chip.jpg,8,Female,White
29_0_0_20170117180949666.jpg.chip.jpg,29,Male,White
52_1_0_20170104183913011.jpg.chip.jpg,52,Female,White
35_0_1_20170117181203308.jpg.chip.jpg,35,Male,Black
32_1_1_20170113001546316.jpg.chip.jpg,32,Female,Black
36_0_3_20170117183126213.jpg.chip.jpg,36,Male,Indian
1_0_0_20170109194042219.jpg.chip.jpg,1,Male,White
28_1_2_20170116171525335.jpg.chip.jpg,28,Female,Asian
26_1_3_20170119155644533.jpg.chip.jpg,26,Female,Indian
1_1_2_20161219201159932.jpg.chip.jpg,1,Female,Asian
48_1_0_20170103163650120.jpg.chip.jpg,48,Female,White
30_0_4_20170117202914440.jpg.chip.jpg,30,Male,Others
45_0_0_20170111195417833.jpg.chip.jpg,45,Male,White
25_1_1_20170117140407096.jpg.chip.jpg,25,Female,Black
25_1_0_20170104165326705.jpg.chip.jpg,25,Female,White
55_0_1_20170117190804541.jpg.chip.jpg,55,Male,Black
35_1_1_20170112203826226.jpg.chip.jpg,35,Female,Black
31_1_0_20170112233727598.jpg.chip.jpg,31,Female,White
63_0_3_20170119211934680.jpg.chip.jpg,63,Male,Indian
36_1_3_20170119202143325.jpg.chip.jpg,36,Female,Indian
46_0_0_20170109015549957.jpg.chip.jpg,46,Male,White
56_0_0_20170117164133805.jpg.chip.jpg,56,Male,White
35_1_2_20170116164706883.jpg.chip.jpg,35,Female,Asian
9_0_0_20170110224747751.jpg.chip.jpg,9,Male,White
40_0_1_20170116003656859.jpg.chip.jpg,40,Male,Black
26_1_0_20170113210605016.jpg.chip.jpg,26,Female,White
26_1_0_20170117201924879.jpg.chip.jpg,26,Female,White
1_0_3_20161220145532127.jpg.chip.jpg,1,Male,Indian
25_0_3_20170119171302287.jpg.chip.jpg,25,Male,Indian
73_1_3_20170104221010950.jpg.chip.jpg,73,Female,Indian
25_0_2_20170116161438706.jpg.chip.jpg,25,Male,Asian
24_1_4_20170117150521764.jpg.chip.jpg,24,Female,Others
50_0_1_20170117184611832.jpg.chip.jpg,50,Male,Black
9_0_0_20170110220712974.jpg.chip.jpg,9,Male,White
60_0_2_20170112222017258.jpg.chip.jpg,60,Male,Asian
1_0_2_20161219161855278.jpg.chip.jpg,1,Male,Asian
12_0_3_20170104230255729.jpg.chip.jpg,12,Male,Indian
22_1_1_20170112230450501.jpg.chip.jpg,22,Female,Black
29_1_0_20170104170615233.jpg.chip.jpg,29,Female,White
34_0_0_20170119180157900.jpg.chip.jpg,34,Male,White
24_1_0_20170105183859832.jpg.chip.jpg,24,Female,White
55_0_3_20170119181128452.jpg.chip.jpg,55,Male,Indian
30_0_1_20170113141822196.jpg.chip.jpg,30,Male,Black
28_0_0_20170117180613031.jpg.chip.jpg,28,Male,White
24_1_1_20170113011240168.jpg.chip.jpg,24,Female,Black
25_1_3_20170109132634146.jpg.chip.jpg,25,Female,Indian
45_0_3_20170119201120877.jpg.chip.jpg,45,Male,Indian
18_1_0_20170117150406531.jpg.chip.jpg,18,Female,White
35_0_1_20170113185501169.jpg.chip.jpg,35,Male,Black
55_0_0_20170120222221343.jpg.chip.jpg,55,Male,White
35_1_1_20170113001239705.jpg.chip.jpg,35,Female,Black
35_0_4_20170103234956580.jpg.chip.jpg,35,Male,Others
28_1_3_20170104223537760.jpg.chip.jpg,28,Female,Indian
53_0_0_20170111171747402.jpg.chip.jpg,53,Male,White
26_1_0_20170117200921982.jpg.chip.jpg,26,Female,White
6_1_0_20170109194207894.jpg.chip.jpg,6,Female,White
35_0_0_20170117190009586.jpg.chip.jpg,35,Male,White
32_1_0_20170117134801098.jpg.chip.jpg,32,Female,White
35_0_0_20170117135252857.jpg.chip.jpg,35,Male,White
26_0_2_20170116181319670.jpg.chip.jpg,26,Male,Asian
50_0_0_20170116224809437.jpg.chip.jpg,50,Male,White
40_0_0_20170120222008245.jpg.chip.jpg,40,Male,White
29_1_1_20170112205844564.jpg.chip.jpg,29,Female,Black
50_1_0_20170120221635036.jpg.chip.jpg,50,Female,White
52_0_3_20170120140320609.jpg.chip.jpg,52,Male,Indian
32_1_0_20170110143445415.jpg.chip.jpg,32,Female,White
1_1_2_20161219221154447.jpg.chip.jpg,1,Female,Asian
59_0_0_20170109013159809.jpg.chip.jpg,59,Male,White
1_0_0_20170109193431882.jpg.chip.jpg,1,Male,White
30_1_0_20170120220732969.jpg.chip.jpg,30,Female,White
54_0_1_20170117142808120.jpg.chip.jpg,54,Male,Black
51_1_3_20170109132350438.jpg.chip.jpg,51,Female,Indian
1_0_2_20161219204848341.jpg.chip.jpg,1,Male,Asian
27_0_0_20170104172424772.jpg.chip.jpg,27,Male,White
26_1_3_20170117174443279.jpg.chip.jpg,26,Female,Indian
27_0_0_20170104170103608.jpg.chip.jpg,27,Male,White
41_0_0_20170116202014245.jpg.chip.jpg,41,Male,White
1_1_4_20161221193744550.jpg.chip.jpg,1,Female,Others
28_0_1_20170113155301388.jpg.chip.jpg,28,Male,Black
32_0_1_20170117121639290.jpg.chip.jpg,32,Male,Black
7_0_0_20170110220439570.jpg.chip.jpg,7,Male,White
32_1_0_20170103163352672.jpg.chip.jpg,32,Female,White
25_1_2_20161219194224315.jpg.chip.jpg,25,Female,Asian
1_0_3_20161220143121101.jpg.chip.jpg,1,Male,Indian
22_0_1_20170116214330918.jpg.chip.jpg,22,Male,Black
32_1_0_20170113210605443.jpg.chip.jpg,32,Female,White
15_0_0_20170104012346994.jpg.chip.jpg,15,Male,White
28_1_2_20170116164529258.jpg.chip.jpg,28,Female,Asian
40_1_2_20170116164250912.jpg.chip.jpg,40,Female,Asian
36_0_0_20170117155223901.jpg.chip.jpg,36,Male,White
75_1_0_20170110122303534.jpg.chip.jpg,75,Female,White
21_1_3_20170119155605098.jpg.chip.jpg,21,Female,Indian
23_0_4_20170117194045437.jpg.chip.jpg,23,Male,Others
26_1_1_20170113000649129.jpg.chip.jpg,26,Female,Black
27_1_0_20170109013152498.jpg.chip.jpg,27,Female,White
26_1_2_20170117201411430.jpg.chip.jpg,26,Female,Asian
38_1_0_20170117154129371.jpg.chip.jpg,38,Female,White
1_1_1_20170109194545320.jpg.chip.jpg,1,Female,Black
7_1_0_20170109204841362.jpg.chip.jpg,7,Female,White
28_1_3_20170109132327888.jpg.chip.jpg,28,Female,Indian
32_1_0_20170117203136983.jpg.chip.jpg,32,Female,White
1_1_2_20161219200539420.jpg.chip.jpg,1,Female,Asian
46_0_4_20170105162327242.jpg.chip.jpg,46,Male,Others
29_1_3_20170104235518987.jpg.chip.jpg,29,Female,Indian
1_1_2_20161219162419463.jpg.chip.jpg,1,Female,Asian
9_1_1_20170109201837354.jpg.chip.jpg,9,Female,Black
8_0_0_20170110220246250.jpg.chip.jpg,8,Male,White
49_1_0_20170103181849281.jpg.chip.jpg,49,Female,White
10_0_0_20170110220548521.jpg.chip.jpg,10,Male,White
40_0_0_20170117170711073.jpg.chip.jpg,40,Male,White
32_1_1_20170113000438328.jpg.chip.jpg,32,Female,Black
18_1_1_20170114030258171.jpg.chip.jpg,18,Female,Black
1_0_0_20170109193030605.jpg.chip.jpg,1,Male,White
29_1_3_20170104235317706.jpg.chip.jpg,29,Female,Indian
24_1_0_20170117194952853.jpg.chip.jpg,24,Female,White
29_0_1_20170117012800357.jpg.chip.jpg,29,Male,Black
28_0_1_20170113134755546.jpg.chip.jpg,28,Male,Black
35_0_3_20170119201122088.jpg.chip.jpg,35,Male,Indian
45_0_0_20170104181613885.jpg.chip.jpg,45,Male,White
26_1_3_20170109133227729.jpg.chip.jpg,26,Female,Indian
27_1_1_20170119153000146.jpg.chip.jpg,27,Female,Black
35_0_0_20170117001240657.jpg.chip.jpg,35,Male,White
14_0_3_20170104225245755.jpg.chip.jpg,14,Male,Indian
17_1_0_20170109213518093.jpg.chip.jpg,17,Female,White
22_1_3_20170119163324557.jpg.chip.jpg,22,Female,Indian
22_1_3_20170104232533912.jpg.chip.jpg,22,Female,Indian
54_0_2_20170116193435159.jpg.chip.jpg,54,Male,Asian
1_0_4_20161221193041157.jpg.chip.jpg,1,Male,Others
46_1_0_20170105172417134.jpg.chip.jpg,46,Female,White
22_0_1_20170113133332897.jpg.chip.jpg,22,Male,Black
34_1_3_20170119152703935.jpg.chip.jpg,34,Female,Indian
80_0_0_20170117174905374.jpg.chip.jpg,80,Male,White
39_1_1_20170116233647617.jpg.chip.jpg,39,Female,Black
29_1_1_20170113000121657.jpg.chip.jpg,29,Female,Black
40_0_0_20170117141444172.jpg.chip.jpg,40,Male,White
28_0_1_20170116005324543.jpg.chip.jpg,28,Male,Black
27_0_0_20170105175510406.jpg.chip.jpg,27,Male,White
7_1_4_20170103233309314.jpg.chip.jpg,7,Female,Others
1_1_0_20170109193726686.jpg.chip.jpg,1,Female,White
60_1_1_20170110152910810.jpg.chip.jpg,60,Female,Black
50_0_0_20170117000757222.jpg.chip.jpg,50,Male,White
4_0_1_20170110213311678.jpg.chip.jpg,4,Male,Black
26_1_2_20170116184737269.jpg.chip.jpg,26,Female,Asian
31_0_0_20170117120944631.jpg.chip.jpg,31,Male,White
28_0_2_20170119180256157.jpg.chip.jpg,28,Male,Asian
34_0_1_20170117141435706.jpg.chip.jpg,34,Male,Black
27_1_4_20170103183838762.jpg.chip.jpg,27,Female,Others
16_0_0_20170110231758466.jpg.chip.jpg,16,Male,White
25_0_4_20170103235145124.jpg.chip.jpg,25,Male,Others
27_1_3_20170104223343215.jpg.chip.jpg,27,Female,Indian
75_1_0_20170120221925550.jpg.chip.jpg,75,Female,White
26_1_2_20170116184457094.jpg.chip.jpg,26,Female,Asian
47_0_4_20170104210453028.jpg.chip.jpg,47,Male,Others
70_1_1_20170117171523132.jpg.chip.jpg,70,Female,Black
22_1_3_20170104231706746.jpg.chip.jpg,22,Female,Indian
25_1_3_20170119151524280.jpg.chip.jpg,25,Female,Indian
27_1_2_20170116184855653.jpg.chip.jpg,27,Female,Asian
32_1_1_20170113001559035.jpg.chip.jpg,32,Female,Black
35_0_0_20170117120013930.jpg.chip.jpg,35,Male,White
28_1_2_20170116165438870.jpg.chip.jpg,28,Female,Asian
22_1_4_20170103223330567.jpg.chip.jpg,22,Female,Others
28_0_1_20170113185214520.jpg.chip.jpg,28,Male,Black
40_0_0_20170104205634244.jpg.chip.jpg,40,Male,White
42_0_0_20170117154804658.jpg.chip.jpg,42,Male,White
26_1_1_20170116022013916.jpg.chip.jpg,26,Female,Black
33_1_4_20170117174234414.jpg.chip.jpg,33,Female,Others
67_0_0_20170104212901716.jpg.chip.jpg,67,Male,White
45_0_0_20170117183618006.jpg.chip.jpg,45,Male,White
34_1_3_20170119155627753.jpg.chip.jpg,34,Female,Indian
36_0_0_20170109131941102.jpg.chip.jpg,36,Male,White
26_1_1_20170116203803077.jpg.chip.jpg,26,Female,Black
12_1_0_20170109203628860.jpg.chip.jpg,12,Female,White
32_1_0_20170117134802979.jpg.chip.jpg,32,Female,White
52_0_1_20170113195507899.jpg.chip.jpg,52,Male,Black
29_1_1_20170116021855730.jpg.chip.jpg,29,Female,Black
15_0_0_20170110232655904.jpg.chip.jpg,15,Male,White
48_0_4_20170104211610652.jpg.chip.jpg,48,Male,Others
30_0_0_20170116221939722.jpg.chip.jpg,30,Male,White
47_0_0_20170109012806452.jpg.chip.jpg,47,Male,White
27_0_3_20170119193229322.jpg.chip.jpg,27,Male,Indian
1_0_0_20161219225850912.jpg.chip.jpg,1,Male,White
36_1_0_20170117183349582.jpg.chip.jpg,36,Female,White
32_1_1_20170116012209350.jpg.chip.jpg,32,Female,Black
29_1_3_20170103214234261.jpg.chip.jpg,29,Female,Indian
35_0_2_20170116191142333.jpg.chip.jpg,35,Male,Asian
75_0_0_20170117174918045.jpg.chip.jpg,75,Male,White
30_0_2_20170104021209963.jpg.chip.jpg,30,Male,Asian
1_0_2_20161219211231133.jpg.chip.jpg,1,Male,Asian
17_1_0_20170109214703699.jpg.chip.jpg,17,Female,White
25_1_1_20170112234214983.jpg.chip.jpg,25,Female,Black
26_0_4_20170116192510762.jpg.chip.jpg,26,Male,Others
26_1_0_20170117174144110.jpg.chip.jpg,26,Female,White
26_1_4_20170117201509118.jpg.chip.jpg,26,Female,Others
26_1_3_20170104222740327.jpg.chip.jpg,26,Female,Indian
33_0_0_20170113210127212.jpg.chip.jpg,33,Male,White
27_1_0_20170114030815179.jpg.chip.jpg,27,Female,White
26_1_4_20170117174310909.jpg.chip.jpg,26,Female,Others
45_1_1_20170117164742977.jpg.chip.jpg,45,Female,Black
26_1_3_20170119180600308.jpg.chip.jpg,26,Female,Indian
58_0_0_20170117195023639.jpg.chip.jpg,58,Male,White
68_0_1_20170117193455181.jpg.chip.jpg,68,Male,Black
46_1_0_20170110143242639.jpg.chip.jpg,46,Female,White
65_1_3_20170109135755974.jpg.chip.jpg,65,Female,Indian
45_0_3_20170119183426844.jpg.chip.jpg,45,Male,Indian
42_0_2_20170104172454139.jpg.chip.jpg,42,Male,Asian
27_1_1_20170112213555559.jpg.chip.jpg,27,Female,Black
26_1_4_20170117201736159.jpg.chip.jpg,26,Female,Others
24_1_1_20170112231342878.jpg.chip.jpg,24,Female,Black
22_0_0_20170117140026568.jpg.chip.jpg,22,Male,White
4_1_4_20170109192812215.jpg.chip.jpg,4,Female,Others
42_1_1_20170113001932011.jpg.chip.jpg,42,Female,Black
66_1_0_20170110122210413.jpg.chip.jpg,66,Female,White
68_1_0_20170110160644032.jpg.chip.jpg,68,Female,White
32_1_2_20170116190009032.jpg.chip.jpg,32,Female,Asian
27_1_0_20170117180028028.jpg.chip.jpg,27,Female,White
2_0_0_20161219160615893.jpg.chip.jpg,2,Male,White
30_1_2_20170116161745991.jpg.chip.jpg,30,Female,Asian
32_0_0_20170116235640652.jpg.chip.jpg,32,Male,White
35_0_0_20170116162816326.jpg.chip.jpg,35,Male,White
26_0_1_20170117200127227.jpg.chip.jpg,26,Male,Black
35_1_2_20170116191706178.jpg.chip.jpg,35,Female,Asian
32_0_3_20170117182343614.jpg.chip.jpg,32,Male,Indian
26_1_4_20170117174023997.jpg.chip.jpg,26,Female,Others
26_1_3_20170116233617579.jpg.chip.jpg,26,Female,Indian
21_0_4_20161223214805057.jpg.chip.jpg,21,Male,Others
54_0_0_20170104205516571.jpg.chip.jpg,54,Male,White
57_0_0_20170105173713685.jpg.chip.jpg,57,Male,White
18_0_0_20170110232624418.jpg.chip.jpg,18,Male,White
30_1_4_20170117193820102.jpg.chip.jpg,30,Female,Others
61_0_3_20170119211812241.jpg.chip.jpg,61,Male,Indian
3_1_4_20161221192709141.jpg.chip.jpg,3,Female,Others
61_0_3_20170113185453489.jpg.chip.jpg,61,Male,Indian
38_0_2_20170116232740686.jpg.chip.jpg,38,Male,Asian
8_1_0_20170109203552679.jpg.chip.jpg,8,Female,White
37_0_3_20170104204445187.jpg.chip.jpg,37,Male,Indian
26_0_0_20170116233047853.jpg.chip.jpg,26,Male,White
2_0_4_20161221192651909.jpg.chip.jpg,2,Male,Others
8_1_0_20170109205008946.jpg.chip.jpg,8,Female,White
14_1_0_20170109203405475.jpg.chip.jpg,14,Female,White
38_1_1_20170112231328158.jpg.chip.jpg,38,Female,Black
43_0_2_20170117134842975.jpg.chip.jpg,43,Male,Asian
8_1_0_20170109202908046.jpg.chip.jpg,8,Female,White
62_0_0_20170120223830886.jpg.chip.jpg,62,Male,White
63_1_0_20170110141842534.jpg.chip.jpg,63,Female,White
26_0_1_20170113134232465.jpg.chip.jpg,26,Male,Black
38_1_1_20170113010502255.jpg.chip.jpg,38,Female,Black
4_0_1_20161219230428976.jpg.chip.jpg,4,Male,Black
42_0_0_20170117203914696.jpg.chip.jpg,42,Male,White
60_0_3_20170119205333190.jpg.chip.jpg,60,Male,Indian
58_0_0_20170104212603957.jpg.chip.jpg,58,Male,White
29_1_1_20170112214952639.jpg.chip.jpg,29,Female,Black
24_1_1_20170112234357224.jpg.chip.jpg,24,Female,Black
9_0_0_20170110215453036.jpg.chip.jpg,9,Male,White
38_0_4_20170117021834297.jpg.chip.jpg,38,Male,Others
7_1_0_20170109205113183.jpg.chip.jpg,7,Female,White
78_0_0_20170111171747679.jpg.chip.jpg,78,Male,White
25_1_3_20170104234854715.jpg.chip.jpg,25,Female,Indian
24_1_3_20170104231426665.jpg.chip.jpg,24,Female,Indian
35_0_4_20170117121605150.jpg.chip.jpg,35,Male,Others
43_0_3_20170117000751907.jpg.chip.jpg,43,Male,Indian
34_0_0_20170104170055225.jpg.chip.jpg,34,Male,White
52_0_0_20170111203528972.jpg.chip.jpg,52,Male,White
39_0_0_20170109002838942.jpg.chip.jpg,39,Male,White
21_1_3_20170104222118687.jpg.chip.jpg,21,Female,Indian
23_1_3_20170119164550198.jpg.chip.jpg,23,Female,Indian
27_0_1_20170116002826357.jpg.chip.jpg,27,Male,Black
31_0_0_20170104202003656.jpg.chip.jpg,31,Male,White
52_0_0_20170120222912410.jpg.chip.jpg,52,Male,White
7_1_1_20170109193114418.jpg.chip.jpg,7,Female,Black
35_1_1_20170113010415255.jpg.chip.jpg,35,Female,Black
26_1_2_20170116184452642.jpg.chip.jpg,26,Female,Asian
57_1_3_20170109132601018.jpg.chip.jpg,57,Female,Indian
8_1_0_20170109205040140.jpg.chip.jpg,8,Female,White
1_1_3_20161220143111349.jpg.chip.jpg,1,Female,Indian
12_1_0_20170109205104124.jpg.chip.jpg,12,Female,White
30_1_1_20170112234436144.jpg.chip.jpg,30,Female,Black
1_0_3_20161219224423280.jpg.chip.jpg,1,Male,Indian
69_1_0_20170110131708449.jpg.chip.jpg,69,Female,White
34_1_1_20170112204814042.jpg.chip.jpg,34,Female,Black
26_0_4_20170117153949109.jpg.chip.jpg,26,Male,Others
29_0_4_20170114033029580.jpg.chip.jpg,29,Male,Others
13_1_0_20170110224453650.jpg.chip.jpg,13,Female,White
25_1_3_20170109135843276.jpg.chip.jpg,25,Female,Indian
45_0_0_20170119201904027.jpg.chip.jpg,45,Male,White
1_0_2_20161219190740218.jpg.chip.jpg,1,Male,Asian
25_1_1_20170117125908204.jpg.chip.jpg,25,Female,Black
25_1_4_20170103223138663.jpg.chip.jpg,25,Female,Others
75_0_0_20170111202232554.jpg.chip.jpg,75,Male,White
22_1_3_20170119163636742.jpg.chip.jpg,22,Female,Indian
79_0_0_20170111222200062.jpg.chip.jpg,79,Male,White
30_0_0_20170104200535163.jpg.chip.jpg,30,Male,White
24_1_2_20170116173438372.jpg.chip.jpg,24,Female,Asian
29_1_2_20170104020624587.jpg.chip.jpg,29,Female,Asian
29_1_3_20170104232940018.jpg.chip.jpg,29,Female,Indian
8_1_0_20170116200940428.jpg.chip.jpg,8,Female,White
32_1_2_20170116192346285.jpg.chip.jpg,32,Female,Asian
4_0_4_20161221202651241.jpg.chip.jpg,4,Male,Others
26_1_1_20170116153807471.jpg.chip.jpg,26,Female,Black
51_0_0_20170105172830957.jpg.chip.jpg,51,Male,White
60_1_0_20170110122526605.jpg.chip.jpg,60,Female,White
21_1_3_20170104231611130.jpg.chip.jpg,21,Female,Indian
16_0_0_20170110231521377.jpg.chip.jpg,16,Male,White
30_0_0_20170117130634587.jpg.chip.jpg,30,Male,White
64_0_1_20170117182526238.jpg.chip.jpg,64,Male,Black
62_0_1_20170113184846159.jpg.chip.jpg,62,Male,Black
53_0_0_20170117163649049.jpg.chip.jpg,53,Male,White
26_0_0_20170116180849908.jpg.chip.jpg,26,Male,White
17_1_3_20170119153627673.jpg.chip.jpg,17,Female,Indian
35_0_0_20170117153829116.jpg.chip.jpg,35,Male,White
26_1_3_20170117174319919.jpg.chip.jpg,26,Female,Indian
45_0_3_20170119165720733.jpg.chip.jpg,45,Male,Indian
35_0_1_20170113185408776.jpg.chip.jpg,35,Male,Black
39_0_0_20170104204624075.jpg.chip.jpg,39,Male,White
26_0_1_20170117195651493.jpg.chip.jpg,26,Male,Black
58_0_0_20170113185339857.jpg.chip.jpg,58,Male,White
32_0_3_20170119200339548.jpg.chip.jpg,32,Male,Indian
75_0_3_20170105180706438.jpg.chip.jpg,75,Male,Indian
31_1_0_20170104235124347.jpg.chip.jpg,31,Female,White
8_1_3_20170109205422312.jpg.chip.jpg,8,Female,Indian
26_0_1_20170120140251905.jpg.chip.jpg,26,Male,Black
2_0_2_20161219212035798.jpg.chip.jpg,2,Male,Asian
18_0_1_20170117143031666.jpg.chip.jpg,18,Male,Black
79_0_0_20170111205953011.jpg.chip.jpg,79,Male,White
15_0_0_20170103200850696.jpg.chip.jpg,15,Male,White
37_1_1_20170116152605949.jpg.chip.jpg,37,Female,Black
26_1_1_20170116232330694.jpg.chip.jpg,26,Female,Black
32_1_0_20170116222912224.jpg.chip.jpg,32,Female,White
42_0_0_20170104205834299.jpg.chip.jpg,42,Male,White
34_1_1_20170112234631399.jpg.chip.jpg,34,Female,Black
28_1_1_20170114031123751.jpg.chip.jpg,28,Female,Black
20_1_3_20170119180453339.jpg.chip.jpg,20,Female,Indian
14_1_2_20170103200931103.jpg.chip.jpg,14,Female,Asian
28_0_2_20170116192652371.jpg.chip.jpg,28,Male,Asian
73_1_0_20170110122517886.jpg.chip.jpg,73,Female,White
35_0_0_20170117130045470.jpg.chip.jpg,35,Male,White
26_1_1_20170116160509916.jpg.chip.jpg,26,Female,Black
26_0_0_20170113210127413.jpg.chip.jpg,26,Male,White
32_1_0_20170117094855375.jpg.chip.jpg,32,Female,White
29_0_0_20170103182336026.jpg.chip.jpg,29,Male,White
73_1_0_20170120230000346.jpg.chip.jpg,73,Female,White
24_0_1_20170113134010217.jpg.chip.jpg,24,Male,Black
28_0_1_20170117020909688.jpg.chip.jpg,28,Male,Black
23_1_0_20170112234244982.jpg.chip.jpg,23,Female,White
14_0_0_20170110232124117.jpg.chip.jpg,14,Male,White
38_1_0_20170104202343507.jpg.chip.jpg,38,Female,White
31_1_1_20170112230640389.jpg.chip.jpg,31,Female,Black
40_0_0_20170104205931291.jpg.chip.jpg,40,Male,White
55_0_0_20170117190004928.jpg.chip.jpg,55,Male,White
6_0_3_20161220145408151.jpg.chip.jpg,6,Male,Indian
12_0_3_20170104225802393.jpg.chip.jpg,12,Male,Indian
50_1_0_20170104185100237.jpg.chip.jpg,50,Female,White
26_1_2_20170116180541533.jpg.chip.jpg,26,Female,Asian
23_0_1_20170113133908465.jpg.chip.jpg,23,Male,Black
35_1_1_20170113005348678.jpg.chip.jpg,35,Female,Black
36_0_0_20170117203455375.jpg.chip.jpg,36,Male,White
26_0_2_20170116182447321.jpg.chip.jpg,26,Male,Asian
29_1_2_20170116173225104.jpg.chip.jpg,29,Female,Asian
18_1_1_20170114030424059.jpg.chip.jpg,18,Female,Black
21_1_0_20170117193630115.jpg.chip.jpg,21,Female,White
18_1_0_20170117140258008.jpg.chip.jpg,18,Female,White
47_0_0_20170117190246626.jpg.chip.jpg,47,Male,White
35_0_2_20170116181159415.jpg.chip.jpg,35,Male,Asian
2_0_0_20170110213250253.jpg.chip.jpg,2,Male,White
26_1_2_20170116184054722.jpg.chip.jpg,26,Female,Asian
28_0_1_20170117202249743.jpg.chip.jpg,28,Male,Black
1_0_4_20161221195129503.jpg.chip.jpg,1,Male,Others
46_1_0_20170120133945310.jpg.chip.jpg,46,Female,White
26_1_2_20170116184039763.jpg.chip.jpg,26,Female,Asian
26_1_1_20170116233048680.jpg.chip.jpg,26,Female,Black
29_0_3_20170119195309387.jpg.chip.jpg,29,Male,Indian
29_0_3_20170119195115853.jpg.chip.jpg,29,Male,Indian
66_1_0_20170105173707677.jpg.chip.jpg,66,Female,White
26_0_1_20170113135516970.jpg.chip.jpg,26,Male,Black
32_0_0_20170116201321051.jpg.chip.jpg,32,Male,White
27_0_3_20170119193230738.jpg.chip.jpg,27,Male,Indian
62_0_0_20170105173715821.jpg.chip.jpg,62,Male,White
32_0_3_20170119200350043.jpg.chip.jpg,32,Male,Indian
26_0_2_20170116175439275.jpg.chip.jpg,26,Male,Asian
39_0_1_20170117154230635.jpg.chip.jpg,39,Male,Black
26_1_1_20170116164338305.jpg.chip.jpg,26,Female,Black
26_0_1_20170113134247025.jpg.chip.jpg,26,Male,Black
42_0_1_20170113135655554.jpg.chip.jpg,42,Male,Black
23_1_0_20170105002627948.jpg.chip.jpg,23,Female,White
70_0_0_20170111201407590.jpg.chip.jpg,70,Male,White
11_0_0_20170110224606036.jpg.chip.jpg,11,Male,White
2_1_3_20161220144445968.jpg.chip.jpg,2,Female,Indian
24_1_2_20170116172739067.jpg.chip.jpg,24,Female,Asian
54_0_0_20170117184739996.jpg.chip.jpg,54,Male,White
29_0_1_20170117194427746.jpg.chip.jpg,29,Male,Black
53_0_0_20170104184408718.jpg.chip.jpg,53,Male,White
69_1_0_20170110141835631.jpg.chip.jpg,69,Female,White
5_1_2_20170104010050039.jpg.chip.jpg,5,Female,Asian
23_0_3_20170117144210931.jpg.chip.jpg,23,Male,Indian
1_1_2_20161219194655428.jpg.chip.jpg,1,Female,Asian
20_1_4_20170103230215713.jpg.chip.jpg,20,Female,Others
35_1_2_20170116164727094.jpg.chip.jpg,35,Female,Asian
57_0_3_20170119181114683.jpg.chip.jpg,57,Male,Indian
35_0_0_20170104201742041.jpg.chip.jpg,35,Male,White
29_0_1_20170113133201673.jpg.chip.jpg,29,Male,Black
24_1_0_20170116222827257.jpg.chip.jpg,24,Female,White
38_1_1_20170112204552523.jpg.chip.jpg,38,Female,Black
26_1_2_20170117201843503.jpg.chip.jpg,26,Female,Asian
34_1_3_20170105000852573.jpg.chip.jpg,34,Female,Indian
58_1_1_20170113012151936.jpg.chip.jpg,58,Female,Black
22_0_1_20170113132532656.jpg.chip.jpg,22,Male,Black
48_1_0_20170117154722170.jpg.chip.jpg,48,Female,White
54_0_0_20170116193518166.jpg.chip.jpg,54,Male,White
28_0_0_20170105164905292.jpg.chip.jpg,28,Male,White
18_1_0_20170109214254732.jpg.chip.jpg,18,Female,White
56_0_0_20170111201122422.jpg.chip.jpg,56,Male,White
33_0_3_20170117152711252.jpg.chip.jpg,33,Male,Indian
2_0_2_20161219222111287.jpg.chip.jpg,2,Male,Asian
24_1_3_20161220222118601.jpg.chip.jpg,24,Female,Indian
25_1_0_20170116223850990.jpg.chip.jpg,25,Female,White
20_1_3_20170119153422217.jpg.chip.jpg,20,Female,Indian
61_0_0_20170104213341365.jpg.chip.jpg,61,Male,White
23_0_1_20170114033534348.jpg.chip.jpg,23,Male,Black
23_0_1_20170117164527169.jpg.chip.jpg,23,Male,Black
6_1_0_20170109193911170.jpg.chip.jpg,6,Female,White
24_1_2_20170116173419546.jpg.chip.jpg,24,Female,Asian
38_1_1_20170117190452524.jpg.chip.jpg,38,Female,Black
24_1_2_20170116171551289.jpg.chip.jpg,24,Female,Asian
30_1_2_20170116161740145.jpg.chip.jpg,30,Female,Asian
65_0_2_20170112224011835.jpg.chip.jpg,65,Male,Asian
15_1_0_20170109214328421.jpg.chip.jpg,15,Female,White
59_0_0_20170104185522222.jpg.chip.jpg,59,Male,White
35_0_3_20170119201340627.jpg.chip.jpg,35,Male,Indian
52_0_0_20170117163200514.jpg.chip.jpg,52,Male,White
51_0_3_20170104212203317.jpg.chip.jpg,51,Male,Indian
25_0_2_20161219193843611.jpg.chip.jpg,25,Male,Asian
58_0_0_20170117191923083.jpg.chip.jpg,58,Male,White
4_1_3_20161220221751466.jpg.chip.jpg,4,Female,Indian
6_1_0_20170109204905156.jpg.chip.jpg,6,Female,White
19_0_1_20170113132630232.jpg.chip.jpg,19,Male,Black
23_0_3_20170119164352326.jpg.chip.jpg,23,Male,Indian
30_1_1_20170117133827950.jpg.chip.jpg,30,Female,Black
15_1_0_20170109204150999.jpg.chip.jpg,15,Female,White
35_1_4_20170117203540087.jpg.chip.jpg,35,Female,Others
24_0_1_20170117010800698.jpg.chip.jpg,24,Male,Black
2_0_3_20161219221730658.jpg.chip.jpg,2,Male,Indian
55_0_4_20170117204624770.jpg.chip.jpg,55,Male,Others
22_1_1_20170114031133213.jpg.chip.jpg,22,Female,Black
24_1_1_20170116000700293.jpg.chip.jpg,24,Female,Black
65_0_0_20170111201117758.jpg.chip.jpg,65,Male,White
23_0_1_20170114034122308.jpg.chip.jpg,23,Male,Black
19_1_1_20170114030819891.jpg.chip.jpg,19,Female,Black
28_0_1_20170113161434836.jpg.chip.jpg,28,Male,Black
26_0_1_20170113174952963.jpg.chip.jpg,26,Male,Black
18_0_0_20170117140126568.jpg.chip.jpg,18,Male,White
50_0_3_20170105172943629.jpg.chip.jpg,50,Male,Indian
45_1_0_20170104185105742.jpg.chip.jpg,45,Female,White
47_0_0_20170113184617953.jpg.chip.jpg,47,Male,White
8_0_1_20170114025855492.jpg.chip.jpg,8,Male,Black
37_1_1_20170116224921695.jpg.chip.jpg,37,Female,Black
40_0_1_20170117135308283.jpg.chip.jpg,40,Male,Black
35_1_1_20170112210437469.jpg.chip.jpg,35,Female,Black
25_1_3_20170117152030871.jpg.chip.jpg,25,Female,Indian
29_0_3_20170119195113147.jpg.chip.jpg,29,Male,Indian
1_1_3_20161220143156747.jpg.chip.jpg,1,Female,Indian
26_0_4_20170117153404221.jpg.chip.jpg,26,Male,Others
39_0_0_20170117143412554.jpg.chip.jpg,39,Male,White
26_0_1_20170113134802314.jpg.chip.jpg,26,Male,Black
3_1_2_20161219151433163.jpg.chip.jpg,3,Female,Asian
30_1_1_20170112215047361.jpg.chip.jpg,30,Female,Black
26_1_0_20170117153211341.jpg.chip.jpg,26,Female,White
26_1_2_20170105164540403.jpg.chip.jpg,26,Female,Asian
10_0_1_20170110225121326.jpg.chip.jpg,10,Male,Black
35_0_3_20170119191930010.jpg.chip.jpg,35,Male,Indian
9_1_0_20170117172655681.jpg.chip.jpg,9,Female,White
5_1_4_20161219185942044.jpg.chip.jpg,5,Female,Others
3_1_3_20161219230259272.jpg.chip.jpg,3,Female,Indian
78_0_2_20170112215118168.jpg.chip.jpg,78,Male,Asian
6_1_0_20170109194012135.jpg.chip.jpg,6,Female,White
2_0_0_20170110225218837.jpg.chip.jpg,2,Male,White
2_0_2_20161219205134348.jpg.chip.jpg,2,Male,Asian
27_0_1_20170117012811248.jpg.chip.jpg,27,Male,Black
25_1_1_20170116003155558.jpg.chip.jpg,25,Female,Black
27_0_1_20170117013657018.jpg.chip.jpg,27,Male,Black
37_0_0_20170105183948391.jpg.chip.jpg,37,Male,White
37_1_1_20170112220140249.jpg.chip.jpg,37,Female,Black
36_1_0_20170117135907876.jpg.chip.jpg,36,Female,White
21_0_0_20170104020830476.jpg.chip.jpg,21,Male,White
35_1_0_20170117170752436.jpg.chip.jpg,35,Female,White
73_1_0_20170117175559419.jpg.chip.jpg,73,Female,White
21_1_4_20170103224438000.jpg.chip.jpg,21,Female,Others
66_0_3_20170119180856366.jpg.chip.jpg,66,Male,Indian
9_0_0_20170110221815301.jpg.chip.jpg,9,Male,White
1_0_2_20161219155822605.jpg.chip.jpg,1,Male,Asian
8_1_0_20170109202859958.jpg.chip.jpg,8,Female,White
3_0_0_20170110213445289.jpg.chip.jpg,3,Male,White
65_0_0_20170111211445229.jpg.chip.jpg,65,Male,White
72_0_1_20170117193619775.jpg.chip.jpg,72,Male,Black
56_1_1_20170110153620007.jpg.chip.jpg,56,Female,Black
43_0_3_20170119200911708.jpg.chip.jpg,43,Male,Indian
25_0_0_20170117193028403.jpg.chip.jpg,25,Male,White
80_0_0_20170117173307368.jpg.chip.jpg,80,Male,White
50_0_3_20170119205521664.jpg.chip.jpg,50,Male,Indian
1_1_2_20161219151131108.jpg.chip.jpg,1,Female,Asian
2_0_0_20170109194439365.jpg.chip.jpg,2,Male,White
21_0_2_20170116164809162.jpg.chip.jpg,21,Male,Asian
50_0_0_20170117120742302.jpg.chip.jpg,50,Male,White
33_0_0_20170117164401283.jpg.chip.jpg,33,Male,White
12_0_0_20170110225028524.jpg.chip.jpg,12,Male,White
18_1_1_20170109214355606.jpg.chip.jpg,18,Female,Black
46_0_3_20170119202435756.jpg.chip.jpg,46,Male,Indian
25_1_0_20170112205049764.jpg.chip.jpg,25,Female,White
26_1_0_20170113000527784.jpg.chip.jpg,26,Female,White
30_0_2_20170116223016131.jpg.chip.jpg,30,Male,Asian
22_0_0_20170116201355808.jpg.chip.jpg,22,Male,White
25_0_4_20170117151414412.jpg.chip.jpg,25,Male,Others
50_0_0_20170117185149577.jpg.chip.jpg,50,Male,White
2_0_2_20161219222714623.jpg.chip.jpg,2,Male,Asian
25_0_1_20170116001340216.jpg.chip.jpg,25,Male,Black
26_0_3_20170119180844118.jpg.chip.jpg,26,Male,Indian
29_1_0_20170116213445105.jpg.chip.jpg,29,Female,White
25_0_2_20170116165101483.jpg.chip.jpg,25,Male,Asian
1_0_2_20161219142409225.jpg.chip.jpg,1,Male,Asian
7_0_1_20170113145509278.jpg.chip.jpg,7,Male,Black
2_0_2_20161219154627053.jpg.chip.jpg,2,Male,Asian
26_0_3_20170119184204318.jpg.chip.jpg,26,Male,Indian
35_1_1_20170117154027218.jpg.chip.jpg,35,Female,Black
65_0_0_20170105174716942.jpg.chip.jpg,65,Male,White
36_1_1_20170109132934818.jpg.chip.jpg,36,Female,Black
61_0_0_20170117192025774.jpg.chip.jpg,61,Male,White
26_1_1_20170117173805126.jpg.chip.jpg,26,Female,Black
35_1_2_20170116191841660.jpg.chip.jpg,35,Female,Asian
26_1_1_20170116234802444.jpg.chip.jpg,26,Female,Black
1_1_0_20170109192728714.jpg.chip.jpg,1,Female,White
51_0_0_20170117190820026.jpg.chip.jpg,51,Male,White
23_1_4_20170117194319028.jpg.chip.jpg,23,Female,Others
26_0_1_20170120134513055.jpg.chip.jpg,26,Male,Black
43_0_3_20170119211655721.jpg.chip.jpg,43,Male,Indian
18_1_3_20170109213144758.jpg.chip.jpg,18,Female,Indian
58_0_0_20170104185326934.jpg.chip.jpg,58,Male,White
69_0_0_20170111200942998.jpg.chip.jpg,69,Male,White
50_0_3_20170117121752435.jpg.chip.jpg,50,Male,Indian
60_0_3_20170119205730463.jpg.chip.jpg,60,Male,Indian
74_0_0_20170111203046542.jpg.chip.jpg,74,Male,White
29_0_0_20170117105025711.jpg.chip.jpg,29,Male,White
23_1_2_20170116173125516.jpg.chip.jpg,23,Female,Asian
75_0_2_20170112205221689.jpg.chip.jpg,75,Male,Asian
26_1_3_20170104235111171.jpg.chip.jpg,26,Female,Indian
35_0_0_20170117120128098.jpg.chip.jpg,35,Male,White
34_0_3_20170119171236256.jpg.chip.jpg,34,Male,Indian
33_1_0_20170105003407044.jpg.chip.jpg,33,Female,White
39_1_0_20170105165044508.jpg.chip.jpg,39,Female,White
61_0_2_20170112224217444.jpg.chip.jpg,61,Male,Asian
20_0_3_20170119151327694.jpg.chip.jpg,20,Male,Indian
26_0_0_20170117200030565.jpg.chip.jpg,26,Male,White
36_1_1_20170117165628076.jpg.chip.jpg,36,Female,Black
2_0_2_20161219195037083.jpg.chip.jpg,2,Male,Asian
16_1_1_20170117194816437.jpg.chip.jpg,16,Female,Black
56_0_1_20170113151553665.jpg.chip.jpg,56,Male,Black
30_1_0_20170117143857490.jpg.chip.jpg,30,Female,White
28_0_3_20170104214636285.jpg.chip.jpg,28,Male,Indian
29_1_1_20170112211511508.jpg.chip.jpg,29,Female,Black
2_0_2_20161219212013262.jpg.chip.jpg,2,Male,Asian
34_1_0_20170119170609560.jpg.chip.jpg,34,Female,White
28_1_0_20170117183207853.jpg.chip.jpg,28,Female,White
38_1_3_20170104235005720.jpg.chip.jpg,38,Female,Indian
80_0_0_20170117175301125.jpg.chip.jpg,80,Male,White
65_1_4_20170117203945447.jpg.chip.jpg,65,Female,Others
58_0_2_20170116193704928.jpg.chip.jpg,58,Male,Asian
54_1_0_20170110140410594.jpg.chip.jpg,54,Female,White
35_0_1_20170113142101291.jpg.chip.jpg,35,Male,Black
24_0_0_20170119151341215.jpg.chip.jpg,24,Male,White
60_0_0_20170111202416395.jpg.chip.jpg,60,Male,White
26_1_0_20170117152808211.jpg.chip.jpg,26,Female,White
53_0_0_20170111171747425.jpg.chip.jpg,53,Male,White
30_0_3_20170119162644734.jpg.chip.jpg,30,Male,Indian
43_0_2_20170104210607932.jpg.chip.jpg,43,Male,Asian
39_0_0_20170113183735128.jpg.chip.jpg,39,Male,White
16_0_0_20170116201106640.jpg.chip.jpg,16,Male,White
26_1_2_20170117175135184.jpg.chip.jpg,26,Female,Asian
5_0_2_20161219194318083.jpg.chip.jpg,5,Male,Asian
1_0_0_20170109191725028.jpg.chip.jpg,1,Male,White
24_1_0_20170104021527253.jpg.chip.jpg,24,Female,White
28_1_0_20170117020138207.jpg.chip.jpg,28,Female,White
32_0_2_20170116162354491.jpg.chip.jpg,32,Male,Asian
43_0_0_20170103183345633.jpg.chip.jpg,43,Male,White
39_1_2_20170116192459890.jpg.chip.jpg,39,Female,Asian
21_1_0_20170117193748045.jpg.chip.jpg,21,Female,White
25_1_0_20170116223849950.jpg.chip.jpg,25,Female,White
26_1_1_20170116162307476.jpg.chip.jpg,26,Female,Black
20_0_3_20170119151303902.jpg.chip.jpg,20,Male,Indian
24_0_2_20170116163904057.jpg.chip.jpg,24,Male,Asian
27_1_3_20170104232645690.jpg.chip.jpg,27,Female,Indian
50_1_0_20170110143400936.jpg.chip.jpg,50,Female,White
23_1_0_20170117175925529.jpg.chip.jpg,23,Female,White
28_0_4_20170117202327093.jpg.chip.jpg,28,Male,Others
16_0_1_20170116161243731.jpg.chip.jpg,16,Male,Black
26_0_1_20170116025952653.jpg.chip.jpg,26,Male,Black
26_1_0_20170117173945869.jpg.chip.jpg,26,Female,White
42_0_0_20170109012239137.jpg.chip.jpg,42,Male,White
1_0_4_20161221195115664.jpg.chip.jpg,1,Male,Others
63_1_0_20170117175354308.jpg.chip.jpg,63,Female,White
26_1_3_20170117154458652.jpg.chip.jpg,26,Female,Indian
3_0_0_20170110220527929.jpg.chip.jpg,3,Male,White
47_0_4_20170104002129509.jpg.chip.jpg,47,Male,Others
54_1_0_20170117171701754.jpg.chip.jpg,54,Female,White
31_0_2_20170109001137996.jpg.chip.jpg,31,Male,Asian
50_0_3_20170119204603807.jpg.chip.jpg,50,Male,Indian
26_1_2_20170116175443429.jpg.chip.jpg,26,Female,Asian
34_1_0_20170104022106301.jpg.chip.jpg,34,Female,White
4_0_0_20161219192808843.jpg.chip.jpg,4,Male,White
37_0_3_20170119202229780.jpg.chip.jpg,37,Male,Indian
79_1_0_20170120225812145.jpg.chip.jpg,79,Female,White
26_0_0_20170117144522395.jpg.chip.jpg,26,Male,White
30_1_1_20170114031027306.jpg.chip.jpg,30,Female,Black
17_0_0_20170104230556561.jpg.chip.jpg,17,Male,White
26_0_2_20170116183020432.jpg.chip.jpg,26,Male,Asian
55_0_0_20170117190131875.jpg.chip.jpg,55,Male,White
23_1_2_20170116172814255.jpg.chip.jpg,23,Female,Asian
24_1_1_20170112204854107.jpg.chip.jpg,24,Female,Black
25_1_0_20170119172030770.jpg.chip.jpg,25,Female,White
7_1_0_20170109201810385.jpg.chip.jpg,7,Female,White
26_1_1_20170116153812488.jpg.chip.jpg,26,Female,Black
26_0_0_20170117172433732.jpg.chip.jpg,26,Male,White
8_1_0_20170109202906495.jpg.chip.jpg,8,Female,White
65_0_0_20170111195233409.jpg.chip.jpg,65,Male,White
55_0_0_20170117190748017.jpg.chip.jpg,55,Male,White
38_1_0_20170104183632893.jpg.chip.jpg,38,Female,White
22_1_0_20170116220950381.jpg.chip.jpg,22,Female,White
42_1_0_20170117203930783.jpg.chip.jpg,42,Female,White
26_1_2_20170116184052021.jpg.chip.jpg,26,Female,Asian
28_0_1_20170112211816014.jpg.chip.jpg,28,Male,Black
48_0_3_20170119201722708.jpg.chip.jpg,48,Male,Indian
22_1_0_20170105183534558.jpg.chip.jpg,22,Female,White
65_0_0_20170111203557764.jpg.chip.jpg,65,Male,White
29_1_3_20170119195529348.jpg.chip.jpg,29,Female,Indian
32_1_0_20170117183907807.jpg.chip.jpg,32,Female,White
58_1_1_20170120133757255.jpg.chip.jpg,58,Female,Black
59_1_1_20170112210446395.jpg.chip.jpg,59,Female,Black
23_1_3_20170104231753450.jpg.chip.jpg,23,Female,Indian
34_0_0_20170117134857915.jpg.chip.jpg,34,Male,White
39_0_3_20170104220730909.jpg.chip.jpg,39,Male,Indian
29_1_2_20170116163331282.jpg.chip.jpg,29,Female,Asian
26_1_3_20170104232139409.jpg.chip.jpg,26,Female,Indian
10_1_0_20170109203438428.jpg.chip.jpg,10,Female,White
35_0_3_20170119201448301.jpg.chip.jpg,35,Male,Indian
68_0_0_20170117172902192.jpg.chip.jpg,68,Male,White
61_0_1_20170117194559499.jpg.chip.jpg,61,Male,Black
57_0_2_20170105173521150.jpg.chip.jpg,57,Male,Asian
32_1_0_20170104172950778.jpg.chip.jpg,32,Female,White
26_0_3_20170119183240167.jpg.chip.jpg,26,Male,Indian
65_0_0_20170111200641250.jpg.chip.jpg,65,Male,White
28_1_2_20170116165125979.jpg.chip.jpg,28,Female,Asian
20_1_4_20170105183316775.jpg.chip.jpg,20,Female,Others
25_1_3_20170104222218775.jpg.chip.jpg,25,Female,Indian
60_1_0_20170110141610416.jpg.chip.jpg,60,Female,White
41_0_0_20170117170716995.jpg.chip.jpg,41,Male,White
32_0_0_20170113142132251.jpg.chip.jpg,32,Male,White
48_0_3_20170105180838870.jpg.chip.jpg,48,Male,Indian
79_1_0_20170120225840978.jpg.chip.jpg,79,Female,White
34_1_0_20170113001304724.jpg.chip.jpg,34,Female,White
36_1_1_20170116161213859.jpg.chip.jpg,36,Female,Black
51_0_0_20170104174529739.jpg.chip.jpg,51,Male,White
65_0_1_20170120223219484.jpg.chip.jpg,65,Male,Black
26_1_2_20170116180543835.jpg.chip.jpg,26,Female,Asian
25_1_2_20170104021935245.jpg.chip.jpg,25,Female,Asian
34_0_1_20170117165134738.jpg.chip.jpg,34,Male,Black
45_0_0_20170104165204728.jpg.chip.jpg,45,Male,White
35_0_4_20170117141858070.jpg.chip.jpg,35,Male,Others
13_1_0_20170120133325603.jpg.chip.jpg,13,Female,White
42_1_0_20170109141959953.jpg.chip.jpg,42,Female,White
53_1_1_20170104184527846.jpg.chip.jpg,53,Female,Black
1_1_2_20161219141502337.jpg.chip.jpg,1,Female,Asian
26_0_0_20170113210127400.jpg.chip.jpg,26,Male,White
37_0_0_20170117135927074.jpg.chip.jpg,37,Male,White
23_0_0_20170117144406947.jpg.chip.jpg,23,Male,White
80_0_0_20170111205541652.jpg.chip.jpg,80,Male,White
54_0_1_20170117191441764.jpg.chip.jpg,54,Male,Black
51_1_0_20170104212206804.jpg.chip.jpg,51,Female,White
1_0_3_20161220143117879.jpg.chip.jpg,1,Male,Indian
49_0_3_20170119201615957.jpg.chip.jpg,49,Male,Indian
27_1_1_20170116000504802.jpg.chip.jpg,27,Female,Black
36_1_1_20170117091839173.jpg.chip.jpg,36,Female,Black
37_1_0_20170103183817362.jpg.chip.jpg,37,Female,White
35_1_0_20170116201544674.jpg.chip.jpg,35,Female,White
40_0_0_20170105172604533.jpg.chip.jpg,40,Male,White
27_0_0_20170116220641348.jpg.chip.jpg,27,Male,White
28_0_2_20170116162117606.jpg.chip.jpg,28,Male,Asian
28_0_1_20170117172812224.jpg.chip.jpg,28,Male,Black
29_1_0_20170104185616837.jpg.chip.jpg,29,Female,White
45_0_3_20170119184244311.jpg.chip.jpg,45,Male,Indian
65_0_3_20170112222321514.jpg.chip.jpg,65,Male,Indian
40_1_1_20170109003603180.jpg.chip.jpg,40,Female,Black
28_1_3_20170104223603809.jpg.chip.jpg,28,Female,Indian
54_0_0_20170113210125997.jpg.chip.jpg,54,Male,White
31_1_3_20170109134554005.jpg.chip.jpg,31,Female,Indian
55_1_0_20170117190736258.jpg.chip.jpg,55,Female,White
27_1_2_20170116172207087.jpg.chip.jpg,27,Female,Asian
46_0_0_20170119150223726.jpg.chip.jpg,46,Male,White
30_1_3_20170117181341092.jpg.chip.jpg,30,Female,Indian
36_1_1_20170116165713429.jpg.chip.jpg,36,Female,Black
51_0_0_20170120222858570.jpg.chip.jpg,51,Male,White
66_1_0_20170110132405672.jpg.chip.jpg,66,Female,White
16_1_0_20170109213007401.jpg.chip.jpg,16,Female,White
28_1_4_20170117170432153.jpg.chip.jpg,28,Female,Others
42_0_0_20170113184535624.jpg.chip.jpg,42,Male,White
51_0_0_20170117160753918.jpg.chip.jpg,51,Male,White
26_0_0_20170113133551354.jpg.chip.jpg,26,Male,White
24_1_3_20170104231937977.jpg.chip.jpg,24,Female,Indian
28_1_2_20170116164716297.jpg.chip.jpg,28,Female,Asian
47_0_0_20170103183528850.jpg.chip.jpg,47,Male,White
67_0_0_20170120230050170.jpg.chip.jpg,67,Male,White
54_0_0_20170117170958924.jpg.chip.jpg,54,Male,White
15_1_3_20170104222011950.jpg.chip.jpg,15,Female,Indian
52_1_0_20170109221054399.jpg.chip.jpg,52,Female,White
42_1_2_20170116182210072.jpg.chip.jpg,42,Female,Asian
28_0_0_20170117121833834.jpg.chip.jpg,28,Male,White
74_0_0_20170120225714392.jpg.chip.jpg,74,Male,White
25_1_1_20170112235100153.jpg.chip.jpg,25,Female,Black
24_1_1_20170112204601475.jpg.chip.jpg,24,Female,Black
3_1_3_20161219225041456.jpg.chip.jpg,3,Female,Indian
24_1_4_20170103225121913.jpg.chip.jpg,24,Female,Others
37_0_3_20170119194814724.jpg.chip.jpg,37,Male,Indian
42_0_3_20170105172357317.jpg.chip.jpg,42,Male,Indian
36_0_3_20170119202102207.jpg.chip.jpg,36,Male,Indian
34_0_3_20170119171624184.jpg.chip.jpg,34,Male,Indian
26_0_0_20170113210126964.jpg.chip.jpg,26,Male,White
62_1_0_20170110160643813.jpg.chip.jpg,62,Female,White
65_0_3_20170119205206575.jpg.chip.jpg,65,Male,Indian
37_0_3_20170119202342181.jpg.chip.jpg,37,Male,Indian
16_0_0_20170103201044224.jpg.chip.jpg,16,Male,White
26_0_0_20170116193220165.jpg.chip.jpg,26,Male,White
22_1_1_20170112202834858.jpg.chip.jpg,22,Female,Black
50_0_0_20170116225153572.jpg.chip.jpg,50,Male,White
70_0_0_20170120221817960.jpg.chip.jpg,70,Male,White
11_0_0_20170110220518578.jpg.chip.jpg,11,Male,White
30_0_1_20170113195630213.jpg.chip.jpg,30,Male,Black
40_0_2_20170113190355448.jpg.chip.jpg,40,Male,Asian
34_1_1_20170116021114210.jpg.chip.jpg,34,Female,Black
26_0_3_20170119180445972.jpg.chip.jpg,26,Male,Indian
8_1_0_20170109203241741.jpg.chip.jpg,8,Female,White
70_0_0_20170117173655936.jpg.chip.jpg,70,Male,White
22_1_3_20170119163704869.jpg.chip.jpg,22,Female,Indian
74_0_0_20170120224009436.jpg.chip.jpg,74,Male,White
37_1_1_20170116222816400.jpg.chip.jpg,37,Female,Black
59_0_0_20170104213214717.jpg.chip.jpg,59,Male,White
67_1_0_20170110180054361.jpg.chip.jpg,67,Female,White
64_0_0_20170120223401173.jpg.chip.jpg,64,Male,White
18_1_2_20170104020418380.jpg.chip.jpg,18,Female,Asian
26_0_4_20170117195657219.jpg.chip.jpg,26,Male,Others
20_1_0_20170103175634288.jpg.chip.jpg,20,Female,White
30_0_3_20170119204722073.jpg.chip.jpg,30,Male,Indian
70_0_0_20170117160051432.jpg.chip.jpg,70,Male,White
25_0_3_20170117134725751.jpg.chip.jpg,25,Male,Indian
62_1_0_20170110131354284.jpg.chip.jpg,62,Female,White
58_0_0_20170117193906036.jpg.chip.jpg,58,Male,White
17_0_0_20170110231752726.jpg.chip.jpg,17,Male,White
30_1_2_20170116161348207.jpg.chip.jpg,30,Female,Asian
27_1_0_20170117144358667.jpg.chip.jpg,27,Female,White
24_0_4_20170103234945243.jpg.chip.jpg,24,Male,Others
80_1_4_20170110184132973.jpg.chip.jpg,80,Female,Others
2_0_3_20161219224627007.jpg.chip.jpg,2,Male,Indian
45_0_0_20170116203604318.jpg.chip.jpg,45,Male,White
43_0_4_20170117135938595.jpg.chip.jpg,43,Male,Others
28_0_2_20170112213615815.jpg.chip.jpg,28,Male,Asian
54_0_0_20170120222607969.jpg.chip.jpg,54,Male,White
5_1_2_20161219204056708.jpg.chip.jpg,5,Female,Asian
60_0_3_20170119205909616.jpg.chip.jpg,60,Male,Indian
22_1_0_20170109213059848.jpg.chip.jpg,22,Female,White
30_1_0_20170117143123552.jpg.chip.jpg,30,Female,White
56_0_0_20170111201143803.jpg.chip.jpg,56,Male,White
32_0_2_20170116162124916.jpg.chip.jpg,32,Male,Asian
30_1_0_20170117140336640.jpg.chip.jpg,30,Female,White
35_1_3_20170109135835957.jpg.chip.jpg,35,Female,Indian
21_0_1_20170116010312874.jpg.chip.jpg,21,Male,Black
15_0_0_20170104011728017.jpg.chip.jpg,15,Male,White
70_0_0_20170120221807750.jpg.chip.jpg,70,Male,White
77_1_0_20170110180511080.jpg.chip.jpg,77,Female,White
17_0_3_20170104225734512.jpg.chip.jpg,17,Male,Indian
52_0_0_20170111171747350.jpg.chip.jpg,52,Male,White
35_0_0_20170117180339845.jpg.chip.jpg,35,Male,White
28_0_0_20170117180626585.jpg.chip.jpg,28,Male,White
29_1_1_20170116021359164.jpg.chip.jpg,29,Female,Black
67_0_1_20170117172510754.jpg.chip.jpg,67,Male,Black
28_1_4_20170104165215184.jpg.chip.jpg,28,Female,Others
53_0_0_20170111200949284.jpg.chip.jpg,53,Male,White
20_1_2_20170104015622356.jpg.chip.jpg,20,Female,Asian
26_1_0_20170104165807080.jpg.chip.jpg,26,Female,White
23_0_2_20170116221009406.jpg.chip.jpg,23,Male,Asian
26_1_0_20170117174906552.jpg.chip.jpg,26,Female,White
19_0_3_20170119165517358.jpg.chip.jpg,19,Male,Indian
68_0_0_20170105174949806.jpg.chip.jpg,68,Male,White
11_1_0_20170109204927071.jpg.chip.jpg,11,Female,White
52_0_0_20170117154856649.jpg.chip.jpg,52,Male,White
2_0_2_20161219162403159.jpg.chip.jpg,2,Male,Asian
5_1_2_20161219205338333.jpg.chip.jpg,5,Female,Asian
33_1_0_20170107213730053.jpg.chip.jpg,33,Female,White
36_0_0_20170117183228479.jpg.chip.jpg,36,Male,White
72_0_3_20170105180912247.jpg.chip.jpg,72,Male,Indian
26_0_4_20170117200225399.jpg.chip.jpg,26,Male,Others
8_1_2_20170116194013325.jpg.chip.jpg,8,Female,Asian
42_0_0_20170117185738076.jpg.chip.jpg,42,Male,White
54_0_3_20170119211306371.jpg.chip.jpg,54,Male,Indian
60_0_2_20170117162755515.jpg.chip.jpg,60,Male,Asian
50_0_3_20170119183204846.jpg.chip.jpg,50,Male,Indian
60_1_0_20170110140829202.jpg.chip.jpg,60,Female,White
22_1_2_20170116172657692.jpg.chip.jpg,22,Female,Asian
10_1_3_20170104221711437.jpg.chip.jpg,10,Female,Indian
1_1_2_20161219221229279.jpg.chip.jpg,1,Female,Asian
26_1_4_20170117154131789.jpg.chip.jpg,26,Female,Others
27_0_0_20170117175613066.jpg.chip.jpg,27,Male,White
28_0_1_20170117021402997.jpg.chip.jpg,28,Male,Black
18_1_4_20170117185609466.jpg.chip.jpg,18,Female,Others
62_1_0_20170110173810498.jpg.chip.jpg,62,Female,White
68_0_0_20170111205855178.jpg.chip.jpg,68,Male,White
62_0_3_20170104212109387.jpg.chip.jpg,62,Male,Indian
51_1_4_20170117123956403.jpg.chip.jpg,51,Female,Others
29_1_4_20170117202750455.jpg.chip.jpg,29,Female,Others
16_1_1_20170114025506835.jpg.chip.jpg,16,Female,Black
25_1_3_20170117140244350.jpg.chip.jpg,25,Female,Indian
50_0_3_20170119204422855.jpg.chip.jpg,50,Male,Indian
38_1_4_20170116233353646.jpg.chip.jpg,38,Female,Others
37_0_1_20170116214356844.jpg.chip.jpg,37,Male,Black
9_0_0_20170110215516060.jpg.chip.jpg,9,Male,White
50_0_0_20170109012530622.jpg.chip.jpg,50,Male,White
61_0_1_20170117194623461.jpg.chip.jpg,61,Male,Black
31_1_1_20170116222821659.jpg.chip.jpg,31,Female,Black
35_0_0_20170116182345117.jpg.chip.jpg,35,Male,White
49_1_0_20170103180443960.jpg.chip.jpg,49,Female,White
53_1_0_20170109221042561.jpg.chip.jpg,53,Female,White
3_1_0_20170109193839054.jpg.chip.jpg,3,Female,White
14_0_2_20170104012541763.jpg.chip.jpg,14,Male,Asian
2_1_2_20161219203903148.jpg.chip.jpg,2,Female,Asian
24_1_1_20170112204809364.jpg.chip.jpg,24,Female,Black
25_1_4_20170103224600280.jpg.chip.jpg,25,Female,Others
26_1_4_20170117154124606.jpg.chip.jpg,26,Female,Others
10_0_4_20170103202338152.jpg.chip.jpg,10,Male,Others
48_0_2_20170104212013870.jpg.chip.jpg,48,Male,Asian
25_1_3_20170119172134400.jpg.chip.jpg,25,Female,Indian
8_1_0_20170109203248565.jpg.chip.jpg,8,Female,White
46_0_3_20170119172226210.jpg.chip.jpg,46,Male,Indian
4_1_1_20170110213220193.jpg.chip.jpg,4,Female,Black
41_0_1_20170113134000456.jpg.chip.jpg,41,Male,Black
26_0_1_20170113134653322.jpg.chip.jpg,26,Male,Black
25_0_4_20170117195016421.jpg.chip.jpg,25,Male,Others
63_1_3_20170117143046787.jpg.chip.jpg,63,Female,Indian
15_0_0_20170103201110847.jpg.chip.jpg,15,Male,White
27_0_1_20170117010716859.jpg.chip.jpg,27,Male,Black
26_1_2_20170116184247227.jpg.chip.jpg,26,Female,Asian
26_0_2_20170116175942111.jpg.chip.jpg,26,Male,Asian
28_1_1_20170112234152465.jpg.chip.jpg,28,Female,Black
32_0_0_20170117121829950.jpg.chip.jpg,32,Male,White
26_0_1_20170116192332618.jpg.chip.jpg,26,Male,Black
68_1_0_20170110183835271.jpg.chip.jpg,68,Female,White
6_1_0_20170109204602999.jpg.chip.jpg,6,Female,White
27_0_0_20170102233549947.jpg.chip.jpg,27,Male,White
26_1_1_20170112212048675.jpg.chip.jpg,26,Female,Black
24_1_0_20170116222936821.jpg.chip.jpg,24,Female,White
35_0_0_20170117173130228.jpg.chip.jpg,35,Male,White
1_0_1_20170110213810856.jpg.chip.jpg,1,Male,Black
61_0_0_20170117174637422.jpg.chip.jpg,61,Male,White
10_0_0_20170110224406532.jpg.chip.jpg,10,Male,White
24_0_4_20170117194356247.jpg.chip.jpg,24,Male,Others
55_1_0_20170117173517533.jpg.chip.jpg,55,Female,White
1_1_2_20161219200119571.jpg.chip.jpg,1,Female,Asian
26_0_4_20170117195705718.jpg.chip.jpg,26,Male,Others
16_1_0_20170104011815680.jpg.chip.jpg,16,Female,White
10_0_1_20170116225209209.jpg.chip.jpg,10,Male,Black
28_0_1_20170117021357609.jpg.chip.jpg,28,Male,Black
56_0_2_20170105164626292.jpg.chip.jpg,56,Male,Asian
1_0_2_20161219151035204.jpg.chip.jpg,1,Male,Asian
49_0_0_20170104184239893.jpg.chip.jpg,49,Male,White
67_0_1_20170120224828928.jpg.chip.jpg,67,Male,Black
27_1_1_20170113011433800.jpg.chip.jpg,27,Female,Black
26_0_0_20170113210605379.jpg.chip.jpg,26,Male,White
27_1_1_20170112234238832.jpg.chip.jpg,27,Female,Black
40_0_0_20170120221007844.jpg.chip.jpg,40,Male,White
49_0_3_20170104214426925.jpg.chip.jpg,49,Male,Indian
7_1_4_20170103230718288.jpg.chip.jpg,7,Female,Others
26_0_1_20170117195832779.jpg.chip.jpg,26,Male,Black
4_0_0_20170110213253207.jpg.chip.jpg,4,Male,White
45_0_3_20170119202051271.jpg.chip.jpg,45,Male,Indian
26_1_0_20170116171048641.jpg.chip.jpg,26,Female,White
1_1_3_20161220222647563.jpg.chip.jpg,1,Female,Indian
2_1_2_20161219154029060.jpg.chip.jpg,2,Female,Asian
24_0_1_20170113134107281.jpg.chip.jpg,24,Male,Black
11_1_0_20170109205136852.jpg.chip.jpg,11,Female,White
12_1_0_20170109203240213.jpg.chip.jpg,12,Female,White
65_0_3_20170117171142579.jpg.chip.jpg,65,Male,Indian
45_0_3_20170119203810871.jpg.chip.jpg,45,Male,Indian
17_0_1_20170113175010309.jpg.chip.jpg,17,Male,Black
41_0_0_20170109002859574.jpg.chip.jpg,41,Male,White
54_0_0_20170113161336995.jpg.chip.jpg,54,Male,White
1_0_2_20161219210310309.jpg.chip.jpg,1,Male,Asian
25_1_1_20170117142659506.jpg.chip.jpg,25,Female,Black
1_1_4_20161221192830036.jpg.chip.jpg,1,Female,Others
1_0_1_20170110213656556.jpg.chip.jpg,1,Male,Black
53_1_0_20170105171816333.jpg.chip.jpg,53,Female,White
26_1_3_20170119193142729.jpg.chip.jpg,26,Female,Indian
29_0_0_20170119195119659.jpg.chip.jpg,29,Male,White
40_1_1_20170116231247019.jpg.chip.jpg,40,Female,Black
29_0_0_20170117180851443.jpg.chip.jpg,29,Male,White
40_0_0_20170117135602850.jpg.chip.jpg,40,Male,White
8_0_0_20170110225315590.jpg.chip.jpg,8,Male,White
26_1_1_20170116223057328.jpg.chip.jpg,26,Female,Black
39_0_0_20170104204717955.jpg.chip.jpg,39,Male,White
1_0_3_20161219224914784.jpg.chip.jpg,1,Male,Indian
32_1_3_20170104223356184.jpg.chip.jpg,32,Female,Indian
21_1_0_20170117141734034.jpg.chip.jpg,21,Female,White
26_0_3_20170119181351882.jpg.chip.jpg,26,Male,Indian
54_1_1_20170117194849551.jpg.chip.jpg,54,Female,Black
2_1_2_20161219141231552.jpg.chip.jpg,2,Female,Asian
26_0_0_20170113210127277.jpg.chip.jpg,26,Male,White
8_0_0_20170110215559811.jpg.chip.jpg,8,Male,White
26_1_2_20170116175932810.jpg.chip.jpg,26,Female,Asian
28_1_0_20170117180707457.jpg.chip.jpg,28,Female,White
26_1_1_20170116223036741.jpg.chip.jpg,26,Female,Black
39_0_0_20170117154211467.jpg.chip.jpg,39,Male,White
17_1_4_20170103234147843.jpg.chip.jpg,17,Female,Others
16_0_4_20161221200238647.jpg.chip.jpg,16,Male,Others
57_0_0_20170111171747487.jpg.chip.jpg,57,Male,White
70_0_1_20170120225116936.jpg.chip.jpg,70,Male,Black
33_0_1_20170114034227427.jpg.chip.jpg,33,Male,Black
51_1_2_20170109131917693.jpg.chip.jpg,51,Female,Asian
45_1_0_20170103163311263.jpg.chip.jpg,45,Female,White
23_1_2_20170116172843453.jpg.chip.jpg,23,Female,Asian
23_1_0_20170117144809468.jpg.chip.jpg,23,Female,White
70_0_0_20170120223159907.jpg.chip.jpg,70,Male,White
41_0_3_20170104201116162.jpg.chip.jpg,41,Male,Indian
50_1_0_20170117160743553.jpg.chip.jpg,50,Female,White
24_0_2_20170116193026959.jpg.chip.jpg,24,Male,Asian
50_0_0_20170120133257846.jpg.chip.jpg,50,Male,White
26_1_0_20170117173613245.jpg.chip.jpg,26,Female,White
9_1_0_20170109204512608.jpg.chip.jpg,9,Female,White
21_1_1_20170117132654031.jpg.chip.jpg,21,Female,Black
35_0_0_20170104201044970.jpg.chip.jpg,35,Male,White
58_0_1_20170113190654777.jpg.chip.jpg,58,Male,Black
25_1_3_20170117152134924.jpg.chip.jpg,25,Female,Indian
23_1_4_20161223214744290.jpg.chip.jpg,23,Female,Others
31_0_2_20170116170946512.jpg.chip.jpg,31,Male,Asian
33_1_1_20170116215201422.jpg.chip.jpg,33,Female,Black
26_1_2_20170116184553462.jpg.chip.jpg,26,Female,Asian
24_1_0_20170116174738833.jpg.chip.jpg,24,Female,White
25_1_3_20170104214624646.jpg.chip.jpg,25,Female,Indian
26_0_4_20170103235333148.jpg.chip.jpg,26,Male,Others
68_0_0_20170111205947306.jpg.chip.jpg,68,Male,White
28_0_3_20170119194504450.jpg.chip.jpg,28,Male,Indian
21_1_2_20170105000725292.jpg.chip.jpg,21,Female,Asian
28_1_0_20170116000534759.jpg.chip.jpg,28,Female,White
42_1_1_20170112220102774.jpg.chip.jpg,42,Female,Black
45_0_0_20170117135225261.jpg.chip.jpg,45,Male,White
29_1_2_20170116162317216.jpg.chip.jpg,29,Female,Asian
34_1_1_20170115235753191.jpg.chip.jpg,34,Female,Black
8_1_0_20170109205258890.jpg.chip.jpg,8,Female,White
1_0_0_20161219203503252.jpg.chip.jpg,1,Male,White
26_1_4_20170117174218966.jpg.chip.jpg,26,Female,Others
34_0_0_20170109013537513.jpg.chip.jpg,34,Male,White
36_1_4_20170105001244316.jpg.chip.jpg,36,Female,Others
27_1_3_20170104231704778.jpg.chip.jpg,27,Female,Indian
57_1_0_20170109015631419.jpg.chip.jpg,57,Female,White
52_0_0_20170104210032733.jpg.chip.jpg,52,Male,White
31_0_1_20170113141650230.jpg.chip.jpg,31,Male,Black
3_0_2_20161219161700237.jpg.chip.jpg,3,Male,Asian
28_0_0_20170113161024162.jpg.chip.jpg,28,Male,White
21_1_0_20170114032157249.jpg.chip.jpg,21,Female,White
48_1_0_20170109142203204.jpg.chip.jpg,48,Female,White
55_0_3_20170117175522223.jpg.chip.jpg,55,Male,Indian
45_0_0_20170117181754620.jpg.chip.jpg,45,Male,White
8_1_3_20170104222705308.jpg.chip.jpg,8,Female,Indian
35_1_1_20170113001619378.jpg.chip.jpg,35,Female,Black
28_1_1_20170115235013113.jpg.chip.jpg,28,Female,Black
25_0_0_20170117191852883.jpg.chip.jpg,25,Male,White
53_0_3_20170119201406708.jpg.chip.jpg,53,Male,Indian
26_0_2_20170116180011320.jpg.chip.jpg,26,Male,Asian
63_0_0_20170104171431363.jpg.chip.jpg,63,Male,White
2_0_0_20170110212819281.jpg.chip.jpg,2,Male,White
2_1_2_20161219211625838.jpg.chip.jpg,2,Female,Asian
17_0_3_20170117152534037.jpg.chip.jpg,17,Male,Indian
49_0_0_20170111181750448.jpg.chip.jpg,49,Male,White
3_1_0_20170109194250272.jpg.chip.jpg,3,Female,White
32_0_1_20170116030427547.jpg.chip.jpg,32,Male,Black
14_0_0_20170110232127519.jpg.chip.jpg,14,Male,White
48_0_1_20170113182616942.jpg.chip.jpg,48,Male,Black
4_1_0_20170109192248839.jpg.chip.jpg,4,Female,White
37_0_3_20170119202343501.jpg.chip.jpg,37,Male,Indian
31_1_1_20170113012714175.jpg.chip.jpg,31,Female,Black
27_0_4_20170104002159117.jpg.chip.jpg,27,Male,Others
44_0_0_20170120134632848.jpg.chip.jpg,44,Male,White
43_1_0_20170119204611182.jpg.chip.jpg,43,Female,White
39_0_4_20170105172836893.jpg.chip.jpg,39,Male,Others
26_1_3_20170104235435739.jpg.chip.jpg,26,Female,Indian
45_0_0_20170117174733520.jpg.chip.jpg,45,Male,White
16_1_0_20170109213117588.jpg.chip.jpg,16,Female,White
58_0_0_20170120224650587.jpg.chip.jpg,58,Male,White
56_0_0_20170111203922369.jpg.chip.jpg,56,Male,White
16_1_0_20170109214419099.jpg.chip.jpg,16,Female,White
29_0_3_20170119195112307.jpg.chip.jpg,29,Male,Indian
30_1_0_20170117131118803.jpg.chip.jpg,30,Female,White
53_1_0_20170120223207284.jpg.chip.jpg,53,Female,White
66_1_0_20170105174521629.jpg.chip.jpg,66,Female,White
40_0_3_20170117131047444.jpg.chip.jpg,40,Male,Indian
34_1_4_20170104165941169.jpg.chip.jpg,34,Female,Others
8_1_0_20170109203701788.jpg.chip.jpg,8,Female,White
16_1_0_20170109213003514.jpg.chip.jpg,16,Female,White
35_0_0_20170116182739852.jpg.chip.jpg,35,Male,White
3_1_0_20170109192304730.jpg.chip.jpg,3,Female,White
27_0_1_20170113133634568.jpg.chip.jpg,27,Male,Black
50_1_0_20170120220951100.jpg.chip.jpg,50,Female,White
40_0_3_20170116030108440.jpg.chip.jpg,40,Male,Indian
1_1_0_20170109190843285.jpg.chip.jpg,1,Female,White
58_0_0_20170111202848963.jpg.chip.jpg,58,Male,White
29_1_0_20170117130628854.jpg.chip.jpg,29,Female,White
27_0_0_20170117175357929.jpg.chip.jpg,27,Male,White
2_0_2_20161219155636293.jpg.chip.jpg,2,Male,Asian
1_0_0_20170110213438385.jpg.chip.jpg,1,Male,White
55_0_3_20170119181409916.jpg.chip.jpg,55,Male,Indian
38_0_0_20170114033044391.jpg.chip.jpg,38,Male,White
64_1_0_20170110154140951.jpg.chip.jpg,64,Female,White
26_0_3_20170117153104987.jpg.chip.jpg,26,Male,Indian
27_0_2_20170119193326050.jpg.chip.jpg,27,Male,Asian
22_1_2_20170116172706771.jpg.chip.jpg,22,Female,Asian
3_1_0_20170109190919498.jpg.chip.jpg,3,Female,White
1_0_3_20161220222711441.jpg.chip.jpg,1,Male,Indian
52_0_0_20170111204000411.jpg.chip.jpg,52,Male,White
32_1_0_20170104171643865.jpg.chip.jpg,32,Female,White
10_0_0_20170110220111082.jpg.chip.jpg,10,Male,White
36_0_0_20170117163349597.jpg.chip.jpg,36,Male,White
32_1_2_20170104202227882.jpg.chip.jpg,32,Female,Asian
18_1_1_20170117140201823.jpg.chip.jpg,18,Female,Black
12_0_0_20170117165940524.jpg.chip.jpg,12,Male,White
20_1_2_20170109213154546.jpg.chip.jpg,20,Female,Asian
34_0_0_20170117103412719.jpg.chip.jpg,34,Male,White
19_0_3_20170104214230141.jpg.chip.jpg,19,Male,Indian
24_1_0_20170104022030117.jpg.chip.jpg,24,Female,White
26_0_1_20170116193423469.jpg.chip.jpg,26,Male,Black
58_0_3_20170119211659305.jpg.chip.jpg,58,Male,Indian
20_0_3_20170104214317461.jpg.chip.jpg,20,Male,Indian
17_1_2_20170104020251980.jpg.chip.jpg,17,Female,Asian
1_1_2_20161219204636789.jpg.chip.jpg,1,Female,Asian
20_1_4_20170117193608005.jpg.chip.jpg,20,Female,Others
27_1_0_20170103210530706.jpg.chip.jpg,27,Female,White
75_0_2_20170111210029130.jpg.chip.jpg,75,Male,Asian
6_1_4_20161223232203348.jpg.chip.jpg,6,Female,Others
32_0_3_20170113190504936.jpg.chip.jpg,32,Male,Indian
58_0_0_20170109012537557.jpg.chip.jpg,58,Male,White
1_0_2_20161219155854085.jpg.chip.jpg,1,Male,Asian
7_1_0_20170109192035908.jpg.chip.jpg,7,Female,White
30_0_2_20170116181218736.jpg.chip.jpg,30,Male,Asian
29_1_0_20170113012617623.jpg.chip.jpg,29,Female,White
48_1_0_20170108224903494.jpg.chip.jpg,48,Female,White
22_1_4_20170103224503415.jpg.chip.jpg,22,Female,Others
40_0_0_20170104205218667.jpg.chip.jpg,40,Male,White
40_0_0_20170117121759794.jpg.chip.jpg,40,Male,White
29_1_0_20170103182353753.jpg.chip.jpg,29,Female,White
11_1_0_20170109204546617.jpg.chip.jpg,11,Female,White
32_0_0_20170117182416733.jpg.chip.jpg,32,Male,White
2_0_2_20161219190941315.jpg.chip.jpg,2,Male,Asian
36_0_0_20170120221426365.jpg.chip.jpg,36,Male,White
3_1_0_20170109191013750.jpg.chip.jpg,3,Female,White
80_1_0_20170110151356634.jpg.chip.jpg,80,Female,White
1_0_2_20161219200015132.jpg.chip.jpg,1,Male,Asian
38_1_3_20170104232742666.jpg.chip.jpg,38,Female,Indian
28_0_3_20170119194935947.jpg.chip.jpg,28,Male,Indian
51_0_0_20170111181750489.jpg.chip.jpg,51,Male,White
61_0_2_20170116191832323.jpg.chip.jpg,61,Male,Asian
23_0_0_20170113210126449.jpg.chip.jpg,23,Male,White
36_1_0_20170117091704944.jpg.chip.jpg,36,Female,White
16_0_0_20170110231801615.jpg.chip.jpg,16,Male,White
1_0_2_20161219153127196.jpg.chip.jpg,1,Male,Asian
32_0_0_20170117133447180.jpg.chip.jpg,32,Male,White
35_1_3_20170119162657708.jpg.chip.jpg,35,Female,Indian
29_1_0_20170117130603900.jpg.chip.jpg,29,Female,White
1_1_4_20161221195119295.jpg.chip.jpg,1,Female,Others
55_0_0_20170120222234390.jpg.chip.jpg,55,Male,White
33_0_3_20170119164240414.jpg.chip.jpg,33,Male,Indian
60_1_1_20170110151459404.jpg.chip.jpg,60,Female,Black
35_0_0_20170104201217450.jpg.chip.jpg,35,Male,White
26_0_0_20170120134533448.jpg.chip.jpg,26,Male,White
11_1_0_20170109203422194.jpg.chip.jpg,11,Female,White
26_1_1_20170116160835715.jpg.chip.jpg,26,Female,Black
40_0_0_20170117120418754.jpg.chip.jpg,40,Male,White
25_0_0_20170105162443771.jpg.chip.jpg,25,Male,White
8_1_3_20170104221650071.jpg.chip.jpg,8,Female,Indian
26_1_2_20170116184242565.jpg.chip.jpg,26,Female,Asian
25_0_0_20170116001254628.jpg.chip.jpg,25,Male,White
28_0_1_20170117183746129.jpg.chip.jpg,28,Male,Black
18_1_0_20170117140440920.jpg.chip.jpg,18,Female,White
80_0_2_20170112224358076.jpg.chip.jpg,80,Male,Asian
21_1_2_20170116170750376.jpg.chip.jpg,21,Female,Asian
35_1_1_20170112205159460.jpg.chip.jpg,35,Female,Black
38_0_3_20170119202726182.jpg.chip.jpg,38,Male,Indian
30_1_4_20170117202938776.jpg.chip.jpg,30,Female,Others
39_1_0_20170103183137809.jpg.chip.jpg,39,Female,White
78_0_2_20170112224416258.jpg.chip.jpg,78,Male,Asian
47_1_1_20170113012000953.jpg.chip.jpg,47,Female,Black
28_0_0_20170117180236154.jpg.chip.jpg,28,Male,White
21_0_3_20170119150216454.jpg.chip.jpg,21,Male,Indian
34_0_3_20170119200806004.jpg.chip.jpg,34,Male,Indian
16_1_0_20170103201602647.jpg.chip.jpg,16,Female,White
49_1_0_20170109221050190.jpg.chip.jpg,49,Female,White
30_1_4_20170117143625216.jpg.chip.jpg,30,Female,Others
65_0_3_20170117191735066.jpg.chip.jpg,65,Male,Indian
29_0_1_20170116205636712.jpg.chip.jpg,29,Male,Black
48_1_0_20170109135746831.jpg.chip.jpg,48,Female,White
24_1_3_20170117150320420.jpg.chip.jpg,24,Female,Indian
63_0_2_20170112223914372.jpg.chip.jpg,63,Male,Asian
38_1_1_20170116160907331.jpg.chip.jpg,38,Female,Black
53_0_0_20170111201804638.jpg.chip.jpg,53,Male,White
1_1_3_20161219224751288.jpg.chip.jpg,1,Female,Indian
65_0_0_20170117171106484.jpg.chip.jpg,65,Male,White
65_1_0_20170110143547028.jpg.chip.jpg,65,Female,White
24_1_4_20170117150727939.jpg.chip.jpg,24,Female,Others
24_1_1_20170116222720224.jpg.chip.jpg,24,Female,Black
44_0_3_20170113001948987.jpg.chip.jpg,44,Male,Indian
72_1_0_20170110183821487.jpg.chip.jpg,72,Female,White
36_0_2_20170105163358596.jpg.chip.jpg,36,Male,Asian
58_1_0_20170117204753192.jpg.chip.jpg,58,Female,White
67_1_1_20170113185517320.jpg.chip.jpg,67,Female,Black
16_0_0_20170110231914222.jpg.chip.jpg,16,Male,White
26_1_3_20170119192426755.jpg.chip.jpg,26,Female,Indian
12_1_0_20170109214435512.jpg.chip.jpg,12,Female,White
1_1_2_20161219151127243.jpg.chip.jpg,1,Female,Asian
69_1_0_20170110131736764.jpg.chip.jpg,69,Female,White
27_1_2_20170116192014113.jpg.chip.jpg,27,Female,Asian
6_0_3_20170119145452429.jpg.chip.jpg,6,Male,Indian
25_0_3_20170119171618146.jpg.chip.jpg,25,Male,Indian
28_1_3_20170104232916497.jpg.chip.jpg,28,Female,Indian
18_1_3_20170104221936503.jpg.chip.jpg,18,Female,Indian
52_1_1_20170110153724776.jpg.chip.jpg,52,Female,Black
14_1_0_20170104011733528.jpg.chip.jpg,14,Female,White
25_0_0_20170117143251139.jpg.chip.jpg,25,Male,White
7_1_0_20170109201718572.jpg.chip.jpg,7,Female,White
31_0_3_20170104232355440.jpg.chip.jpg,31,Male,Indian
35_1_2_20170116164245925.jpg.chip.jpg,35,Female,Asian
18_1_0_20170109213414723.jpg.chip.jpg,18,Female,White
36_1_1_20170117135857248.jpg.chip.jpg,36,Female,Black
64_0_0_20170117155540137.jpg.chip.jpg,64,Male,White
57_0_3_20170119211459705.jpg.chip.jpg,57,Male,Indian
32_0_0_20170117140353209.jpg.chip.jpg,32,Male,White
15_1_0_20170109214633067.jpg.chip.jpg,15,Female,White
9_0_0_20170110224610119.jpg.chip.jpg,9,Male,White
5_1_0_20170109191741223.jpg.chip.jpg,5,Female,White
26_0_1_20170116205224008.jpg.chip.jpg,26,Male,Black
27_0_0_20170117120549066.jpg.chip.jpg,27,Male,White
46_1_1_20170113001937835.jpg.chip.jpg,46,Female,Black
15_0_1_20170110231743136.jpg.chip.jpg,15,Male,Black
17_1_0_20170109201930035.jpg.chip.jpg,17,Female,White
35_0_0_20170117191246180.jpg.chip.jpg,35,Male,White
35_1_3_20170104220136126.jpg.chip.jpg,35,Female,Indian
24_1_0_20170117191400699.jpg.chip.jpg,24,Female,White
28_1_0_20170117022353982.jpg.chip.jpg,28,Female,White
25_0_4_20170117195058860.jpg.chip.jpg,25,Male,Others
45_0_3_20170105163539339.jpg.chip.jpg,45,Male,Indian
30_1_2_20170116174427095.jpg.chip.jpg,30,Female,Asian
23_1_2_20170116172816125.jpg.chip.jpg,23,Female,Asian
28_1_0_20170103180926608.jpg.chip.jpg,28,Female,White
31_1_0_20170103163445702.jpg.chip.jpg,31,Female,White
27_1_2_20170116163816775.jpg.chip.jpg,27,Female,Asian
31_1_2_20170105161436755.jpg.chip.jpg,31,Female,Asian
12_1_2_20170117145333545.jpg.chip.jpg,12,Female,Asian
35_0_0_20170105172445389.jpg.chip.jpg,35,Male,White
21_1_1_20170112233421128.jpg.chip.jpg,21,Female,Black
35_0_1_20170116235848610.jpg.chip.jpg,35,Male,Black
39_0_2_20170117185137809.jpg.chip.jpg,39,Male,Asian
41_0_1_20170113190547009.jpg.chip.jpg,41,Male,Black
48_1_1_20170117132631424.jpg.chip.jpg,48,Female,Black
23_1_2_20170116173016687.jpg.chip.jpg,23,Female,Asian
65_0_0_20170117172111769.jpg.chip.jpg,65,Male,White
51_0_0_20170117171936642.jpg.chip.jpg,51,Male,White
29_0_1_20170113150655423.jpg.chip.jpg,29,Male,Black
68_0_0_20170111205253736.jpg.chip.jpg,68,Male,White
23_0_4_20170116221049556.jpg.chip.jpg,23,Male,Others
26_0_2_20170117172733502.jpg.chip.jpg,26,Male,Asian
35_0_1_20170117005850627.jpg.chip.jpg,35,Male,Black
34_1_1_20170116162046501.jpg.chip.jpg,34,Female,Black
45_1_1_20170113012310351.jpg.chip.jpg,45,Female,Black
33_0_4_20170116220014045.jpg.chip.jpg,33,Male,Others
4_1_3_20161220221856138.jpg.chip.jpg,4,Female,Indian
68_0_0_20170117172618723.jpg.chip.jpg,68,Male,White
60_1_0_20170110131536983.jpg.chip.jpg,60,Female,White
37_0_0_20170109010719371.jpg.chip.jpg,37,Male,White
35_1_0_20170117154901227.jpg.chip.jpg,35,Female,White
3_0_0_20161219161157166.jpg.chip.jpg,3,Male,White
26_0_3_20170119183730738.jpg.chip.jpg,26,Male,Indian
13_1_4_20170103201542217.jpg.chip.jpg,13,Female,Others
36_1_1_20170113182501102.jpg.chip.jpg,36,Female,Black
27_1_0_20170109132133665.jpg.chip.jpg,27,Female,White
1_0_4_20170103205843434.jpg.chip.jpg,1,Male,Others
8_1_0_20170109202858319.jpg.chip.jpg,8,Female,White
24_1_0_20170117150813388.jpg.chip.jpg,24,Female,White
68_0_0_20170111202304919.jpg.chip.jpg,68,Male,White
22_1_0_20170103163248351.jpg.chip.jpg,22,Female,White
55_1_3_20170109142400325.jpg.chip.jpg,55,Female,Indian
28_1_1_20170116231107181.jpg.chip.jpg,28,Female,Black
30_0_2_20170116181351185.jpg.chip.jpg,30,Male,Asian
2_1_0_20170109193728905.jpg.chip.jpg,2,Female,White
25_0_0_20170116205006744.jpg.chip.jpg,25,Male,White
62_1_0_20170110143413907.jpg.chip.jpg,62,Female,White
31_0_4_20170104200510431.jpg.chip.jpg,31,Male,Others
41_0_4_20170104173222571.jpg.chip.jpg,41,Male,Others
42_0_4_20170117142732651.jpg.chip.jpg,42,Male,Others
28_0_0_20170113210605140.jpg.chip.jpg,28,Male,White
22_1_1_20170112233613616.jpg.chip.jpg,22,Female,Black
28_0_1_20170117180140749.jpg.chip.jpg,28,Male,Black
20_1_0_20170109213411083.jpg.chip.jpg,20,Female,White
35_0_0_20170117135011230.jpg.chip.jpg,35,Male,White
26_1_1_20170116223407063.jpg.chip.jpg,26,Female,Black
35_0_0_20170104210200460.jpg.chip.jpg,35,Male,White
80_0_0_20170119204109399.jpg.chip.jpg,80,Male,White
29_1_1_20170117165555736.jpg.chip.jpg,29,Female,Black
34_0_1_20170117014054215.jpg.chip.jpg,34,Male,Black
36_0_1_20170113183054437.jpg.chip.jpg,36,Male,Black
32_1_0_20170109003522801.jpg.chip.jpg,32,Female,White
27_0_1_20170120220051617.jpg.chip.jpg,27,Male,Black
39_0_0_20170116224630532.jpg.chip.jpg,39,Male,White
5_0_0_20170110212841807.jpg.chip.jpg,5,Male,White
56_1_3_20170104235453123.jpg.chip.jpg,56,Female,Indian
1_0_2_20161219201442357.jpg.chip.jpg,1,Male,Asian
25_1_1_20170117140352370.jpg.chip.jpg,25,Female,Black
40_0_0_20170116233237768.jpg.chip.jpg,40,Male,White
1_0_2_20161219212555694.jpg.chip.jpg,1,Male,Asian
28_1_3_20170120220537315.jpg.chip.jpg,28,Female,Indian
38_1_3_20170117165055412.jpg.chip.jpg,38,Female,Indian
56_1_2_20170107213838566.jpg.chip.jpg,56,Female,Asian
3_1_2_20161219142118801.jpg.chip.jpg,3,Female,Asian
27_1_4_20170103235051403.jpg.chip.jpg,27,Female,Others
32_0_2_20170117182411900.jpg.chip.jpg,32,Male,Asian
38_1_1_20170113001028985.jpg.chip.jpg,38,Female,Black
7_1_2_20161219193454051.jpg.chip.jpg,7,Female,Asian
24_1_2_20170116174528024.jpg.chip.jpg,24,Female,Asian
62_0_0_20170111204910736.jpg.chip.jpg,62,Male,White
42_0_3_20170117154758183.jpg.chip.jpg,42,Male,Indian
20_1_1_20170114031116660.jpg.chip.jpg,20,Female,Black
45_0_0_20170117203225383.jpg.chip.jpg,45,Male,White
26_1_1_20170116225003486.jpg.chip.jpg,26,Female,Black
26_1_3_20170117174342230.jpg.chip.jpg,26,Female,Indian
36_1_0_20170103182854050.jpg.chip.jpg,36,Female,White
6_1_4_20161221195807162.jpg.chip.jpg,6,Female,Others
1_1_0_20170110212647258.jpg.chip.jpg,1,Female,White
61_1_0_20170120225333848.jpg.chip.jpg,61,Female,White
42_0_1_20170113150918448.jpg.chip.jpg,42,Male,Black
60_0_0_20170104184751214.jpg.chip.jpg,60,Male,White
26_1_4_20170117195954341.jpg.chip.jpg,26,Female,Others
26_1_4_20170117200419213.jpg.chip.jpg,26,Female,Others
3_1_0_20170109192130439.jpg.chip.jpg,3,Female,White
23_1_3_20170119164546693.jpg.chip.jpg,23,Female,Indian
26_0_2_20170116175955916.jpg.chip.jpg,26,Male,Asian
47_1_0_20170117160407279.jpg.chip.jpg,47,Female,White
20_1_0_20170117141213281.jpg.chip.jpg,20,Female,White
45_0_0_20170119200455965.jpg.chip.jpg,45,Male,White
1_0_3_20161219225723376.jpg.chip.jpg,1,Male,Indian
56_0_4_20170117094733987.jpg.chip.jpg,56,Male,Others
27_0_1_20170117013622859.jpg.chip.jpg,27,Male,Black
26_0_3_20170119191924624.jpg.chip.jpg,26,Male,Indian
29_1_2_20170116164937910.jpg.chip.jpg,29,Female,Asian
65_1_0_20170110141348912.jpg.chip.jpg,65,Female,White
45_1_3_20170119171447928.jpg.chip.jpg,45,Female,Indian
54_0_0_20170104002216792.jpg.chip.jpg,54,Male,White
15_1_2_20170104013425867.jpg.chip.jpg,15,Female,Asian
30_1_1_20170113002921717.jpg.chip.jpg,30,Female,Black
51_0_4_20170104210502395.jpg.chip.jpg,51,Male,Others
1_0_3_20161219225116535.jpg.chip.jpg,1,Male,Indian
27_0_3_20170104220227054.jpg.chip.jpg,27,Male,Indian
75_0_0_20170117192228563.jpg.chip.jpg,75,Male,White
1_1_3_20161219225943008.jpg.chip.jpg,1,Female,Indian
43_1_0_20170117155104591.jpg.chip.jpg,43,Female,White
14_0_0_20170110225116744.jpg.chip.jpg,14,Male,White
30_0_1_20170113195438285.jpg.chip.jpg,30,Male,Black
40_1_3_20170109140647801.jpg.chip.jpg,40,Female,Indian
24_1_3_20170104222352872.jpg.chip.jpg,24,Female,Indian
73_0_2_20170112224711435.jpg.chip.jpg,73,Male,Asian
22_1_1_20170112231734479.jpg.chip.jpg,22,Female,Black
26_0_4_20170117152317187.jpg.chip.jpg,26,Male,Others
38_0_0_20170117173903278.jpg.chip.jpg,38,Male,White
25_1_2_20170104020903060.jpg.chip.jpg,25,Female,Asian
18_0_0_20170117193153029.jpg.chip.jpg,18,Male,White
36_0_0_20170113183241454.jpg.chip.jpg,36,Male,White
19_1_0_20170109213228173.jpg.chip.jpg,19,Female,White
76_1_0_20170120225951434.jpg.chip.jpg,76,Female,White
18_1_2_20170114030739228.jpg.chip.jpg,18,Female,Asian
24_1_1_20170116153804572.jpg.chip.jpg,24,Female,Black
63_0_3_20170105180905510.jpg.chip.jpg,63,Male,Indian
35_0_0_20170119201414564.jpg.chip.jpg,35,Male,White
18_1_0_20170109214453184.jpg.chip.jpg,18,Female,White
58_0_0_20170104213016013.jpg.chip.jpg,58,Male,White
16_0_0_20170110231944071.jpg.chip.jpg,16,Male,White
67_1_0_20170104213602661.jpg.chip.jpg,67,Female,White
50_0_3_20170105175655598.jpg.chip.jpg,50,Male,Indian
2_0_3_20161219224848808.jpg.chip.jpg,2,Male,Indian
26_0_1_20170116205227300.jpg.chip.jpg,26,Male,Black
44_0_3_20170119195247387.jpg.chip.jpg,44,Male,Indian
25_1_3_20170119171906505.jpg.chip.jpg,25,Female,Indian
26_1_0_20170117201629485.jpg.chip.jpg,26,Female,White
58_0_0_20170117191807907.jpg.chip.jpg,58,Male,White
25_1_2_20170116175255617.jpg.chip.jpg,25,Female,Asian
40_0_0_20170120221448239.jpg.chip.jpg,40,Male,White
32_0_3_20170119200351460.jpg.chip.jpg,32,Male,Indian
31_0_0_20170105163411563.jpg.chip.jpg,31,Male,White
2_1_0_20161219211737526.jpg.chip.jpg,2,Female,White
25_0_0_20170104011300160.jpg.chip.jpg,25,Male,White
26_0_3_20170119144035406.jpg.chip.jpg,26,Male,Indian
36_0_3_20170119181438574.jpg.chip.jpg,36,Male,Indian
59_1_0_20170110141359968.jpg.chip.jpg,59,Female,White
27_1_2_20170116163734036.jpg.chip.jpg,27,Female,Asian
78_0_3_20170105175706078.jpg.chip.jpg,78,Male,Indian
35_0_3_20170119211535833.jpg.chip.jpg,35,Male,Indian
22_0_0_20170117134610684.jpg.chip.jpg,22,Male,White
58_0_0_20170120224656976.jpg.chip.jpg,58,Male,White
72_1_0_20170105164536452.jpg.chip.jpg,72,Female,White
22_1_1_20170112233707846.jpg.chip.jpg,22,Female,Black
39_1_3_20170119172010681.jpg.chip.jpg,39,Female,Indian
55_0_3_20170117153822293.jpg.chip.jpg,55,Male,Indian
13_0_1_20170110232537879.jpg.chip.jpg,13,Male,Black
35_0_1_20170116203340428.jpg.chip.jpg,35,Male,Black
53_1_0_20170117163708786.jpg.chip.jpg,53,Female,White
25_0_0_20170117142023338.jpg.chip.jpg,25,Male,White
7_1_4_20161221193133117.jpg.chip.jpg,7,Female,Others
2_1_0_20170109190516025.jpg.chip.jpg,2,Female,White
26_1_3_20170116154740506.jpg.chip.jpg,26,Female,Indian
28_1_0_20170117122007867.jpg.chip.jpg,28,Female,White
27_1_3_20170104223400455.jpg.chip.jpg,27,Female,Indian
4_1_4_20161223230058516.jpg.chip.jpg,4,Female,Others
28_0_2_20170116162328748.jpg.chip.jpg,28,Male,Asian
69_1_0_20170110152927513.jpg.chip.jpg,69,Female,White
26_0_4_20170117200102299.jpg.chip.jpg,26,Male,Others
40_0_0_20170117152327651.jpg.chip.jpg,40,Male,White
26_0_0_20170113210319774.jpg.chip.jpg,26,Male,White
32_1_0_20170117134815003.jpg.chip.jpg,32,Female,White
9_0_0_20170110220132059.jpg.chip.jpg,9,Male,White
32_0_4_20170104170633305.jpg.chip.jpg,32,Male,Others
75_1_0_20170110182543266.jpg.chip.jpg,75,Female,White
24_1_3_20170117145627980.jpg.chip.jpg,24,Female,Indian
18_0_0_20170103201308008.jpg.chip.jpg,18,Male,White
25_1_0_20170119172029833.jpg.chip.jpg,25,Female,White
26_1_3_20170119192258793.jpg.chip.jpg,26,Female,Indian
54_0_0_20170117171049691.jpg.chip.jpg,54,Male,White
26_0_3_20170119184306231.jpg.chip.jpg,26,Male,Indian
31_0_3_20170119195935948.jpg.chip.jpg,31,Male,Indian
16_0_0_20170110232113589.jpg.chip.jpg,16,Male,White
4_1_4_20170103213350292.jpg.chip.jpg,4,Female,Others
30_0_0_20170117142934426.jpg.chip.jpg,30,Male,White
40_0_3_20170104214526773.jpg.chip.jpg,40,Male,Indian
45_1_0_20170117174646542.jpg.chip.jpg,45,Female,White
1_1_4_20161221192836205.jpg.chip.jpg,1,Female,Others
45_0_1_20170111200809203.jpg.chip.jpg,45,Male,Black
21_1_0_20170104231331482.jpg.chip.jpg,21,Female,White
4_0_0_20170110232756133.jpg.chip.jpg,4,Male,White
25_1_4_20170103233749355.jpg.chip.jpg,25,Female,Others
15_0_0_20170110232532949.jpg.chip.jpg,15,Male,White
28_1_2_20170116164759142.jpg.chip.jpg,28,Female,Asian
37_0_2_20170116184948230.jpg.chip.jpg,37,Male,Asian
27_0_1_20170113133215272.jpg.chip.jpg,27,Male,Black
25_1_1_20170114030910094.jpg.chip.jpg,25,Female,Black
73_0_0_20170120225937921.jpg.chip.jpg,73,Male,White
33_0_0_20170117175820850.jpg.chip.jpg,33,Male,White
26_0_0_20170103235356420.jpg.chip.jpg,26,Male,White
60_1_0_20170110143525297.jpg.chip.jpg,60,Female,White
30_1_1_20170112193112574.jpg.chip.jpg,30,Female,Black
25_1_3_20170119151009470.jpg.chip.jpg,25,Female,Indian
35_0_0_20170105163316787.jpg.chip.jpg,35,Male,White
25_1_3_20161220221512186.jpg.chip.jpg,25,Female,Indian
2_0_3_20161220144926901.jpg.chip.jpg,2,Male,Indian
56_0_0_20170111202409002.jpg.chip.jpg,56,Male,White
28_1_4_20170117145659083.jpg.chip.jpg,28,Female,Others
1_0_2_20161219154038141.jpg.chip.jpg,1,Male,Asian
26_1_2_20170116181301976.jpg.chip.jpg,26,Female,Asian
15_0_0_20170110232721987.jpg.chip.jpg,15,Male,White
2_0_2_20161219163447671.jpg.chip.jpg,2,Male,Asian
26_1_2_20170116182203278.jpg.chip.jpg,26,Female,Asian
26_0_3_20170119180459012.jpg.chip.jpg,26,Male,Indian
56_0_0_20170111200016066.jpg.chip.jpg,56,Male,White
16_0_0_20170110232724382.jpg.chip.jpg,16,Male,White
54_0_4_20170117204537409.jpg.chip.jpg,54,Male,Others
70_0_2_20170112215112703.jpg.chip.jpg,70,Male,Asian
54_0_1_20170113185017352.jpg.chip.jpg,54,Male,Black
7_1_1_20170116225209209.jpg.chip.jpg,7,Female,Black
26_0_3_20170117154505758.jpg.chip.jpg,26,Male,Indian
22_0_0_20170117140116351.jpg.chip.jpg,22,Male,White
45_0_3_20170119201128901.jpg.chip.jpg,45,Male,Indian
35_0_0_20170117180601456.jpg.chip.jpg,35,Male,White
74_0_0_20170116232642012.jpg.chip.jpg,74,Male,White
26_1_3_20170117174340222.jpg.chip.jpg,26,Female,Indian
16_1_0_20170109214402325.jpg.chip.jpg,16,Female,White
4_0_0_20170109191458548.jpg.chip.jpg,4,Male,White
24_1_0_20170116174513932.jpg.chip.jpg,24,Female,White
47_0_0_20170117190344073.jpg.chip.jpg,47,Male,White
26_1_3_20170119192913522.jpg.chip.jpg,26,Female,Indian
27_1_1_20170117013838382.jpg.chip.jpg,27,Female,Black
26_0_0_20170120134634767.jpg.chip.jpg,26,Male,White
26_0_3_20170119180330108.jpg.chip.jpg,26,Male,Indian
26_0_3_20170119180344516.jpg.chip.jpg,26,Male,Indian
6_1_3_20161220223142531.jpg.chip.jpg,6,Female,Indian
28_0_1_20170113134134481.jpg.chip.jpg,28,Male,Black
31_0_3_20170119211535833.jpg.chip.jpg,31,Male,Indian
27_0_0_20170116203031756.jpg.chip.jpg,27,Male,White
49_1_1_20170113184406976.jpg.chip.jpg,49,Female,Black
56_1_0_20170110120821728.jpg.chip.jpg,56,Female,White
35_1_3_20170119150744831.jpg.chip.jpg,35,Female,Indian
26_0_3_20170119180528964.jpg.chip.jpg,26,Male,Indian
28_1_2_20170116162739672.jpg.chip.jpg,28,Female,Asian
53_0_3_20170104220848558.jpg.chip.jpg,53,Male,Indian
1_0_3_20161219225811120.jpg.chip.jpg,1,Male,Indian
26_0_3_20170113182519667.jpg.chip.jpg,26,Male,Indian
21_1_4_20170103201905647.jpg.chip.jpg,21,Female,Others
54_1_0_20170104184901670.jpg.chip.jpg,54,Female,White
30_1_0_20170117140914217.jpg.chip.jpg,30,Female,White
55_0_2_20170104023125269.jpg.chip.jpg,55,Male,Asian
26_1_3_20170117173705893.jpg.chip.jpg,26,Female,Indian
56_1_0_20170104212451892.jpg.chip.jpg,56,Female,White
1_0_2_20161219160107597.jpg.chip.jpg,1,Male,Asian
30_1_1_20170117133936142.jpg.chip.jpg,30,Female,Black
42_1_0_20170117204000071.jpg.chip.jpg,42,Female,White
26_1_3_20170104223128119.jpg.chip.jpg,26,Female,Indian
77_0_0_20170111222408207.jpg.chip.jpg,77,Male,White
24_1_0_20170116215712426.jpg.chip.jpg,24,Female,White
65_1_0_20170117172124978.jpg.chip.jpg,65,Female,White
26_1_1_20170112212028557.jpg.chip.jpg,26,Female,Black
61_0_1_20170117193727094.jpg.chip.jpg,61,Male,Black
1_0_3_20161220221723490.jpg.chip.jpg,1,Male,Indian
26_1_4_20170103225054720.jpg.chip.jpg,26,Female,Others
28_0_4_20170103235827230.jpg.chip.jpg,28,Male,Others
26_0_3_20170119184110103.jpg.chip.jpg,26,Male,Indian
28_0_1_20170113133920440.jpg.chip.jpg,28,Male,Black
1_0_4_20161221200034160.jpg.chip.jpg,1,Male,Others
39_1_1_20170116021937896.jpg.chip.jpg,39,Female,Black
25_1_2_20170107213811324.jpg.chip.jpg,25,Female,Asian
29_1_0_20170104235458939.jpg.chip.jpg,29,Female,White
53_1_3_20170119164036366.jpg.chip.jpg,53,Female,Indian
65_0_0_20170113190804729.jpg.chip.jpg,65,Male,White
4_1_0_20170103181119880.jpg.chip.jpg,4,Female,White
4_0_2_20170110220021011.jpg.chip.jpg,4,Male,Asian
3_1_0_20170109190802410.jpg.chip.jpg,3,Female,White
3_0_0_20170110212719382.jpg.chip.jpg,3,Male,White
17_0_0_20170113132359393.jpg.chip.jpg,17,Male,White
40_0_0_20170104205037859.jpg.chip.jpg,40,Male,White
36_1_0_20170117183326086.jpg.chip.jpg,36,Female,White
24_1_2_20170116171600984.jpg.chip.jpg,24,Female,Asian
37_0_3_20170119193258657.jpg.chip.jpg,37,Male,Indian
35_1_0_20170116203950507.jpg.chip.jpg,35,Female,White
36_0_0_20170117175609824.jpg.chip.jpg,36,Male,White
71_0_1_20170113175251268.jpg.chip.jpg,71,Male,Black
54_1_0_20170104212735309.jpg.chip.jpg,54,Female,White
58_0_3_20170119201636156.jpg.chip.jpg,58,Male,Indian
45_0_0_20170117172231908.jpg.chip.jpg,45,Male,White
8_1_0_20170109202851846.jpg.chip.jpg,8,Female,White
58_1_0_20170109220512395.jpg.chip.jpg,58,Female,White
29_0_1_20170117094757940.jpg.chip.jpg,29,Male,Black
70_0_2_20161219160529735.jpg.chip.jpg,70,Male,Asian
56_0_0_20170120222521496.jpg.chip.jpg,56,Male,White
4_0_0_20170110213317110.jpg.chip.jpg,4,Male,White
24_1_2_20170116174646221.jpg.chip.jpg,24,Female,Asian
35_1_0_20170116201640357.jpg.chip.jpg,35,Female,White
65_0_0_20170117171451971.jpg.chip.jpg,65,Male,White
45_0_0_20170117154220587.jpg.chip.jpg,45,Male,White
18_0_4_20170103201305015.jpg.chip.jpg,18,Male,Others
46_1_3_20170117155929032.jpg.chip.jpg,46,Female,Indian
3_0_2_20161219151938084.jpg.chip.jpg,3,Male,Asian
2_0_3_20161219224850392.jpg.chip.jpg,2,Male,Indian
23_1_2_20170116172910708.jpg.chip.jpg,23,Female,Asian
18_1_1_20170114030232014.jpg.chip.jpg,18,Female,Black
35_0_4_20170117153255579.jpg.chip.jpg,35,Male,Others
40_0_3_20170117133735435.jpg.chip.jpg,40,Male,Indian
10_0_0_20170110225528484.jpg.chip.jpg,10,Male,White
53_0_0_20170109012812390.jpg.chip.jpg,53,Male,White
35_0_4_20170117194507893.jpg.chip.jpg,35,Male,Others
26_1_1_20170113000114594.jpg.chip.jpg,26,Female,Black
32_1_0_20170117134735611.jpg.chip.jpg,32,Female,White
60_1_0_20170110150258412.jpg.chip.jpg,60,Female,White
4_0_1_20170116153056871.jpg.chip.jpg,4,Male,Black
54_1_0_20170113002044715.jpg.chip.jpg,54,Female,White
64_1_0_20170110141132057.jpg.chip.jpg,64,Female,White
17_1_0_20170113210605193.jpg.chip.jpg,17,Female,White
45_1_0_20170117172231634.jpg.chip.jpg,45,Female,White
28_1_2_20170116165553955.jpg.chip.jpg,28,Female,Asian
47_0_0_20170120222507721.jpg.chip.jpg,47,Male,White
7_0_0_20170110215327391.jpg.chip.jpg,7,Male,White
65_0_1_20170117182422917.jpg.chip.jpg,65,Male,Black
5_1_0_20170109193816878.jpg.chip.jpg,5,Female,White
29_1_1_20170113000843651.jpg.chip.jpg,29,Female,Black
29_0_1_20170116011143078.jpg.chip.jpg,29,Male,Black
71_0_1_20170111222525552.jpg.chip.jpg,71,Male,Black
26_1_4_20170103214211386.jpg.chip.jpg,26,Female,Others
12_1_0_20170109204815030.jpg.chip.jpg,12,Female,White
73_1_0_20170120230333507.jpg.chip.jpg,73,Female,White
47_1_0_20170104210658092.jpg.chip.jpg,47,Female,White
35_1_0_20170117182902622.jpg.chip.jpg,35,Female,White
32_1_2_20170116190147549.jpg.chip.jpg,32,Female,Asian
27_0_4_20170104011307960.jpg.chip.jpg,27,Male,Others
25_0_3_20170117140644345.jpg.chip.jpg,25,Male,Indian
58_0_0_20170117191944060.jpg.chip.jpg,58,Male,White
39_0_1_20170104200618034.jpg.chip.jpg,39,Male,Black
36_0_3_20170119201733085.jpg.chip.jpg,36,Male,Indian
36_1_0_20170117091609131.jpg.chip.jpg,36,Female,White
56_0_0_20170117000257766.jpg.chip.jpg,56,Male,White
34_1_0_20170103183147490.jpg.chip.jpg,34,Female,White
27_0_0_20170119193202931.jpg.chip.jpg,27,Male,White
5_1_0_20170109194229104.jpg.chip.jpg,5,Female,White
35_1_3_20170104223440424.jpg.chip.jpg,35,Female,Indian
80_0_0_20170105175505310.jpg.chip.jpg,80,Male,White
26_0_0_20170120134358310.jpg.chip.jpg,26,Male,White
50_0_0_20170111201526040.jpg.chip.jpg,50,Male,White
45_0_0_20170120221844935.jpg.chip.jpg,45,Male,White
23_1_0_20170116221828462.jpg.chip.jpg,23,Female,White
17_1_0_20170102234717403.jpg.chip.jpg,17,Female,White
28_0_3_20170119194658235.jpg.chip.jpg,28,Male,Indian
26_1_0_20170116235548284.jpg.chip.jpg,26,Female,White
26_1_1_20170113000334730.jpg.chip.jpg,26,Female,Black
24_1_0_20170116222626783.jpg.chip.jpg,24,Female,White
3_1_0_20170109194406804.jpg.chip.jpg,3,Female,White
26_1_0_20170117103606667.jpg.chip.jpg,26,Female,White
24_0_0_20170116215529092.jpg.chip.jpg,24,Male,White
24_1_3_20170104231344873.jpg.chip.jpg,24,Female,Indian
26_1_3_20170117154410734.jpg.chip.jpg,26,Female,Indian
1_1_3_20161220220045185.jpg.chip.jpg,1,Female,Indian
35_0_0_20170117201026397.jpg.chip.jpg,35,Male,White
5_1_2_20161219160439406.jpg.chip.jpg,5,Female,Asian
35_1_1_20170117201515542.jpg.chip.jpg,35,Female,Black
20_1_0_20170103175525991.jpg.chip.jpg,20,Female,White
66_0_1_20170111195703017.jpg.chip.jpg,66,Male,Black
10_1_0_20170109204746535.jpg.chip.jpg,10,Female,White
4_1_0_20170103212153219.jpg.chip.jpg,4,Female,White
61_0_1_20170116231224576.jpg.chip.jpg,61,Male,Black
20_0_1_20170113133103776.jpg.chip.jpg,20,Male,Black
14_0_0_20170110232541244.jpg.chip.jpg,14,Male,White
59_0_0_20170117195223638.jpg.chip.jpg,59,Male,White
37_0_0_20170116183826361.jpg.chip.jpg,37,Male,White
52_0_4_20170104212316604.jpg.chip.jpg,52,Male,Others
26_0_3_20170119152946337.jpg.chip.jpg,26,Male,Indian
24_0_3_20170104230212395.jpg.chip.jpg,24,Male,Indian
22_1_1_20170112203832467.jpg.chip.jpg,22,Female,Black
55_1_0_20170109220443515.jpg.chip.jpg,55,Female,White
1_1_0_20161219211440749.jpg.chip.jpg,1,Female,White
8_1_1_20170112211035045.jpg.chip.jpg,8,Female,Black
26_0_1_20170113154700499.jpg.chip.jpg,26,Male,Black
59_0_0_20170111203905144.jpg.chip.jpg,59,Male,White
25_0_2_20170116161907519.jpg.chip.jpg,25,Male,Asian
3_1_2_20161219192632514.jpg.chip.jpg,3,Female,Asian
50_0_3_20170119195739498.jpg.chip.jpg,50,Male,Indian
1_0_2_20161219203650636.jpg.chip.jpg,1,Male,Asian
26_0_1_20170117172711486.jpg.chip.jpg,26,Male,Black
56_0_3_20170105180725694.jpg.chip.jpg,56,Male,Indian
26_0_3_20170119180457602.jpg.chip.jpg,26,Male,Indian
46_0_1_20170117171118355.jpg.chip.jpg,46,Male,Black
23_1_0_20170116221815459.jpg.chip.jpg,23,Female,White
37_0_4_20170117135943573.jpg.chip.jpg,37,Male,Others
72_1_1_20170116182041881.jpg.chip.jpg,72,Female,Black
35_0_1_20170113142443251.jpg.chip.jpg,35,Male,Black
53_1_2_20170105174705949.jpg.chip.jpg,53,Female,Asian
58_0_0_20170117184403351.jpg.chip.jpg,58,Male,White
23_1_3_20170104222257463.jpg.chip.jpg,23,Female,Indian
4_1_2_20161219154653077.jpg.chip.jpg,4,Female,Asian
27_1_1_20170113012427688.jpg.chip.jpg,27,Female,Black
46_1_0_20170104194343303.jpg.chip.jpg,46,Female,White
9_1_2_20170104020210475.jpg.chip.jpg,9,Female,Asian
22_0_1_20170113133303935.jpg.chip.jpg,22,Male,Black
35_1_0_20170116201625242.jpg.chip.jpg,35,Female,White
61_1_1_20170117174626414.jpg.chip.jpg,61,Female,Black
37_1_0_20170103183009635.jpg.chip.jpg,37,Female,White
26_1_1_20170116232810500.jpg.chip.jpg,26,Female,Black
17_1_0_20170117135219333.jpg.chip.jpg,17,Female,White
26_0_2_20170116181259501.jpg.chip.jpg,26,Male,Asian
28_1_0_20170119155143777.jpg.chip.jpg,28,Female,White
9_0_0_20170110215653284.jpg.chip.jpg,9,Male,White
70_0_0_20170111201419254.jpg.chip.jpg,70,Male,White
8_1_2_20161219194234250.jpg.chip.jpg,8,Female,Asian
30_1_0_20170116220635092.jpg.chip.jpg,30,Female,White
63_1_0_20170110141744495.jpg.chip.jpg,63,Female,White
23_1_2_20170116173240500.jpg.chip.jpg,23,Female,Asian
26_0_1_20170116143035440.jpg.chip.jpg,26,Male,Black
48_1_0_20170109142311780.jpg.chip.jpg,48,Female,White
20_1_3_20170104231832057.jpg.chip.jpg,20,Female,Indian
23_1_2_20170116173143018.jpg.chip.jpg,23,Female,Asian
29_0_1_20170104220317630.jpg.chip.jpg,29,Male,Black
65_0_0_20170117162833004.jpg.chip.jpg,65,Male,White
37_0_1_20170113173824723.jpg.chip.jpg,37,Male,Black
16_0_3_20170110232150874.jpg.chip.jpg,16,Male,Indian
68_0_0_20170111171747655.jpg.chip.jpg,68,Male,White
29_0_1_20170117094430566.jpg.chip.jpg,29,Male,Black
40_0_0_20170117163729787.jpg.chip.jpg,40,Male,White
76_1_0_20170110183026065.jpg.chip.jpg,76,Female,White
12_1_3_20170117174916351.jpg.chip.jpg,12,Female,Indian
25_0_3_20170119171959592.jpg.chip.jpg,25,Male,Indian
27_0_0_20170112213500903.jpg.chip.jpg,27,Male,White
44_0_0_20170116222018302.jpg.chip.jpg,44,Male,White
32_0_1_20170116194843970.jpg.chip.jpg,32,Male,Black
20_0_0_20170120133527581.jpg.chip.jpg,20,Male,White
1_1_2_20161219221943799.jpg.chip.jpg,1,Female,Asian
24_1_0_20170116222618238.jpg.chip.jpg,24,Female,White
26_0_0_20170117172201507.jpg.chip.jpg,26,Male,White
42_1_0_20170103183246362.jpg.chip.jpg,42,Female,White
29_0_4_20170103235840396.jpg.chip.jpg,29,Male,Others
37_1_1_20170105172932885.jpg.chip.jpg,37,Female,Black
40_0_0_20170104170248249.jpg.chip.jpg,40,Male,White
60_0_0_20170117172331922.jpg.chip.jpg,60,Male,White
37_0_0_20170117140720825.jpg.chip.jpg,37,Male,White
40_1_0_20170104172853980.jpg.chip.jpg,40,Female,White
80_1_0_20170110183156137.jpg.chip.jpg,80,Female,White
40_0_0_20170117171106050.jpg.chip.jpg,40,Male,White
31_1_3_20170119200154156.jpg.chip.jpg,31,Female,Indian
45_0_0_20170117192010084.jpg.chip.jpg,45,Male,White
35_1_1_20170117022217421.jpg.chip.jpg,35,Female,Black
37_0_1_20170117191953052.jpg.chip.jpg,37,Male,Black
26_1_3_20170117154601686.jpg.chip.jpg,26,Female,Indian
68_0_1_20170113181302934.jpg.chip.jpg,68,Male,Black
21_1_0_20170109213123896.jpg.chip.jpg,21,Female,White
31_1_4_20170103230411344.jpg.chip.jpg,31,Female,Others
20_0_1_20170113132706143.jpg.chip.jpg,20,Male,Black
30_0_2_20170116173046870.jpg.chip.jpg,30,Male,Asian
1_1_2_20161219200152877.jpg.chip.jpg,1,Female,Asian
35_1_4_20170117203419569.jpg.chip.jpg,35,Female,Others
40_0_4_20170113183427182.jpg.chip.jpg,40,Male,Others
32_1_3_20170104231906826.jpg.chip.jpg,32,Female,Indian
54_0_0_20170117171233580.jpg.chip.jpg,54,Male,White
39_0_3_20170105164649724.jpg.chip.jpg,39,Male,Indian
46_0_0_20170109012425702.jpg.chip.jpg,46,Male,White
52_0_0_20170113141938690.jpg.chip.jpg,52,Male,White
6_0_2_20161219195226635.jpg.chip.jpg,6,Male,Asian
61_0_0_20170105173647189.jpg.chip.jpg,61,Male,White
21_1_4_20170103223204087.jpg.chip.jpg,21,Female,Others
7_1_3_20170104223307815.jpg.chip.jpg,7,Female,Indian
2_1_3_20161219224808112.jpg.chip.jpg,2,Female,Indian
70_0_1_20170116214435321.jpg.chip.jpg,70,Male,Black
60_1_0_20170110141756847.jpg.chip.jpg,60,Female,White
31_1_1_20170117094849113.jpg.chip.jpg,31,Female,Black
28_0_0_20170117120226377.jpg.chip.jpg,28,Male,White
36_0_3_20170119194656666.jpg.chip.jpg,36,Male,Indian
58_1_0_20170110152944615.jpg.chip.jpg,58,Female,White
25_0_0_20170116213450000.jpg.chip.jpg,25,Male,White
45_0_0_20170117172531012.jpg.chip.jpg,45,Male,White
72_0_1_20170113185442656.jpg.chip.jpg,72,Male,Black
26_1_1_20170112210320819.jpg.chip.jpg,26,Female,Black
28_0_1_20170117020752716.jpg.chip.jpg,28,Male,Black
65_0_1_20170120134639935.jpg.chip.jpg,65,Male,Black
54_0_1_20170117185822383.jpg.chip.jpg,54,Male,Black
61_0_3_20170119211856632.jpg.chip.jpg,61,Male,Indian
7_0_0_20170110215920604.jpg.chip.jpg,7,Male,White
17_1_0_20170109212812805.jpg.chip.jpg,17,Female,White
65_0_1_20170117172856561.jpg.chip.jpg,65,Male,Black
15_1_3_20170117142502538.jpg.chip.jpg,15,Female,Indian
36_0_1_20170116030200366.jpg.chip.jpg,36,Male,Black
13_0_0_20170103200413990.jpg.chip.jpg,13,Male,White
57_1_0_20170109220740803.jpg.chip.jpg,57,Female,White
80_0_0_20170117173628559.jpg.chip.jpg,80,Male,White
42_0_0_20170117135635200.jpg.chip.jpg,42,Male,White
22_1_1_20170113005116007.jpg.chip.jpg,22,Female,Black
30_0_1_20170117123839619.jpg.chip.jpg,30,Male,Black
72_0_0_20170109015615391.jpg.chip.jpg,72,Male,White
14_1_0_20170109214635943.jpg.chip.jpg,14,Female,White
51_0_0_20170111171747340.jpg.chip.jpg,51,Male,White
1_0_2_20161219190025955.jpg.chip.jpg,1,Male,Asian
50_1_0_20170109012358091.jpg.chip.jpg,50,Female,White
31_1_1_20170114031519531.jpg.chip.jpg,31,Female,Black
16_1_4_20170104005411807.jpg.chip.jpg,16,Female,Others
54_0_1_20170117190009561.jpg.chip.jpg,54,Male,Black
26_1_3_20170117154821244.jpg.chip.jpg,26,Female,Indian
25_0_0_20170116222936983.jpg.chip.jpg,25,Male,White
1_0_0_20170109193511684.jpg.chip.jpg,1,Male,White
25_1_3_20170117152026220.jpg.chip.jpg,25,Female,Indian
15_0_0_20170110232322390.jpg.chip.jpg,15,Male,White
26_1_3_20170104232413655.jpg.chip.jpg,26,Female,Indian
2_0_0_20170110212905173.jpg.chip.jpg,2,Male,White
29_0_1_20170113134817225.jpg.chip.jpg,29,Male,Black
36_0_3_20170104220702798.jpg.chip.jpg,36,Male,Indian
6_1_1_20170114031419410.jpg.chip.jpg,6,Female,Black
39_1_3_20170119204014702.jpg.chip.jpg,39,Female,Indian
54_1_0_20170117171154110.jpg.chip.jpg,54,Female,White
1_0_3_20161220145156367.jpg.chip.jpg,1,Male,Indian
24_1_0_20170111182452774.jpg.chip.jpg,24,Female,White
26_0_0_20170113210126194.jpg.chip.jpg,26,Male,White
5_1_4_20170103212918548.jpg.chip.jpg,5,Female,Others
53_1_0_20170110122130739.jpg.chip.jpg,53,Female,White
50_0_0_20170117204826505.jpg.chip.jpg,50,Male,White
39_1_0_20170105002727282.jpg.chip.jpg,39,Female,White
32_1_0_20170117182528940.jpg.chip.jpg,32,Female,White
54_0_3_20170119210113528.jpg.chip.jpg,54,Male,Indian
46_0_0_20170113181514861.jpg.chip.jpg,46,Male,White
39_0_0_20170104170046913.jpg.chip.jpg,39,Male,White
30_0_4_20170117204104479.jpg.chip.jpg,30,Male,Others
43_0_0_20170104205923244.jpg.chip.jpg,43,Male,White
32_1_1_20170116192527624.jpg.chip.jpg,32,Female,Black
3_0_4_20161221193723542.jpg.chip.jpg,3,Male,Others
16_1_1_20170112191246585.jpg.chip.jpg,16,Female,Black
28_0_0_20170117180537129.jpg.chip.jpg,28,Male,White
25_0_0_20170116213542860.jpg.chip.jpg,25,Male,White
37_0_1_20170117164405007.jpg.chip.jpg,37,Male,Black
29_0_0_20170116164921650.jpg.chip.jpg,29,Male,White
53_1_0_20170110160643235.jpg.chip.jpg,53,Female,White
21_1_0_20170112233608086.jpg.chip.jpg,21,Female,White
20_0_4_20170117193449429.jpg.chip.jpg,20,Male,Others
2_0_2_20161219160057853.jpg.chip.jpg,2,Male,Asian
56_1_0_20170110122900947.jpg.chip.jpg,56,Female,White
17_0_0_20170110231605793.jpg.chip.jpg,17,Male,White
25_0_3_20170119171834776.jpg.chip.jpg,25,Male,Indian
26_1_2_20170116184243456.jpg.chip.jpg,26,Female,Asian
35_1_2_20170104173050489.jpg.chip.jpg,35,Female,Asian
36_0_3_20170119183044775.jpg.chip.jpg,36,Male,Indian
25_1_0_20170116212058157.jpg.chip.jpg,25,Female,White
27_0_4_20170117202219111.jpg.chip.jpg,27,Male,Others
51_1_0_20170103183556395.jpg.chip.jpg,51,Female,White
27_1_2_20170116173140813.jpg.chip.jpg,27,Female,Asian
18_1_2_20170102234846172.jpg.chip.jpg,18,Female,Asian
26_1_3_20170119193116961.jpg.chip.jpg,26,Female,Indian
38_0_2_20170116165202051.jpg.chip.jpg,38,Male,Asian
26_1_0_20170104022424245.jpg.chip.jpg,26,Female,White
26_0_3_20170119192058354.jpg.chip.jpg,26,Male,Indian
6_1_4_20170119204208503.jpg.chip.jpg,6,Female,Others
28_1_1_20170112234500344.jpg.chip.jpg,28,Female,Black
36_0_3_20170105161649987.jpg.chip.jpg,36,Male,Indian
44_0_1_20170117134941304.jpg.chip.jpg,44,Male,Black
75_0_0_20170111205932368.jpg.chip.jpg,75,Male,White
41_0_1_20170116003552644.jpg.chip.jpg,41,Male,Black
56_0_0_20170111210636788.jpg.chip.jpg,56,Male,White
45_0_3_20170119200707996.jpg.chip.jpg,45,Male,Indian
22_0_2_20170104022354725.jpg.chip.jpg,22,Male,Asian
24_0_3_20170104230211113.jpg.chip.jpg,24,Male,Indian
1_1_2_20161219195916355.jpg.chip.jpg,1,Female,Asian
38_1_0_20170117165102494.jpg.chip.jpg,38,Female,White
25_1_4_20161221193646742.jpg.chip.jpg,25,Female,Others
21_1_3_20170104231627770.jpg.chip.jpg,21,Female,Indian
1_1_2_20161219153429836.jpg.chip.jpg,1,Female,Asian
32_1_1_20170112234515247.jpg.chip.jpg,32,Female,Black
27_1_1_20170116162433766.jpg.chip.jpg,27,Female,Black
38_0_2_20170116173400198.jpg.chip.jpg,38,Male,Asian
26_1_1_20170116153240337.jpg.chip.jpg,26,Female,Black
62_0_0_20170111200849717.jpg.chip.jpg,62,Male,White
49_0_3_20170119201931356.jpg.chip.jpg,49,Male,Indian
21_1_0_20170112233610183.jpg.chip.jpg,21,Female,White
75_0_0_20170111205739880.jpg.chip.jpg,75,Male,White
1_0_0_20170110212654271.jpg.chip.jpg,1,Male,White
75_1_0_20170110183657201.jpg.chip.jpg,75,Female,White
5_1_2_20161219153445412.jpg.chip.jpg,5,Female,Asian
14_0_0_20170110220704398.jpg.chip.jpg,14,Male,White
75_0_2_20170110131323894.jpg.chip.jpg,75,Male,Asian
40_0_3_20170119210144247.jpg.chip.jpg,40,Male,Indian
34_0_2_20170119165408941.jpg.chip.jpg,34,Male,Asian
51_1_0_20170104183749773.jpg.chip.jpg,51,Female,White
24_1_2_20170116174453096.jpg.chip.jpg,24,Female,Asian
48_0_1_20170113185049416.jpg.chip.jpg,48,Male,Black
26_0_0_20170117172222445.jpg.chip.jpg,26,Male,White
23_1_3_20170104231807345.jpg.chip.jpg,23,Female,Indian
34_0_1_20170112213542279.jpg.chip.jpg,34,Male,Black
30_1_4_20170117203006317.jpg.chip.jpg,30,Female,Others
35_1_2_20170116181252040.jpg.chip.jpg,35,Female,Asian
41_1_1_20170116160535875.jpg.chip.jpg,41,Female,Black
5_1_0_20170109192114580.jpg.chip.jpg,5,Female,White
1_0_2_20161219161623174.jpg.chip.jpg,1,Male,Asian
62_1_0_20170110141039449.jpg.chip.jpg,62,Female,White
21_1_2_20170116165009080.jpg.chip.jpg,21,Female,Asian
10_0_0_20170110220530650.jpg.chip.jpg,10,Male,White
70_0_0_20170120225631818.jpg.chip.jpg,70,Male,White
34_0_0_20170104201652065.jpg.chip.jpg,34,Male,White
9_0_0_20170110224607682.jpg.chip.jpg,9,Male,White
1_1_2_20161219212611880.jpg.chip.jpg,1,Female,Asian
12_1_0_20170109205043077.jpg.chip.jpg,12,Female,White
32_0_0_20170117123730435.jpg.chip.jpg,32,Male,White
30_0_0_20170117125951293.jpg.chip.jpg,30,Male,White
73_1_3_20170109142947277.jpg.chip.jpg,73,Female,Indian
34_0_1_20170116201940268.jpg.chip.jpg,34,Male,Black
35_1_1_20170116164941979.jpg.chip.jpg,35,Female,Black
40_1_3_20170119165539693.jpg.chip.jpg,40,Female,Indian
76_1_0_20170110140935777.jpg.chip.jpg,76,Female,White
27_1_2_20170116173022576.jpg.chip.jpg,27,Female,Asian
26_0_1_20170113175136531.jpg.chip.jpg,26,Male,Black
1_1_2_20161219194854052.jpg.chip.jpg,1,Female,Asian
1_1_0_20170109190938491.jpg.chip.jpg,1,Female,White
27_1_0_20170103180241879.jpg.chip.jpg,27,Female,White
24_0_3_20170104230147273.jpg.chip.jpg,24,Male,Indian
72_0_0_20170111181750515.jpg.chip.jpg,72,Male,White
76_1_1_20170110181603235.jpg.chip.jpg,76,Female,Black
28_0_3_20170116024927038.jpg.chip.jpg,28,Male,Indian
20_1_1_20170113005503503.jpg.chip.jpg,20,Female,Black
29_0_0_20170117202657886.jpg.chip.jpg,29,Male,White
26_1_1_20170113000003360.jpg.chip.jpg,26,Female,Black
30_0_0_20170119145357069.jpg.chip.jpg,30,Male,White
6_0_0_20170110224828816.jpg.chip.jpg,6,Male,White
8_1_0_20161220223020578.jpg.chip.jpg,8,Female,White
18_0_3_20170117135605224.jpg.chip.jpg,18,Male,Indian
26_0_0_20170119180207803.jpg.chip.jpg,26,Male,White
23_1_0_20170117144712244.jpg.chip.jpg,23,Female,White
9_0_0_20170110221724498.jpg.chip.jpg,9,Male,White
1_0_2_20161219153209772.jpg.chip.jpg,1,Male,Asian
1_0_2_20161219161826830.jpg.chip.jpg,1,Male,Asian
24_1_3_20170104234822506.jpg.chip.jpg,24,Female,Indian
26_1_2_20170116184445597.jpg.chip.jpg,26,Female,Asian
10_1_0_20170109204255055.jpg.chip.jpg,10,Female,White
26_1_3_20170119192843266.jpg.chip.jpg,26,Female,Indian
23_1_0_20170103163120968.jpg.chip.jpg,23,Female,White
60_1_1_20170112211606108.jpg.chip.jpg,60,Female,Black
35_1_2_20170116185947151.jpg.chip.jpg,35,Female,Asian
80_0_1_20170111205416943.jpg.chip.jpg,80,Male,Black
31_0_0_20170108230119324.jpg.chip.jpg,31,Male,White
29_0_0_20170117130617573.jpg.chip.jpg,29,Male,White
32_0_0_20170116002349487.jpg.chip.jpg,32,Male,White
53_1_1_20170113012108752.jpg.chip.jpg,53,Female,Black
73_1_2_20170110131323894.jpg.chip.jpg,73,Female,Asian
10_0_3_20170104225233504.jpg.chip.jpg,10,Male,Indian
2_1_2_20161219194411043.jpg.chip.jpg,2,Female,Asian
24_1_2_20170116174408274.jpg.chip.jpg,24,Female,Asian
30_0_0_20170117181118268.jpg.chip.jpg,30,Male,White
35_0_4_20170116214549746.jpg.chip.jpg,35,Male,Others
1_1_2_20161219205514837.jpg.chip.jpg,1,Female,Asian
30_0_0_20170117130654291.jpg.chip.jpg,30,Male,White
37_0_0_20170104204438250.jpg.chip.jpg,37,Male,White
50_1_3_20170117143102562.jpg.chip.jpg,50,Female,Indian
26_0_3_20170105175308269.jpg.chip.jpg,26,Male,Indian
3_1_2_20161219160304718.jpg.chip.jpg,3,Female,Asian
29_0_3_20170119171739135.jpg.chip.jpg,29,Male,Indian
33_1_4_20170117200817413.jpg.chip.jpg,33,Female,Others
7_1_3_20161220222848971.jpg.chip.jpg,7,Female,Indian
2_0_1_20170110213724790.jpg.chip.jpg,2,Male,Black
26_1_0_20170103181926881.jpg.chip.jpg,26,Female,White
4_1_2_20161219142735921.jpg.chip.jpg,4,Female,Asian
23_1_3_20170119164509213.jpg.chip.jpg,23,Female,Indian
56_1_3_20170109141321745.jpg.chip.jpg,56,Female,Indian
53_0_0_20170113184913361.jpg.chip.jpg,53,Male,White
1_1_2_20161219220631367.jpg.chip.jpg,1,Female,Asian
25_1_0_20170117142757162.jpg.chip.jpg,25,Female,White
1_0_3_20161219230533840.jpg.chip.jpg,1,Male,Indian
51_1_4_20170103234622539.jpg.chip.jpg,51,Female,Others
18_1_0_20170109213904824.jpg.chip.jpg,18,Female,White
26_1_1_20170116021324542.jpg.chip.jpg,26,Female,Black
1_0_3_20161219230035168.jpg.chip.jpg,1,Male,Indian
30_0_0_20170117144411849.jpg.chip.jpg,30,Male,White
58_0_0_20170117193919120.jpg.chip.jpg,58,Male,White
40_1_1_20170112234224866.jpg.chip.jpg,40,Female,Black
1_1_0_20170109190710292.jpg.chip.jpg,1,Female,White
51_0_0_20170111200007714.jpg.chip.jpg,51,Male,White
54_0_3_20170119201327821.jpg.chip.jpg,54,Male,Indian
53_1_0_20170109012819625.jpg.chip.jpg,53,Female,White
26_1_3_20170119163659157.jpg.chip.jpg,26,Female,Indian
32_1_2_20170116191623170.jpg.chip.jpg,32,Female,Asian
28_0_2_20170116190154379.jpg.chip.jpg,28,Male,Asian
25_1_0_20170116002150531.jpg.chip.jpg,25,Female,White
64_0_0_20170120223405252.jpg.chip.jpg,64,Male,White
57_1_2_20170109002542575.jpg.chip.jpg,57,Female,Asian
32_0_0_20170117182402092.jpg.chip.jpg,32,Male,White
3_1_3_20161220220632050.jpg.chip.jpg,3,Female,Indian
66_0_0_20170111203309589.jpg.chip.jpg,66,Male,White
31_1_0_20170117133437320.jpg.chip.jpg,31,Female,White
22_0_3_20170119162837005.jpg.chip.jpg,22,Male,Indian
40_0_0_20170116235733229.jpg.chip.jpg,40,Male,White
1_1_0_20170109191232555.jpg.chip.jpg,1,Female,White
28_0_4_20170117202313951.jpg.chip.jpg,28,Male,Others
75_0_2_20170113174659450.jpg.chip.jpg,75,Male,Asian
28_1_0_20170104165233241.jpg.chip.jpg,28,Female,White
27_0_2_20170116162359452.jpg.chip.jpg,27,Male,Asian
26_0_0_20170117195622444.jpg.chip.jpg,26,Male,White
28_0_3_20170119194816922.jpg.chip.jpg,28,Male,Indian
27_1_3_20170119194407555.jpg.chip.jpg,27,Female,Indian
20_1_1_20170112231407182.jpg.chip.jpg,20,Female,Black
32_0_3_20170117120902726.jpg.chip.jpg,32,Male,Indian
25_1_3_20170119172048666.jpg.chip.jpg,25,Female,Indian
30_0_3_20170119144749349.jpg.chip.jpg,30,Male,Indian
28_1_3_20170117184127794.jpg.chip.jpg,28,Female,Indian
73_0_0_20170109151000869.jpg.chip.jpg,73,Male,White
20_1_1_20170112191224819.jpg.chip.jpg,20,Female,Black
58_0_0_20170120224611152.jpg.chip.jpg,58,Male,White
52_0_3_20170119181010188.jpg.chip.jpg,52,Male,Indian
46_0_1_20170117185815162.jpg.chip.jpg,46,Male,Black
27_1_3_20170104220643526.jpg.chip.jpg,27,Female,Indian
36_1_3_20170117162455051.jpg.chip.jpg,36,Female,Indian
2_1_3_20161220220209321.jpg.chip.jpg,2,Female,Indian
36_1_1_20170116002211364.jpg.chip.jpg,36,Female,Black
6_1_0_20170109193652525.jpg.chip.jpg,6,Female,White
26_0_3_20170119184330719.jpg.chip.jpg,26,Male,Indian
32_0_0_20170117134728061.jpg.chip.jpg,32,Male,White
51_0_1_20170117173643818.jpg.chip.jpg,51,Male,Black
38_1_1_20170117184822384.jpg.chip.jpg,38,Female,Black
49_0_1_20170117173446675.jpg.chip.jpg,49,Male,Black
1_0_3_20161220220355890.jpg.chip.jpg,1,Male,Indian
58_0_3_20170119192023433.jpg.chip.jpg,58,Male,Indian
22_1_3_20170119163753629.jpg.chip.jpg,22,Female,Indian
31_1_0_20170117133158992.jpg.chip.jpg,31,Female,White
16_0_0_20170110231645188.jpg.chip.jpg,16,Male,White
10_0_0_20170110220235233.jpg.chip.jpg,10,Male,White
39_1_0_20170104183645789.jpg.chip.jpg,39,Female,White
12_0_0_20170110215739155.jpg.chip.jpg,12,Male,White
32_1_3_20170116153431215.jpg.chip.jpg,32,Female,Indian
36_0_1_20170116010623450.jpg.chip.jpg,36,Male,Black
8_1_0_20170109200833660.jpg.chip.jpg,8,Female,White
3_1_1_20170109194527475.jpg.chip.jpg,3,Female,Black
38_0_3_20170119144055864.jpg.chip.jpg,38,Male,Indian
18_0_1_20170114030410225.jpg.chip.jpg,18,Male,Black
5_1_0_20170109194215705.jpg.chip.jpg,5,Female,White
26_1_1_20170116171846657.jpg.chip.jpg,26,Female,Black
28_1_2_20170116162435106.jpg.chip.jpg,28,Female,Asian
23_1_0_20170116222839270.jpg.chip.jpg,23,Female,White
29_1_1_20170117022224947.jpg.chip.jpg,29,Female,Black
40_1_0_20170117091858010.jpg.chip.jpg,40,Female,White
52_0_0_20170117161039222.jpg.chip.jpg,52,Male,White
55_0_0_20170111194845175.jpg.chip.jpg,55,Male,White
26_1_1_20170117200332549.jpg.chip.jpg,26,Female,Black
43_0_3_20170119153259240.jpg.chip.jpg,43,Male,Indian
30_0_1_20170117181243676.jpg.chip.jpg,30,Male,Black
54_0_0_20170117171636100.jpg.chip.jpg,54,Male,White
40_0_0_20170120220126473.jpg.chip.jpg,40,Male,White
16_0_0_20170104003750790.jpg.chip.jpg,16,Male,White
49_1_0_20170110141243521.jpg.chip.jpg,49,Female,White
33_0_4_20170117203909214.jpg.chip.jpg,33,Male,Others
52_0_0_20170117161015463.jpg.chip.jpg,52,Male,White
51_1_0_20170110125229594.jpg.chip.jpg,51,Female,White
3_0_2_20161219141852353.jpg.chip.jpg,3,Male,Asian
63_0_0_20170104213054221.jpg.chip.jpg,63,Male,White
28_1_1_20170113003529300.jpg.chip.jpg,28,Female,Black
47_0_0_20170104210614252.jpg.chip.jpg,47,Male,White
57_0_4_20170105171850037.jpg.chip.jpg,57,Male,Others
2_1_3_20161220144846231.jpg.chip.jpg,2,Female,Indian
24_0_4_20170117194540395.jpg.chip.jpg,24,Male,Others
34_0_0_20170117134908039.jpg.chip.jpg,34,Male,White
32_1_1_20170117140943466.jpg.chip.jpg,32,Female,Black
30_0_3_20170117150038298.jpg.chip.jpg,30,Male,Indian
21_1_1_20170113005728276.jpg.chip.jpg,21,Female,Black
29_1_0_20170104022059373.jpg.chip.jpg,29,Female,White
78_0_1_20170117193425610.jpg.chip.jpg,78,Male,Black
3_1_4_20170104005006111.jpg.chip.jpg,3,Female,Others
26_1_2_20170116175456595.jpg.chip.jpg,26,Female,Asian
52_0_0_20170104212243804.jpg.chip.jpg,52,Male,White
49_1_0_20170109141328213.jpg.chip.jpg,49,Female,White
31_1_3_20170119200200605.jpg.chip.jpg,31,Female,Indian
17_0_1_20170114025858837.jpg.chip.jpg,17,Male,Black
22_1_0_20170110173815028.jpg.chip.jpg,22,Female,White
62_0_0_20170117172611801.jpg.chip.jpg,62,Male,White
42_0_0_20170104203854642.jpg.chip.jpg,42,Male,White
27_0_4_20170103235757172.jpg.chip.jpg,27,Male,Others
30_1_2_20170116192249012.jpg.chip.jpg,30,Female,Asian
45_1_1_20170113012603225.jpg.chip.jpg,45,Female,Black
69_1_3_20170109150308256.jpg.chip.jpg,69,Female,Indian
9_0_0_20170110220658769.jpg.chip.jpg,9,Male,White
27_0_4_20170113134023216.jpg.chip.jpg,27,Male,Others
24_0_2_20170116172525947.jpg.chip.jpg,24,Male,Asian
21_1_3_20170104232011770.jpg.chip.jpg,21,Female,Indian
45_0_1_20170117190019363.jpg.chip.jpg,45,Male,Black
22_0_1_20170113150441654.jpg.chip.jpg,22,Male,Black
54_0_1_20170113190519393.jpg.chip.jpg,54,Male,Black
24_1_2_20170116222629764.jpg.chip.jpg,24,Female,Asian
28_0_0_20170114032106670.jpg.chip.jpg,28,Male,White
54_1_1_20170117171656445.jpg.chip.jpg,54,Female,Black
28_0_3_20170117144207130.jpg.chip.jpg,28,Male,Indian
40_1_0_20170117150751092.jpg.chip.jpg,40,Female,White
35_0_0_20170117134955604.jpg.chip.jpg,35,Male,White
26_0_0_20170117195743604.jpg.chip.jpg,26,Male,White
26_1_4_20170117174512949.jpg.chip.jpg,26,Female,Others
39_1_0_20170103184109643.jpg.chip.jpg,39,Female,White
50_0_0_20170120134101471.jpg.chip.jpg,50,Male,White
3_1_2_20161219211045069.jpg.chip.jpg,3,Female,Asian
26_1_1_20170117183916995.jpg.chip.jpg,26,Female,Black
28_1_2_20170116171710952.jpg.chip.jpg,28,Female,Asian
19_0_0_20170105184049223.jpg.chip.jpg,19,Male,White
63_0_0_20170117194948539.jpg.chip.jpg,63,Male,White
1_0_0_20161219193326339.jpg.chip.jpg,1,Male,White
26_1_0_20170117174903560.jpg.chip.jpg,26,Female,White
35_0_0_20170117171459931.jpg.chip.jpg,35,Male,White
26_1_2_20170116182434267.jpg.chip.jpg,26,Female,Asian
28_0_1_20170113173600097.jpg.chip.jpg,28,Male,Black
31_1_1_20170116224134208.jpg.chip.jpg,31,Female,Black
30_1_3_20170117132700450.jpg.chip.jpg,30,Female,Indian
26_1_0_20170117200744612.jpg.chip.jpg,26,Female,White
35_1_4_20170117203828719.jpg.chip.jpg,35,Female,Others
3_1_4_20161221193144389.jpg.chip.jpg,3,Female,Others
57_1_0_20170110160643595.jpg.chip.jpg,57,Female,White
60_0_0_20170104211850356.jpg.chip.jpg,60,Male,White
14_0_0_20170116211955846.jpg.chip.jpg,14,Male,White
60_1_0_20170110135918382.jpg.chip.jpg,60,Female,White
18_0_3_20170104225820545.jpg.chip.jpg,18,Male,Indian
35_1_3_20170117145058906.jpg.chip.jpg,35,Female,Indian
34_0_3_20170119160235323.jpg.chip.jpg,34,Male,Indian
27_0_1_20170117172452375.jpg.chip.jpg,27,Male,Black
52_0_0_20170111202028479.jpg.chip.jpg,52,Male,White
52_0_0_20170120222938778.jpg.chip.jpg,52,Male,White
58_0_1_20170113185227312.jpg.chip.jpg,58,Male,Black
48_0_0_20170104212711795.jpg.chip.jpg,48,Male,White
31_1_2_20170116191358099.jpg.chip.jpg,31,Female,Asian
22_0_0_20170117171740692.jpg.chip.jpg,22,Male,White
26_1_1_20170113012012655.jpg.chip.jpg,26,Female,Black
38_0_2_20170116192319328.jpg.chip.jpg,38,Male,Asian
22_0_0_20170116220735674.jpg.chip.jpg,22,Male,White
25_0_2_20170119145148646.jpg.chip.jpg,25,Male,Asian
26_0_3_20170119183458846.jpg.chip.jpg,26,Male,Indian
32_0_1_20170113173619394.jpg.chip.jpg,32,Male,Black
30_0_1_20170117202825454.jpg.chip.jpg,30,Male,Black
28_1_3_20170104223337415.jpg.chip.jpg,28,Female,Indian
51_0_0_20170109012545153.jpg.chip.jpg,51,Male,White
48_1_0_20170119205430280.jpg.chip.jpg,48,Female,White
61_0_0_20170117174441717.jpg.chip.jpg,61,Male,White
21_1_1_20170112193005893.jpg.chip.jpg,21,Female,Black
31_0_1_20170116024000066.jpg.chip.jpg,31,Male,Black
26_1_3_20161220222108978.jpg.chip.jpg,26,Female,Indian
28_1_3_20170119194459995.jpg.chip.jpg,28,Female,Indian
8_0_0_20170110220121162.jpg.chip.jpg,8,Male,White
34_1_3_20170119164445358.jpg.chip.jpg,34,Female,Indian
28_0_3_20170119164001559.jpg.chip.jpg,28,Male,Indian
24_1_1_20170112193108564.jpg.chip.jpg,24,Female,Black
24_1_2_20170116165003935.jpg.chip.jpg,24,Female,Asian
32_1_1_20170116000551316.jpg.chip.jpg,32,Female,Black
19_1_2_20170104021632526.jpg.chip.jpg,19,Female,Asian
6_1_0_20170109201628566.jpg.chip.jpg,6,Female,White
50_0_0_20170117194216684.jpg.chip.jpg,50,Male,White
37_1_0_20170117140054979.jpg.chip.jpg,37,Female,White
1_1_0_20170109191709485.jpg.chip.jpg,1,Female,White
1_0_3_20161220144838191.jpg.chip.jpg,1,Male,Indian
25_1_2_20170116174823428.jpg.chip.jpg,25,Female,Asian
76_0_0_20170111222213998.jpg.chip.jpg,76,Male,White
35_0_0_20170104204813467.jpg.chip.jpg,35,Male,White
45_0_0_20170105184113903.jpg.chip.jpg,45,Male,White
1_0_3_20161219230541656.jpg.chip.jpg,1,Male,Indian
15_0_0_20170110232117349.jpg.chip.jpg,15,Male,White
67_0_1_20170117143355801.jpg.chip.jpg,67,Male,Black
24_1_0_20170105000720347.jpg.chip.jpg,24,Female,White
22_0_0_20170119151204830.jpg.chip.jpg,22,Male,White
29_1_0_20170103182933066.jpg.chip.jpg,29,Female,White
25_0_1_20170113145422493.jpg.chip.jpg,25,Male,Black
38_1_4_20170117203646323.jpg.chip.jpg,38,Female,Others
12_1_1_20170116225216163.jpg.chip.jpg,12,Female,Black
8_1_0_20170109204818624.jpg.chip.jpg,8,Female,White
30_1_4_20170103181233632.jpg.chip.jpg,30,Female,Others
34_1_0_20170109004755204.jpg.chip.jpg,34,Female,White
50_0_0_20170117185805681.jpg.chip.jpg,50,Male,White
60_0_0_20170117173825225.jpg.chip.jpg,60,Male,White
45_0_0_20170117180013541.jpg.chip.jpg,45,Male,White
5_0_2_20161219192503459.jpg.chip.jpg,5,Male,Asian
52_0_0_20170105173217669.jpg.chip.jpg,52,Male,White
17_1_1_20170112231332486.jpg.chip.jpg,17,Female,Black
1_0_2_20161219221751759.jpg.chip.jpg,1,Male,Asian
24_1_4_20170117194850412.jpg.chip.jpg,24,Female,Others
32_0_3_20170104201821698.jpg.chip.jpg,32,Male,Indian
54_0_3_20170105173505798.jpg.chip.jpg,54,Male,Indian
22_0_0_20170108224621224.jpg.chip.jpg,22,Male,White
50_1_0_20170117160741470.jpg.chip.jpg,50,Female,White
44_0_3_20170119165814423.jpg.chip.jpg,44,Male,Indian
2_1_0_20170109191752762.jpg.chip.jpg,2,Female,White
36_1_1_20170117091644491.jpg.chip.jpg,36,Female,Black
1_1_3_20161220143202710.jpg.chip.jpg,1,Female,Indian
30_0_3_20170119204757926.jpg.chip.jpg,30,Male,Indian
26_1_0_20170117003243018.jpg.chip.jpg,26,Female,White
19_0_4_20170102233259362.jpg.chip.jpg,19,Male,Others
54_0_0_20170111222617768.jpg.chip.jpg,54,Male,White
26_1_4_20170117152921443.jpg.chip.jpg,26,Female,Others
26_1_3_20170119180953860.jpg.chip.jpg,26,Female,Indian
26_0_0_20170117172820860.jpg.chip.jpg,26,Male,White
12_0_4_20170103205745050.jpg.chip.jpg,12,Male,Others
34_0_0_20170117171532466.jpg.chip.jpg,34,Male,White
40_1_1_20170112234122392.jpg.chip.jpg,40,Female,Black
38_0_0_20170117184839544.jpg.chip.jpg,38,Male,White
78_0_0_20170111222436497.jpg.chip.jpg,78,Male,White
2_1_4_20170103205101618.jpg.chip.jpg,2,Female,Others
45_0_1_20170117154348380.jpg.chip.jpg,45,Male,Black
54_0_0_20170117163720882.jpg.chip.jpg,54,Male,White
37_0_1_20170116193744974.jpg.chip.jpg,37,Male,Black
39_0_0_20170117154432514.jpg.chip.jpg,39,Male,White
40_1_0_20170116235425418.jpg.chip.jpg,40,Female,White
24_1_1_20170115235954650.jpg.chip.jpg,24,Female,Black
31_1_1_20170116001235141.jpg.chip.jpg,31,Female,Black
28_0_1_20170113151400128.jpg.chip.jpg,28,Male,Black
24_0_1_20170113195929797.jpg.chip.jpg,24,Male,Black
26_0_1_20170116210358725.jpg.chip.jpg,26,Male,Black
31_0_4_20170117020719427.jpg.chip.jpg,31,Male,Others
18_0_1_20170114025501676.jpg.chip.jpg,18,Male,Black
29_0_1_20170117103809403.jpg.chip.jpg,29,Male,Black
30_0_1_20170113134006616.jpg.chip.jpg,30,Male,Black
1_0_2_20161219203112116.jpg.chip.jpg,1,Male,Asian
29_1_2_20170103181921865.jpg.chip.jpg,29,Female,Asian
58_0_0_20170120224601232.jpg.chip.jpg,58,Male,White
25_0_0_20170117151726084.jpg.chip.jpg,25,Male,White
68_0_0_20170111221718605.jpg.chip.jpg,68,Male,White
23_1_4_20170117194147485.jpg.chip.jpg,23,Female,Others
74_1_0_20170110122923277.jpg.chip.jpg,74,Female,White
31_0_3_20170104230731169.jpg.chip.jpg,31,Male,Indian
36_1_0_20170113010354991.jpg.chip.jpg,36,Female,White
44_1_3_20170119165329470.jpg.chip.jpg,44,Female,Indian
26_0_1_20170116024208336.jpg.chip.jpg,26,Male,Black
53_0_4_20170104212427149.jpg.chip.jpg,53,Male,Others
2_0_0_20170103202750479.jpg.chip.jpg,2,Male,White
3_1_0_20170109193351934.jpg.chip.jpg,3,Female,White
63_0_0_20170113142516276.jpg.chip.jpg,63,Male,White
22_0_4_20170103234615652.jpg.chip.jpg,22,Male,Others
53_1_0_20170110141146441.jpg.chip.jpg,53,Female,White
40_0_0_20170104174309067.jpg.chip.jpg,40,Male,White
26_0_0_20170113210127432.jpg.chip.jpg,26,Male,White
55_0_3_20170119201009922.jpg.chip.jpg,55,Male,Indian
27_0_0_20170116205321366.jpg.chip.jpg,27,Male,White
56_0_3_20170104232205049.jpg.chip.jpg,56,Male,Indian
10_1_0_20170109204931156.jpg.chip.jpg,10,Female,White
47_1_0_20170109221107171.jpg.chip.jpg,47,Female,White
66_0_0_20170117191832603.jpg.chip.jpg,66,Male,White
26_1_1_20170117170654969.jpg.chip.jpg,26,Female,Black
40_1_0_20170117180019091.jpg.chip.jpg,40,Female,White
55_0_3_20170119202440701.jpg.chip.jpg,55,Male,Indian
70_0_0_20170117173225496.jpg.chip.jpg,70,Male,White
56_0_0_20170119181226587.jpg.chip.jpg,56,Male,White
3_1_2_20161219190118219.jpg.chip.jpg,3,Female,Asian
26_0_3_20170119191757778.jpg.chip.jpg,26,Male,Indian
1_0_2_20161219194849659.jpg.chip.jpg,1,Male,Asian
40_1_0_20170117135413979.jpg.chip.jpg,40,Female,White
37_0_0_20170104205628245.jpg.chip.jpg,37,Male,White
9_1_0_20170109204626343.jpg.chip.jpg,9,Female,White
15_1_0_20170109214133273.jpg.chip.jpg,15,Female,White
43_0_0_20170104172942851.jpg.chip.jpg,43,Male,White
2_1_2_20161219222445647.jpg.chip.jpg,2,Female,Asian
45_1_0_20170103183543298.jpg.chip.jpg,45,Female,White
34_0_1_20170113155128778.jpg.chip.jpg,34,Male,Black
2_1_4_20161221195057952.jpg.chip.jpg,2,Female,Others
4_1_0_20170104005821656.jpg.chip.jpg,4,Female,White
30_0_3_20170117120456566.jpg.chip.jpg,30,Male,Indian
50_0_0_20170117152322862.jpg.chip.jpg,50,Male,White
47_0_0_20170109012320435.jpg.chip.jpg,47,Male,White
50_1_0_20170104213643230.jpg.chip.jpg,50,Female,White
12_1_0_20170109203700059.jpg.chip.jpg,12,Female,White
7_0_4_20170103205144794.jpg.chip.jpg,7,Male,Others
5_1_0_20170109191949189.jpg.chip.jpg,5,Female,White
50_0_3_20170119202012733.jpg.chip.jpg,50,Male,Indian
35_0_0_20170117173401692.jpg.chip.jpg,35,Male,White
58_0_3_20170119211523632.jpg.chip.jpg,58,Male,Indian
67_0_1_20170113175755885.jpg.chip.jpg,67,Male,Black
56_0_3_20170119152358239.jpg.chip.jpg,56,Male,Indian
1_0_2_20161219153658004.jpg.chip.jpg,1,Male,Asian
39_0_4_20170104200746817.jpg.chip.jpg,39,Male,Others
52_0_1_20170113183825270.jpg.chip.jpg,52,Male,Black
61_1_3_20170109142522355.jpg.chip.jpg,61,Female,Indian
51_1_0_20170104170143329.jpg.chip.jpg,51,Female,White
26_0_0_20170103235457445.jpg.chip.jpg,26,Male,White
66_1_0_20170110140814578.jpg.chip.jpg,66,Female,White
22_1_2_20170116165023471.jpg.chip.jpg,22,Female,Asian
57_1_0_20170109132244248.jpg.chip.jpg,57,Female,White
23_1_0_20170112234128328.jpg.chip.jpg,23,Female,White
2_1_0_20170109192428145.jpg.chip.jpg,2,Female,White
26_1_3_20170119180533644.jpg.chip.jpg,26,Female,Indian
80_1_0_20170110122439310.jpg.chip.jpg,80,Female,White
54_0_0_20170117171614274.jpg.chip.jpg,54,Male,White
14_1_0_20170109214428765.jpg.chip.jpg,14,Female,White
54_1_0_20170117191408330.jpg.chip.jpg,54,Female,White
61_0_0_20170111203523343.jpg.chip.jpg,61,Male,White
18_1_0_20170109213137477.jpg.chip.jpg,18,Female,White
31_1_1_20170113012024246.jpg.chip.jpg,31,Female,Black
32_1_1_20170113000615118.jpg.chip.jpg,32,Female,Black
24_1_2_20170109213251114.jpg.chip.jpg,24,Female,Asian
40_0_0_20170113134225018.jpg.chip.jpg,40,Male,White
4_1_0_20170109192357612.jpg.chip.jpg,4,Female,White
29_1_2_20170116162615509.jpg.chip.jpg,29,Female,Asian
37_0_4_20170117140108503.jpg.chip.jpg,37,Male,Others
24_0_4_20170117145214993.jpg.chip.jpg,24,Male,Others
26_1_2_20170116184449316.jpg.chip.jpg,26,Female,Asian
11_0_3_20170104230222352.jpg.chip.jpg,11,Male,Indian
31_0_0_20170116191348943.jpg.chip.jpg,31,Male,White
26_1_2_20170104020703028.jpg.chip.jpg,26,Female,Asian
23_0_3_20170119150001740.jpg.chip.jpg,23,Male,Indian
18_0_0_20170103201519511.jpg.chip.jpg,18,Male,White
12_1_3_20170104223448631.jpg.chip.jpg,12,Female,Indian
27_1_0_20170103183711648.jpg.chip.jpg,27,Female,White
3_1_0_20170104010100263.jpg.chip.jpg,3,Female,White
80_0_0_20170117174418358.jpg.chip.jpg,80,Male,White
3_1_1_20170109194610208.jpg.chip.jpg,3,Female,Black
16_0_0_20170110232757924.jpg.chip.jpg,16,Male,White
26_0_1_20170103181054528.jpg.chip.jpg,26,Male,Black
16_0_0_20170104012457770.jpg.chip.jpg,16,Male,White
10_1_0_20170109203653735.jpg.chip.jpg,10,Female,White
29_0_4_20170116210407115.jpg.chip.jpg,29,Male,Others
22_1_3_20170104214404028.jpg.chip.jpg,22,Female,Indian
40_0_0_20170116225114199.jpg.chip.jpg,40,Male,White
23_1_3_20170119155754275.jpg.chip.jpg,23,Female,Indian
1_0_0_20161219190045155.jpg.chip.jpg,1,Male,White
50_0_3_20170119171601064.jpg.chip.jpg,50,Male,Indian
52_1_0_20170103180938968.jpg.chip.jpg,52,Female,White
16_1_0_20170109203419299.jpg.chip.jpg,16,Female,White
34_1_0_20170117134930254.jpg.chip.jpg,34,Female,White
4_0_0_20170110213528845.jpg.chip.jpg,4,Male,White
61_1_0_20170117174639693.jpg.chip.jpg,61,Female,White
8_0_4_20170117133054476.jpg.chip.jpg,8,Male,Others
32_1_3_20170109142352309.jpg.chip.jpg,32,Female,Indian
62_1_0_20170110182008441.jpg.chip.jpg,62,Female,White
54_0_0_20170120223314300.jpg.chip.jpg,54,Male,White
22_1_0_20170112233731616.jpg.chip.jpg,22,Female,White
24_0_0_20170117145303338.jpg.chip.jpg,24,Male,White
43_0_0_20170104210240958.jpg.chip.jpg,43,Male,White
26_0_1_20170113151713536.jpg.chip.jpg,26,Male,Black
20_1_0_20170113005610158.jpg.chip.jpg,20,Female,White
48_0_0_20170111203244405.jpg.chip.jpg,48,Male,White
42_1_0_20170104181529757.jpg.chip.jpg,42,Female,White
26_1_2_20170116184448240.jpg.chip.jpg,26,Female,Asian
33_0_1_20170117190145954.jpg.chip.jpg,33,Male,Black
40_1_0_20170117144921201.jpg.chip.jpg,40,Female,White
28_1_2_20170104020633108.jpg.chip.jpg,28,Female,Asian
33_1_1_20170116210318759.jpg.chip.jpg,33,Female,Black
24_0_2_20170116163114649.jpg.chip.jpg,24,Male,Asian
39_1_4_20170109002712574.jpg.chip.jpg,39,Female,Others
35_0_3_20170119180425940.jpg.chip.jpg,35,Male,Indian
58_0_0_20170120224706941.jpg.chip.jpg,58,Male,White
26_0_0_20170119180141460.jpg.chip.jpg,26,Male,White
24_1_2_20170104021300885.jpg.chip.jpg,24,Female,Asian
65_1_3_20170119202621117.jpg.chip.jpg,65,Female,Indian
34_1_0_20170105164157515.jpg.chip.jpg,34,Female,White
26_1_0_20170117175343265.jpg.chip.jpg,26,Female,White
35_0_0_20170119200917429.jpg.chip.jpg,35,Male,White
5_0_3_20161220221842826.jpg.chip.jpg,5,Male,Indian
7_0_2_20161219190327212.jpg.chip.jpg,7,Male,Asian
38_0_0_20170117133757073.jpg.chip.jpg,38,Male,White
2_1_0_20170109193848145.jpg.chip.jpg,2,Female,White
53_0_3_20170119202446453.jpg.chip.jpg,53,Male,Indian
26_1_0_20170116220842573.jpg.chip.jpg,26,Female,White
37_0_0_20170105172702509.jpg.chip.jpg,37,Male,White
45_0_0_20170117170741266.jpg.chip.jpg,45,Male,White
65_0_0_20170117153706996.jpg.chip.jpg,65,Male,White
65_0_0_20170116224819158.jpg.chip.jpg,65,Male,White
35_1_1_20170116021348604.jpg.chip.jpg,35,Female,Black
37_0_2_20170116184903745.jpg.chip.jpg,37,Male,Asian
5_1_4_20170103212921764.jpg.chip.jpg,5,Female,Others
32_1_1_20170113011600858.jpg.chip.jpg,32,Female,Black
61_1_0_20170110122324992.jpg.chip.jpg,61,Female,White
43_0_1_20170117171820798.jpg.chip.jpg,43,Male,Black
38_1_1_20170113005614349.jpg.chip.jpg,38,Female,Black
26_1_3_20170104235421282.jpg.chip.jpg,26,Female,Indian
16_1_0_20170109214333355.jpg.chip.jpg,16,Female,White
27_0_2_20170119193329569.jpg.chip.jpg,27,Male,Asian
35_1_1_20170112191127473.jpg.chip.jpg,35,Female,Black
1_0_0_20161219162630727.jpg.chip.jpg,1,Male,White
24_1_1_20170112192336718.jpg.chip.jpg,24,Female,Black
20_1_4_20170103233649970.jpg.chip.jpg,20,Female,Others
25_1_3_20170104222350215.jpg.chip.jpg,25,Female,Indian
26_1_3_20170117174605432.jpg.chip.jpg,26,Female,Indian
40_0_3_20170119175332114.jpg.chip.jpg,40,Male,Indian
50_1_0_20170105162633419.jpg.chip.jpg,50,Female,White
39_1_0_20170117154454831.jpg.chip.jpg,39,Female,White
1_1_0_20170109191023360.jpg.chip.jpg,1,Female,White
2_1_1_20170113002906252.jpg.chip.jpg,2,Female,Black
55_0_3_20170119205307824.jpg.chip.jpg,55,Male,Indian
21_1_0_20170117141834506.jpg.chip.jpg,21,Female,White
24_1_2_20170116171002640.jpg.chip.jpg,24,Female,Asian
25_1_1_20170113011606928.jpg.chip.jpg,25,Female,Black
56_1_3_20170119211416888.jpg.chip.jpg,56,Female,Indian
1_1_2_20161219195630371.jpg.chip.jpg,1,Female,Asian
57_0_3_20170119211315720.jpg.chip.jpg,57,Male,Indian
28_1_2_20170116163724905.jpg.chip.jpg,28,Female,Asian
30_1_0_20170104170158777.jpg.chip.jpg,30,Female,White
10_1_3_20170112211048149.jpg.chip.jpg,10,Female,Indian
32_0_1_20170113174103202.jpg.chip.jpg,32,Male,Black
72_0_0_20170116193811127.jpg.chip.jpg,72,Male,White
4_0_0_20170110213033450.jpg.chip.jpg,4,Male,White
1_1_2_20161219155627605.jpg.chip.jpg,1,Female,Asian
56_0_0_20170105173223037.jpg.chip.jpg,56,Male,White
3_1_2_20161219195341196.jpg.chip.jpg,3,Female,Asian
30_1_2_20170116164700568.jpg.chip.jpg,30,Female,Asian
3_1_0_20170109192003664.jpg.chip.jpg,3,Female,White
1_0_2_20161219162852759.jpg.chip.jpg,1,Male,Asian
28_0_0_20170117180430030.jpg.chip.jpg,28,Male,White
15_1_4_20170103201254359.jpg.chip.jpg,15,Female,Others
1_0_3_20161219225615528.jpg.chip.jpg,1,Male,Indian
6_1_0_20161220221631666.jpg.chip.jpg,6,Female,White
30_1_1_20170113000134250.jpg.chip.jpg,30,Female,Black
69_1_0_20170110151454373.jpg.chip.jpg,69,Female,White
27_1_0_20170116200842891.jpg.chip.jpg,27,Female,White
32_1_3_20170104172955993.jpg.chip.jpg,32,Female,Indian
51_1_1_20170114030618551.jpg.chip.jpg,51,Female,Black
65_0_0_20170120223704629.jpg.chip.jpg,65,Male,White
26_1_1_20170117174116677.jpg.chip.jpg,26,Female,Black
25_1_0_20170112235132967.jpg.chip.jpg,25,Female,White
35_1_1_20170112210358868.jpg.chip.jpg,35,Female,Black
54_1_3_20170105001159796.jpg.chip.jpg,54,Female,Indian
29_0_1_20170113133129655.jpg.chip.jpg,29,Male,Black
35_1_0_20170117140823431.jpg.chip.jpg,35,Female,White
31_0_0_20170117203031305.jpg.chip.jpg,31,Male,White
52_0_3_20170119205647136.jpg.chip.jpg,52,Male,Indian
26_0_1_20170117195934763.jpg.chip.jpg,26,Male,Black
59_1_1_20170113012852120.jpg.chip.jpg,59,Female,Black
30_1_2_20170116162446989.jpg.chip.jpg,30,Female,Asian
35_1_0_20170114033327130.jpg.chip.jpg,35,Female,White
24_0_1_20170113151024815.jpg.chip.jpg,24,Male,Black
12_1_1_20170116233629728.jpg.chip.jpg,12,Female,Black
45_0_0_20170117182204430.jpg.chip.jpg,45,Male,White
4_1_1_20170109194656449.jpg.chip.jpg,4,Female,Black
22_0_3_20170119162820341.jpg.chip.jpg,22,Male,Indian
42_0_4_20170104204413955.jpg.chip.jpg,42,Male,Others
63_0_4_20170117175627092.jpg.chip.jpg,63,Male,Others
35_0_3_20170119201410901.jpg.chip.jpg,35,Male,Indian
35_0_1_20170117020814210.jpg.chip.jpg,35,Male,Black
40_0_0_20170105172802421.jpg.chip.jpg,40,Male,White
61_0_0_20170111222237144.jpg.chip.jpg,61,Male,White
6_1_3_20161220223136131.jpg.chip.jpg,6,Female,Indian
58_0_0_20170117191901524.jpg.chip.jpg,58,Male,White
20_0_0_20170113132332102.jpg.chip.jpg,20,Male,White
65_0_2_20170117000746182.jpg.chip.jpg,65,Male,Asian
55_0_0_20170117155215077.jpg.chip.jpg,55,Male,White
27_0_3_20170104214210099.jpg.chip.jpg,27,Male,Indian
33_0_1_20170113173629148.jpg.chip.jpg,33,Male,Black
13_0_3_20170110232628896.jpg.chip.jpg,13,Male,Indian
19_0_1_20170110231826530.jpg.chip.jpg,19,Male,Black
18_1_0_20170102235007970.jpg.chip.jpg,18,Female,White
18_0_2_20161219205328564.jpg.chip.jpg,18,Male,Asian
36_1_3_20170119202210389.jpg.chip.jpg,36,Female,Indian
54_0_3_20170119210125311.jpg.chip.jpg,54,Male,Indian
54_0_1_20170117194908404.jpg.chip.jpg,54,Male,Black
49_1_0_20170117160556897.jpg.chip.jpg,49,Female,White
1_0_4_20170103210917330.jpg.chip.jpg,1,Male,Others
22_1_3_20170104223821199.jpg.chip.jpg,22,Female,Indian
54_0_4_20170104212703396.jpg.chip.jpg,54,Male,Others
36_0_3_20170117183130453.jpg.chip.jpg,36,Male,Indian
39_0_0_20170105172311895.jpg.chip.jpg,39,Male,White
29_1_2_20170116164953746.jpg.chip.jpg,29,Female,Asian
78_0_0_20170120230506347.jpg.chip.jpg,78,Male,White
35_0_2_20170116182340066.jpg.chip.jpg,35,Male,Asian
50_1_0_20170116235636514.jpg.chip.jpg,50,Female,White
1_1_0_20170109191027883.jpg.chip.jpg,1,Female,White
36_1_1_20170116155035948.jpg.chip.jpg,36,Female,Black
67_1_0_20170110153312575.jpg.chip.jpg,67,Female,White
40_0_0_20170117192150908.jpg.chip.jpg,40,Male,White
65_1_0_20170110125326249.jpg.chip.jpg,65,Female,White
23_1_1_20170112234052856.jpg.chip.jpg,23,Female,Black
25_0_0_20170117135538311.jpg.chip.jpg,25,Male,White
61_0_0_20170120225152569.jpg.chip.jpg,61,Male,White
31_1_3_20170117181717125.jpg.chip.jpg,31,Female,Indian
26_1_2_20170116180225994.jpg.chip.jpg,26,Female,Asian
70_0_0_20170117172906417.jpg.chip.jpg,70,Male,White
26_0_2_20170116183713007.jpg.chip.jpg,26,Male,Asian
30_1_3_20170109141058153.jpg.chip.jpg,30,Female,Indian
7_0_0_20170110224448021.jpg.chip.jpg,7,Male,White
40_0_0_20170104170121569.jpg.chip.jpg,40,Male,White
25_0_0_20170113210126947.jpg.chip.jpg,25,Male,White
56_1_3_20170109141207996.jpg.chip.jpg,56,Female,Indian
61_0_1_20170117193626228.jpg.chip.jpg,61,Male,Black
27_0_3_20170119152437615.jpg.chip.jpg,27,Male,Indian
30_1_1_20170117125901915.jpg.chip.jpg,30,Female,Black
2_0_4_20161221195201991.jpg.chip.jpg,2,Male,Others
54_0_1_20170117190013790.jpg.chip.jpg,54,Male,Black
25_1_2_20170116175258251.jpg.chip.jpg,25,Female,Asian
16_0_0_20170110231215944.jpg.chip.jpg,16,Male,White
25_0_3_20170117134150022.jpg.chip.jpg,25,Male,Indian
39_0_0_20170104181221245.jpg.chip.jpg,39,Male,White
52_0_0_20170111202347090.jpg.chip.jpg,52,Male,White
1_0_3_20161220220910514.jpg.chip.jpg,1,Male,Indian
9_0_2_20170110220429818.jpg.chip.jpg,9,Male,Asian
39_0_1_20170113134340234.jpg.chip.jpg,39,Male,Black
72_0_0_20170111210054315.jpg.chip.jpg,72,Male,White
45_0_3_20170120222425936.jpg.chip.jpg,45,Male,Indian
28_0_3_20170119211528073.jpg.chip.jpg,28,Male,Indian
2_1_2_20161219222054159.jpg.chip.jpg,2,Female,Asian
52_0_0_20170120222918436.jpg.chip.jpg,52,Male,White
16_0_0_20170110232605131.jpg.chip.jpg,16,Male,White
2_1_2_20161219161141325.jpg.chip.jpg,2,Female,Asian
28_1_3_20170119194934347.jpg.chip.jpg,28,Female,Indian
25_1_3_20170119150911238.jpg.chip.jpg,25,Female,Indian
37_0_2_20170109013510428.jpg.chip.jpg,37,Male,Asian
36_0_0_20170104165455993.jpg.chip.jpg,36,Male,White
58_0_1_20170113190411755.jpg.chip.jpg,58,Male,Black
1_0_3_20161219225241152.jpg.chip.jpg,1,Male,Indian
29_0_0_20170104205704132.jpg.chip.jpg,29,Male,White
42_0_0_20170105173005714.jpg.chip.jpg,42,Male,White
5_0_0_20170117192409274.jpg.chip.jpg,5,Male,White
67_1_2_20161219194437956.jpg.chip.jpg,67,Female,Asian
28_0_3_20170119194505829.jpg.chip.jpg,28,Male,Indian
29_1_1_20170116003411532.jpg.chip.jpg,29,Female,Black
4_0_0_20170110213557125.jpg.chip.jpg,4,Male,White
32_1_1_20170112215155305.jpg.chip.jpg,32,Female,Black
26_0_2_20170116181245176.jpg.chip.jpg,26,Male,Asian
24_0_2_20170116164749805.jpg.chip.jpg,24,Male,Asian
5_0_0_20170110213149382.jpg.chip.jpg,5,Male,White
28_1_0_20170108225418569.jpg.chip.jpg,28,Female,White
35_0_0_20170117120747082.jpg.chip.jpg,35,Male,White
53_1_0_20170110160643313.jpg.chip.jpg,53,Female,White
38_1_0_20170104201451243.jpg.chip.jpg,38,Female,White
28_1_1_20170113001655787.jpg.chip.jpg,28,Female,Black
23_1_3_20170119164501885.jpg.chip.jpg,23,Female,Indian
26_0_0_20170116224849492.jpg.chip.jpg,26,Male,White
28_0_3_20170105175516710.jpg.chip.jpg,28,Male,Indian
46_0_0_20170104204544691.jpg.chip.jpg,46,Male,White
22_1_3_20170109132213417.jpg.chip.jpg,22,Female,Indian
21_0_0_20170116215656696.jpg.chip.jpg,21,Male,White
77_1_0_20170113002117891.jpg.chip.jpg,77,Female,White
28_1_1_20170116231251529.jpg.chip.jpg,28,Female,Black
30_1_3_20170119195849148.jpg.chip.jpg,30,Female,Indian
20_1_0_20170104020855852.jpg.chip.jpg,20,Female,White
51_0_0_20170111203742983.jpg.chip.jpg,51,Male,White
34_1_4_20170113011428472.jpg.chip.jpg,34,Female,Others
6_1_4_20161221193543388.jpg.chip.jpg,6,Female,Others
37_1_1_20170116160739474.jpg.chip.jpg,37,Female,Black
41_0_0_20170109012220690.jpg.chip.jpg,41,Male,White
26_1_2_20170116184237219.jpg.chip.jpg,26,Female,Asian
31_0_2_20170115231427920.jpg.chip.jpg,31,Male,Asian
1_1_2_20161219162024742.jpg.chip.jpg,1,Female,Asian
22_1_3_20170119163702901.jpg.chip.jpg,22,Female,Indian
2_1_4_20170103210830609.jpg.chip.jpg,2,Female,Others
35_0_2_20170116173641544.jpg.chip.jpg,35,Male,Asian
67_0_0_20170112205632732.jpg.chip.jpg,67,Male,White
25_1_1_20170113011522470.jpg.chip.jpg,25,Female,Black
53_1_0_20170104172755313.jpg.chip.jpg,53,Female,White
24_1_4_20170103235057348.jpg.chip.jpg,24,Female,Others
1_0_3_20161220145213471.jpg.chip.jpg,1,Male,Indian
1_0_2_20161219142452152.jpg.chip.jpg,1,Male,Asian
62_1_0_20170104183415429.jpg.chip.jpg,62,Female,White
20_1_4_20170103225040370.jpg.chip.jpg,20,Female,Others
44_1_3_20170104235304584.jpg.chip.jpg,44,Female,Indian
1_0_3_20161220220110553.jpg.chip.jpg,1,Male,Indian
32_1_1_20170112224337978.jpg.chip.jpg,32,Female,Black
70_1_0_20170117163559185.jpg.chip.jpg,70,Female,White
40_1_2_20170116163713862.jpg.chip.jpg,40,Female,Asian
28_1_4_20170117202546775.jpg.chip.jpg,28,Female,Others
29_0_1_20170113173002656.jpg.chip.jpg,29,Male,Black
1_0_2_20161219141927321.jpg.chip.jpg,1,Male,Asian
24_1_2_20170116174612535.jpg.chip.jpg,24,Female,Asian
32_1_4_20170104171544210.jpg.chip.jpg,32,Female,Others
23_0_3_20170119164159892.jpg.chip.jpg,23,Male,Indian
36_1_1_20170116014314127.jpg.chip.jpg,36,Female,Black
25_0_2_20170104021135333.jpg.chip.jpg,25,Male,Asian
6_1_4_20161223232159876.jpg.chip.jpg,6,Female,Others
40_1_0_20170116232924702.jpg.chip.jpg,40,Female,White
40_1_3_20170119183059633.jpg.chip.jpg,40,Female,Indian
20_0_3_20170119152949343.jpg.chip.jpg,20,Male,Indian
27_0_0_20170116205629794.jpg.chip.jpg,27,Male,White
35_0_3_20170119201338805.jpg.chip.jpg,35,Male,Indian
36_1_3_20170117135521500.jpg.chip.jpg,36,Female,Indian
40_1_0_20170117131101542.jpg.chip.jpg,40,Female,White
1_0_1_20170110213645409.jpg.chip.jpg,1,Male,Black
58_0_0_20170117191839091.jpg.chip.jpg,58,Male,White
32_0_1_20170117140227057.jpg.chip.jpg,32,Male,Black
22_0_3_20170119155849290.jpg.chip.jpg,22,Male,Indian
32_0_4_20170103235510730.jpg.chip.jpg,32,Male,Others
48_0_0_20170109012405234.jpg.chip.jpg,48,Male,White
20_1_0_20170103175447799.jpg.chip.jpg,20,Female,White
1_0_3_20161220223014827.jpg.chip.jpg,1,Male,Indian
53_1_0_20170109012814840.jpg.chip.jpg,53,Female,White
18_1_0_20170117142633417.jpg.chip.jpg,18,Female,White
25_0_0_20170117175209600.jpg.chip.jpg,25,Male,White
80_1_2_20170119211723865.jpg.chip.jpg,80,Female,Asian
38_1_0_20170117154130828.jpg.chip.jpg,38,Female,White
26_1_0_20170117152955925.jpg.chip.jpg,26,Female,White
18_1_0_20170109214554528.jpg.chip.jpg,18,Female,White
8_1_4_20170104005525759.jpg.chip.jpg,8,Female,Others
10_0_0_20170103200522151.jpg.chip.jpg,10,Male,White
26_1_3_20170119180229629.jpg.chip.jpg,26,Female,Indian
40_0_4_20170103235124292.jpg.chip.jpg,40,Male,Others
5_0_0_20170109192353674.jpg.chip.jpg,5,Male,White
26_0_0_20170117200559815.jpg.chip.jpg,26,Male,White
10_0_2_20170116162109013.jpg.chip.jpg,10,Male,Asian
39_0_1_20170113174626658.jpg.chip.jpg,39,Male,Black
75_0_0_20170111205248257.jpg.chip.jpg,75,Male,White
58_0_3_20170109142236643.jpg.chip.jpg,58,Male,Indian
52_0_0_20170111195709447.jpg.chip.jpg,52,Male,White
31_1_0_20170117181604195.jpg.chip.jpg,31,Female,White
26_1_0_20170116235045805.jpg.chip.jpg,26,Female,White
46_0_0_20170104203848115.jpg.chip.jpg,46,Male,White
42_0_2_20170104192842031.jpg.chip.jpg,42,Male,Asian
1_1_2_20161219211316389.jpg.chip.jpg,1,Female,Asian
30_0_0_20170117144600491.jpg.chip.jpg,30,Male,White
8_1_0_20170109201724457.jpg.chip.jpg,8,Female,White
28_1_0_20170117121841046.jpg.chip.jpg,28,Female,White
41_0_4_20170104202035282.jpg.chip.jpg,41,Male,Others
5_0_4_20170103224719055.jpg.chip.jpg,5,Male,Others
32_1_1_20170113011927992.jpg.chip.jpg,32,Female,Black
34_0_2_20170119200711947.jpg.chip.jpg,34,Male,Asian
77_1_2_20170110175320274.jpg.chip.jpg,77,Female,Asian
56_0_1_20170113185207203.jpg.chip.jpg,56,Male,Black
37_0_1_20170116193808148.jpg.chip.jpg,37,Male,Black
14_1_0_20170103183504594.jpg.chip.jpg,14,Female,White
54_1_0_20170117171600659.jpg.chip.jpg,54,Female,White
31_1_1_20170117133156180.jpg.chip.jpg,31,Female,Black
28_0_1_20170113175230916.jpg.chip.jpg,28,Male,Black
75_1_1_20170110182126367.jpg.chip.jpg,75,Female,Black
26_0_2_20170116181246309.jpg.chip.jpg,26,Male,Asian
55_0_0_20170104212840141.jpg.chip.jpg,55,Male,White
4_1_2_20161219142601553.jpg.chip.jpg,4,Female,Asian
35_0_1_20170117183513718.jpg.chip.jpg,35,Male,Black
54_0_0_20170111201425519.jpg.chip.jpg,54,Male,White
32_0_1_20170113135737704.jpg.chip.jpg,32,Male,Black
38_0_3_20170119192003262.jpg.chip.jpg,38,Male,Indian
32_1_0_20170120220848324.jpg.chip.jpg,32,Female,White
26_1_0_20170117175311145.jpg.chip.jpg,26,Female,White
28_0_2_20170113190312841.jpg.chip.jpg,28,Male,Asian
2_1_2_20161219211300054.jpg.chip.jpg,2,Female,Asian
1_1_2_20161219153531852.jpg.chip.jpg,1,Female,Asian
19_1_4_20170103201653879.jpg.chip.jpg,19,Female,Others
3_1_0_20161220221915922.jpg.chip.jpg,3,Female,White
37_0_2_20170105163305795.jpg.chip.jpg,37,Male,Asian
29_1_2_20170105165156291.jpg.chip.jpg,29,Female,Asian
21_1_3_20170104222105822.jpg.chip.jpg,21,Female,Indian
24_1_2_20170116171642861.jpg.chip.jpg,24,Female,Asian
40_1_1_20170113012402513.jpg.chip.jpg,40,Female,Black
35_0_0_20170117172131883.jpg.chip.jpg,35,Male,White
2_1_2_20161219194346219.jpg.chip.jpg,2,Female,Asian
60_0_0_20170117160634375.jpg.chip.jpg,60,Male,White
33_1_0_20170116205749382.jpg.chip.jpg,33,Female,White
18_1_4_20170103223304623.jpg.chip.jpg,18,Female,Others
46_1_3_20170119204838888.jpg.chip.jpg,46,Female,Indian
35_0_0_20170117155112202.jpg.chip.jpg,35,Male,White
36_0_3_20170119201815957.jpg.chip.jpg,36,Male,Indian
42_0_1_20170117142655442.jpg.chip.jpg,42,Male,Black
45_0_3_20170119201251044.jpg.chip.jpg,45,Male,Indian
9_0_0_20170110224558724.jpg.chip.jpg,9,Male,White
4_1_4_20170103230711649.jpg.chip.jpg,4,Female,Others
16_1_0_20170104013358122.jpg.chip.jpg,16,Female,White
49_1_3_20170109141810902.jpg.chip.jpg,49,Female,Indian
30_1_0_20170117142803201.jpg.chip.jpg,30,Female,White
28_0_1_20170116194234082.jpg.chip.jpg,28,Male,Black
32_1_0_20170103181859185.jpg.chip.jpg,32,Female,White
35_1_1_20170117141052934.jpg.chip.jpg,35,Female,Black
42_1_0_20170105173320357.jpg.chip.jpg,42,Female,White
75_0_0_20170111201111541.jpg.chip.jpg,75,Male,White
1_1_0_20170109194432489.jpg.chip.jpg,1,Female,White
55_0_3_20170119171728191.jpg.chip.jpg,55,Male,Indian
2_0_3_20161220221558178.jpg.chip.jpg,2,Male,Indian
1_1_2_20161219202727078.jpg.chip.jpg,1,Female,Asian
26_1_0_20170116193157590.jpg.chip.jpg,26,Female,White
24_1_2_20170116174428658.jpg.chip.jpg,24,Female,Asian
67_1_0_20170120224807800.jpg.chip.jpg,67,Female,White
38_0_0_20170117191939980.jpg.chip.jpg,38,Male,White
2_0_0_20170104011011896.jpg.chip.jpg,2,Male,White
13_1_1_20170109203928107.jpg.chip.jpg,13,Female,Black
38_1_0_20170109002805707.jpg.chip.jpg,38,Female,White
62_0_0_20170104212928133.jpg.chip.jpg,62,Male,White
32_1_2_20170116192028254.jpg.chip.jpg,32,Female,Asian
42_0_2_20170104192610039.jpg.chip.jpg,42,Male,Asian
50_0_3_20170117144239634.jpg.chip.jpg,50,Male,Indian
78_0_1_20170116204857697.jpg.chip.jpg,78,Male,Black
26_1_2_20170116180217943.jpg.chip.jpg,26,Female,Asian
32_0_0_20170116205924224.jpg.chip.jpg,32,Male,White
43_0_1_20170113173701232.jpg.chip.jpg,43,Male,Black
70_0_0_20170117172631161.jpg.chip.jpg,70,Male,White
80_1_0_20170110140819226.jpg.chip.jpg,80,Female,White
26_0_3_20170119164220254.jpg.chip.jpg,26,Male,Indian
39_0_0_20170117184953833.jpg.chip.jpg,39,Male,White
72_0_0_20170111210133115.jpg.chip.jpg,72,Male,White
25_1_1_20170113180645637.jpg.chip.jpg,25,Female,Black
21_1_1_20170116215704702.jpg.chip.jpg,21,Female,Black
32_1_0_20170116221804392.jpg.chip.jpg,32,Female,White
1_1_0_20170109191140082.jpg.chip.jpg,1,Female,White
35_1_3_20170112211501949.jpg.chip.jpg,35,Female,Indian
30_0_0_20170117130639687.jpg.chip.jpg,30,Male,White
32_1_2_20170116175135519.jpg.chip.jpg,32,Female,Asian
26_1_1_20170116232407502.jpg.chip.jpg,26,Female,Black
31_1_0_20170117133121639.jpg.chip.jpg,31,Female,White
23_0_0_20170116221005536.jpg.chip.jpg,23,Male,White
44_0_0_20170113210127508.jpg.chip.jpg,44,Male,White
27_0_0_20170117013636316.jpg.chip.jpg,27,Male,White
60_0_0_20170120223345579.jpg.chip.jpg,60,Male,White
55_0_0_20170116232725357jpg.chip.jpg,55,Male,White
23_1_2_20170116173215428.jpg.chip.jpg,23,Female,Asian
15_1_0_20170109214516641.jpg.chip.jpg,15,Female,White
41_1_0_20170103182136025.jpg.chip.jpg,41,Female,White
45_0_1_20170113190556169.jpg.chip.jpg,45,Male,Black
23_1_2_20170105162514564.jpg.chip.jpg,23,Female,Asian
9_0_3_20170104225726769.jpg.chip.jpg,9,Male,Indian
23_0_0_20170116220953152.jpg.chip.jpg,23,Male,White
14_0_0_20170103201123159.jpg.chip.jpg,14,Male,White
32_0_1_20170117020356727.jpg.chip.jpg,32,Male,Black
30_1_0_20170117171117386.jpg.chip.jpg,30,Female,White
45_0_1_20170117170533401.jpg.chip.jpg,45,Male,Black
50_0_3_20170119211600321.jpg.chip.jpg,50,Male,Indian
38_0_1_20170116010930406.jpg.chip.jpg,38,Male,Black
26_0_1_20170113154951523.jpg.chip.jpg,26,Male,Black
35_1_0_20170117174759002.jpg.chip.jpg,35,Female,White
25_1_0_20170117141421609.jpg.chip.jpg,25,Female,White
29_1_0_20170103181717184.jpg.chip.jpg,29,Female,White
65_0_0_20170104185810566.jpg.chip.jpg,65,Male,White
35_0_1_20170117151527396.jpg.chip.jpg,35,Male,Black
44_0_0_20170117003404757.jpg.chip.jpg,44,Male,White
27_1_3_20170116200945357.jpg.chip.jpg,27,Female,Indian
41_0_1_20170117140422547.jpg.chip.jpg,41,Male,Black
32_1_3_20170119200440516.jpg.chip.jpg,32,Female,Indian
38_1_1_20170116010511938.jpg.chip.jpg,38,Female,Black
37_0_0_20170117171523531.jpg.chip.jpg,37,Male,White
22_1_0_20170112233734192.jpg.chip.jpg,22,Female,White
65_0_0_20170104184609437.jpg.chip.jpg,65,Male,White
26_1_1_20170113012233232.jpg.chip.jpg,26,Female,Black
1_1_0_20170109192015845.jpg.chip.jpg,1,Female,White
69_0_1_20170116205546933.jpg.chip.jpg,69,Male,Black
35_1_1_20170112231632006.jpg.chip.jpg,35,Female,Black
58_0_2_20170112222056864.jpg.chip.jpg,58,Male,Asian
26_1_1_20170116160850384.jpg.chip.jpg,26,Female,Black
21_0_4_20161223214834033.jpg.chip.jpg,21,Male,Others
56_1_1_20170110153339650.jpg.chip.jpg,56,Female,Black
61_1_0_20170117175120965.jpg.chip.jpg,61,Female,White
39_1_4_20170105001146812.jpg.chip.jpg,39,Female,Others
32_1_0_20170116200933417.jpg.chip.jpg,32,Female,White
33_1_3_20170109132139583.jpg.chip.jpg,33,Female,Indian
24_0_1_20170116002302626.jpg.chip.jpg,24,Male,Black
44_0_3_20170119171650408.jpg.chip.jpg,44,Male,Indian
20_1_4_20170103224540624.jpg.chip.jpg,20,Female,Others
66_1_0_20170110122200303.jpg.chip.jpg,66,Female,White
34_0_0_20170117021640307.jpg.chip.jpg,34,Male,White
29_1_1_20170116161645150.jpg.chip.jpg,29,Female,Black
2_0_2_20161219151144107.jpg.chip.jpg,2,Male,Asian
1_0_0_20161219211413621.jpg.chip.jpg,1,Male,White
45_0_3_20170119201221388.jpg.chip.jpg,45,Male,Indian
50_1_2_20170104023119069.jpg.chip.jpg,50,Female,Asian
31_1_2_20170104020928085.jpg.chip.jpg,31,Female,Asian
55_0_0_20170109011808484.jpg.chip.jpg,55,Male,White
24_1_0_20170117150642259.jpg.chip.jpg,24,Female,White
26_0_1_20170116210257827.jpg.chip.jpg,26,Male,Black
31_1_1_20170112222202714.jpg.chip.jpg,31,Female,Black
51_0_0_20170117164559526.jpg.chip.jpg,51,Male,White
26_0_2_20170117172618124.jpg.chip.jpg,26,Male,Asian
30_0_0_20170120220636164.jpg.chip.jpg,30,Male,White
24_0_0_20170117145910325.jpg.chip.jpg,24,Male,White
15_0_0_20170110225410802.jpg.chip.jpg,15,Male,White
68_0_0_20170111200435940.jpg.chip.jpg,68,Male,White
56_0_0_20170111203052213.jpg.chip.jpg,56,Male,White
45_0_1_20170117204117178.jpg.chip.jpg,45,Male,Black
25_0_1_20170113132617968.jpg.chip.jpg,25,Male,Black
1_0_3_20161219225121728.jpg.chip.jpg,1,Male,Indian
42_1_0_20170105000836339.jpg.chip.jpg,42,Female,White
25_1_3_20170104232002457.jpg.chip.jpg,25,Female,Indian
18_1_0_20170109214042490.jpg.chip.jpg,18,Female,White
18_0_1_20170113132626633.jpg.chip.jpg,18,Male,Black
4_1_3_20161219230310713.jpg.chip.jpg,4,Female,Indian
40_0_3_20170117135638072.jpg.chip.jpg,40,Male,Indian
25_1_1_20170116003258343.jpg.chip.jpg,25,Female,Black
43_0_0_20170117153817367.jpg.chip.jpg,43,Male,White
20_1_2_20170116165621526.jpg.chip.jpg,20,Female,Asian
78_1_1_20170113011857601.jpg.chip.jpg,78,Female,Black
32_0_0_20170117182429685.jpg.chip.jpg,32,Male,White
26_1_3_20170104223133454.jpg.chip.jpg,26,Female,Indian
49_1_0_20170109221146542.jpg.chip.jpg,49,Female,White
18_1_1_20170116164854853.jpg.chip.jpg,18,Female,Black
15_1_0_20170109214024612.jpg.chip.jpg,15,Female,White
53_0_3_20170119205842672.jpg.chip.jpg,53,Male,Indian
28_1_2_20170116161950375.jpg.chip.jpg,28,Female,Asian
28_0_1_20170117020144774.jpg.chip.jpg,28,Male,Black
2_1_2_20161219195008500.jpg.chip.jpg,2,Female,Asian
5_0_0_20170103205053570.jpg.chip.jpg,5,Male,White
24_0_0_20170117145820962.jpg.chip.jpg,24,Male,White
16_0_0_20170110232012908.jpg.chip.jpg,16,Male,White
59_1_0_20170110122835196.jpg.chip.jpg,59,Female,White
23_1_2_20170116173106418.jpg.chip.jpg,23,Female,Asian
55_1_3_20170119175053900.jpg.chip.jpg,55,Female,Indian
55_0_1_20170117191613534.jpg.chip.jpg,55,Male,Black
32_1_1_20170112215410367.jpg.chip.jpg,32,Female,Black
28_0_1_20170113142308413.jpg.chip.jpg,28,Male,Black
35_1_4_20170117200719931.jpg.chip.jpg,35,Female,Others
21_0_4_20170103230615993.jpg.chip.jpg,21,Male,Others
32_1_0_20170117121846946.jpg.chip.jpg,32,Female,White
48_1_0_20170119201528627.jpg.chip.jpg,48,Female,White
25_1_1_20170112192328981.jpg.chip.jpg,25,Female,Black
69_0_0_20170111200511915.jpg.chip.jpg,69,Male,White
27_0_0_20170105164547923.jpg.chip.jpg,27,Male,White
32_1_0_20170103180822745.jpg.chip.jpg,32,Female,White
26_1_0_20170117201904253.jpg.chip.jpg,26,Female,White
21_0_3_20170104230718873.jpg.chip.jpg,21,Male,Indian
29_0_1_20170113173049224.jpg.chip.jpg,29,Male,Black
19_0_1_20170114025936564.jpg.chip.jpg,19,Male,Black
4_1_3_20161220222145586.jpg.chip.jpg,4,Female,Indian
28_1_0_20170103182242233.jpg.chip.jpg,28,Female,White
38_1_0_20170116021831453.jpg.chip.jpg,38,Female,White
27_0_3_20170119193230098.jpg.chip.jpg,27,Male,Indian
54_0_0_20170117171442259.jpg.chip.jpg,54,Male,White
7_1_0_20170109205404516.jpg.chip.jpg,7,Female,White
30_1_0_20170117143933875.jpg.chip.jpg,30,Female,White
26_1_1_20170113012101312.jpg.chip.jpg,26,Female,Black
36_1_1_20170113001658573.jpg.chip.jpg,36,Female,Black
24_1_2_20170116192946857.jpg.chip.jpg,24,Female,Asian
18_1_0_20170117133441179.jpg.chip.jpg,18,Female,White
52_0_0_20170113181425181.jpg.chip.jpg,52,Male,White
27_1_0_20170116221800786.jpg.chip.jpg,27,Female,White
32_0_0_20170104200805226.jpg.chip.jpg,32,Male,White
18_1_0_20170109214248716.jpg.chip.jpg,18,Female,White
29_1_4_20170103180829632.jpg.chip.jpg,29,Female,Others
2_1_4_20161221195137728.jpg.chip.jpg,2,Female,Others
45_0_0_20170117192031378.jpg.chip.jpg,45,Male,White
67_1_0_20170110131843433.jpg.chip.jpg,67,Female,White
35_1_0_20170116201420399.jpg.chip.jpg,35,Female,White
28_0_3_20170119211807137.jpg.chip.jpg,28,Male,Indian
30_0_0_20170117141701441.jpg.chip.jpg,30,Male,White
25_0_4_20170116003106425.jpg.chip.jpg,25,Male,Others
26_1_1_20170116174208031.jpg.chip.jpg,26,Female,Black
21_1_2_20170116171712885.jpg.chip.jpg,21,Female,Asian
76_1_2_20170110182935621.jpg.chip.jpg,76,Female,Asian
26_0_4_20170117200626708.jpg.chip.jpg,26,Male,Others
23_1_3_20170104231559289.jpg.chip.jpg,23,Female,Indian
58_0_0_20170111201403999.jpg.chip.jpg,58,Male,White
20_0_0_20170116213501446.jpg.chip.jpg,20,Male,White
32_1_4_20170103230259201.jpg.chip.jpg,32,Female,Others
43_0_0_20170119204527446.jpg.chip.jpg,43,Male,White
28_0_1_20170117123923204.jpg.chip.jpg,28,Male,Black
59_0_0_20170111171747514.jpg.chip.jpg,59,Male,White
26_1_0_20170116180349689.jpg.chip.jpg,26,Female,White
2_0_2_20161219203358108.jpg.chip.jpg,2,Male,Asian
7_1_4_20170103212641884.jpg.chip.jpg,7,Female,Others
24_1_0_20170116220128735.jpg.chip.jpg,24,Female,White
26_0_3_20170120134528696.jpg.chip.jpg,26,Male,Indian
36_1_1_20170112231520246.jpg.chip.jpg,36,Female,Black
68_1_0_20170113210319664.jpg.chip.jpg,68,Female,White
42_0_0_20170119204427263.jpg.chip.jpg,42,Male,White
48_1_3_20170119195845924.jpg.chip.jpg,48,Female,Indian
47_0_3_20170119202123349.jpg.chip.jpg,47,Male,Indian
36_0_3_20170119183309303.jpg.chip.jpg,36,Male,Indian
27_1_1_20170113001031147.jpg.chip.jpg,27,Female,Black
3_0_2_20161219190447811.jpg.chip.jpg,3,Male,Asian
53_0_3_20170119164018532.jpg.chip.jpg,53,Male,Indian
26_1_1_20170113012119680.jpg.chip.jpg,26,Female,Black
33_0_0_20170104165103473.jpg.chip.jpg,33,Male,White
56_1_0_20170109132244248.jpg.chip.jpg,56,Female,White
24_1_0_20170116172723427.jpg.chip.jpg,24,Female,White
12_1_0_20170109204507030.jpg.chip.jpg,12,Female,White
30_0_2_20170116193953384.jpg.chip.jpg,30,Male,Asian
65_0_1_20170120222944643.jpg.chip.jpg,65,Male,Black
31_0_1_20170116214505667.jpg.chip.jpg,31,Male,Black
26_0_4_20170117195915493.jpg.chip.jpg,26,Male,Others
38_1_4_20170117203741155.jpg.chip.jpg,38,Female,Others
26_1_3_20170104232435586.jpg.chip.jpg,26,Female,Indian
23_1_2_20170116173150921.jpg.chip.jpg,23,Female,Asian
18_1_0_20170109214512153.jpg.chip.jpg,18,Female,White
43_0_4_20170104000923085.jpg.chip.jpg,43,Male,Others
42_0_0_20170117171624633.jpg.chip.jpg,42,Male,White
5_0_3_20170104225758624.jpg.chip.jpg,5,Male,Indian
36_1_1_20170112235521289.jpg.chip.jpg,36,Female,Black
27_0_3_20170119211454145.jpg.chip.jpg,27,Male,Indian
41_0_3_20170119204231207.jpg.chip.jpg,41,Male,Indian
36_0_1_20170113195937061.jpg.chip.jpg,36,Male,Black
1_0_2_20161219200242220.jpg.chip.jpg,1,Male,Asian
35_0_2_20170116191717131.jpg.chip.jpg,35,Male,Asian
59_0_0_20170109010613005.jpg.chip.jpg,59,Male,White
67_0_0_20170120225129440.jpg.chip.jpg,67,Male,White
25_1_2_20170116175222886.jpg.chip.jpg,25,Female,Asian
16_0_1_20170113155247627.jpg.chip.jpg,16,Male,Black
62_0_0_20170111200703518.jpg.chip.jpg,62,Male,White
26_1_0_20170116234649104.jpg.chip.jpg,26,Female,White
61_0_0_20170104185720734.jpg.chip.jpg,61,Male,White
76_1_3_20170110181654947.jpg.chip.jpg,76,Female,Indian
78_0_1_20170111222209093.jpg.chip.jpg,78,Male,Black
58_0_3_20170112205536547.jpg.chip.jpg,58,Male,Indian
39_1_4_20170104204507323.jpg.chip.jpg,39,Female,Others
19_1_1_20170114030824961.jpg.chip.jpg,19,Female,Black
36_1_0_20170110173815028.jpg.chip.jpg,36,Female,White
34_1_1_20170113001015235.jpg.chip.jpg,34,Female,Black
1_1_3_20161220145210271.jpg.chip.jpg,1,Female,Indian
55_1_0_20170103183939755.jpg.chip.jpg,55,Female,White
20_0_0_20170117140705537.jpg.chip.jpg,20,Male,White
20_1_0_20170117192932485.jpg.chip.jpg,20,Female,White
65_1_0_20170110143236073.jpg.chip.jpg,65,Female,White
55_0_0_20170117135302098.jpg.chip.jpg,55,Male,White
28_0_0_20170117202432502.jpg.chip.jpg,28,Male,White
26_1_2_20170116180655987.jpg.chip.jpg,26,Female,Asian
23_1_1_20170112203943260.jpg.chip.jpg,23,Female,Black
69_1_0_20170110153425759.jpg.chip.jpg,69,Female,White
56_0_1_20170120222838627.jpg.chip.jpg,56,Male,Black
27_1_3_20170119194421382.jpg.chip.jpg,27,Female,Indian
12_1_0_20170109203606169.jpg.chip.jpg,12,Female,White
54_0_0_20170113210127479.jpg.chip.jpg,54,Male,White
28_0_1_20170116221732374.jpg.chip.jpg,28,Male,Black
12_0_4_20170103200626630.jpg.chip.jpg,12,Male,Others
1_1_2_20161219162243182.jpg.chip.jpg,1,Female,Asian
21_1_1_20170113005849484.jpg.chip.jpg,21,Female,Black
39_1_4_20170117203758344.jpg.chip.jpg,39,Female,Others
36_0_2_20170104202606050.jpg.chip.jpg,36,Male,Asian
53_0_0_20170104184558814.jpg.chip.jpg,53,Male,White
76_0_0_20170120223813862.jpg.chip.jpg,76,Male,White
18_1_0_20170109212554810.jpg.chip.jpg,18,Female,White
58_0_2_20170116193604774.jpg.chip.jpg,58,Male,Asian
31_0_1_20170113135250690.jpg.chip.jpg,31,Male,Black
28_0_0_20170116212102377.jpg.chip.jpg,28,Male,White
25_1_0_20170109213630541.jpg.chip.jpg,25,Female,White
32_0_0_20170116221056300.jpg.chip.jpg,32,Male,White
47_0_4_20170103234841372.jpg.chip.jpg,47,Male,Others
26_0_3_20170119175440075.jpg.chip.jpg,26,Male,Indian
36_0_1_20170117163447723.jpg.chip.jpg,36,Male,Black
61_0_1_20170113174123835.jpg.chip.jpg,61,Male,Black
25_1_0_20170117140138784.jpg.chip.jpg,25,Female,White
48_1_1_20170117175130020.jpg.chip.jpg,48,Female,Black
39_0_0_20170117165645001.jpg.chip.jpg,39,Male,White
32_1_1_20170112224100250.jpg.chip.jpg,32,Female,Black
66_1_0_20170110123225778.jpg.chip.jpg,66,Female,White
32_1_0_20170117134803913.jpg.chip.jpg,32,Female,White
29_0_0_20170119195149987.jpg.chip.jpg,29,Male,White
7_0_0_20170110225211960.jpg.chip.jpg,7,Male,White
55_1_0_20170117155022829.jpg.chip.jpg,55,Female,White
3_0_0_20170110213628669.jpg.chip.jpg,3,Male,White
23_1_0_20170116211903141.jpg.chip.jpg,23,Female,White
26_1_1_20170116221012056.jpg.chip.jpg,26,Female,Black
48_0_3_20170119202429341.jpg.chip.jpg,48,Male,Indian
25_1_2_20170116174834599.jpg.chip.jpg,25,Female,Asian
55_0_0_20170117201004124.jpg.chip.jpg,55,Male,White
1_0_4_20170103202331712.jpg.chip.jpg,1,Male,Others
16_0_0_20170110231700274.jpg.chip.jpg,16,Male,White
22_1_2_20170116172702296.jpg.chip.jpg,22,Female,Asian
20_1_1_20170112230604949.jpg.chip.jpg,20,Female,Black
27_0_0_20170113210319553.jpg.chip.jpg,27,Male,White
55_1_1_20170112221944068.jpg.chip.jpg,55,Female,Black
29_1_1_20170113012557033.jpg.chip.jpg,29,Female,Black
28_0_4_20170103235541444.jpg.chip.jpg,28,Male,Others
27_0_2_20170116185018697.jpg.chip.jpg,27,Male,Asian
48_0_1_20170117165012988.jpg.chip.jpg,48,Male,Black
23_0_0_20170117144526121.jpg.chip.jpg,23,Male,White
5_1_1_20161220220819682.jpg.chip.jpg,5,Female,Black
44_0_3_20170119184239800.jpg.chip.jpg,44,Male,Indian
25_1_3_20170117151955147.jpg.chip.jpg,25,Female,Indian
56_1_0_20170110124233302.jpg.chip.jpg,56,Female,White
64_1_0_20170110140833569.jpg.chip.jpg,64,Female,White
1_0_0_20170109193647852.jpg.chip.jpg,1,Male,White
8_1_0_20170109202407288.jpg.chip.jpg,8,Female,White
2_1_2_20161219192142308.jpg.chip.jpg,2,Female,Asian
24_1_4_20170117194745325.jpg.chip.jpg,24,Female,Others
35_0_0_20170117180735041.jpg.chip.jpg,35,Male,White
51_0_3_20170119205626592.jpg.chip.jpg,51,Male,Indian
30_0_2_20170107212049636.jpg.chip.jpg,30,Male,Asian
23_1_1_20170112234048553.jpg.chip.jpg,23,Female,Black
10_1_0_20170109203512075.jpg.chip.jpg,10,Female,White
3_0_2_20161219160753533.jpg.chip.jpg,3,Male,Asian
26_1_0_20170116204809505.jpg.chip.jpg,26,Female,White
45_0_0_20170116224802992.jpg.chip.jpg,45,Male,White
22_1_4_20170103180220911.jpg.chip.jpg,22,Female,Others
35_0_1_20170120220430826.jpg.chip.jpg,35,Male,Black
50_0_2_20170116184741921.jpg.chip.jpg,50,Male,Asian
26_1_0_20170117173639429.jpg.chip.jpg,26,Female,White
31_0_0_20170113142314661.jpg.chip.jpg,31,Male,White
9_0_0_20170110221659430.jpg.chip.jpg,9,Male,White
16_0_4_20170103233832570.jpg.chip.jpg,16,Male,Others
53_0_0_20170117161109630.jpg.chip.jpg,53,Male,White
25_0_2_20170104192902767.jpg.chip.jpg,25,Male,Asian
19_1_4_20170102235050099.jpg.chip.jpg,19,Female,Others
32_0_2_20170117134716913.jpg.chip.jpg,32,Male,Asian
4_1_0_20170109192828745.jpg.chip.jpg,4,Female,White
35_0_3_20170117135015886.jpg.chip.jpg,35,Male,Indian
26_0_1_20170116205012718.jpg.chip.jpg,26,Male,Black
75_1_0_20170110180500719.jpg.chip.jpg,75,Female,White
27_0_2_20170116173713171.jpg.chip.jpg,27,Male,Asian
3_0_0_20170110212956113.jpg.chip.jpg,3,Male,White
10_1_1_20170109203520178.jpg.chip.jpg,10,Female,Black
24_1_3_20170119164716909.jpg.chip.jpg,24,Female,Indian
28_1_3_20170119194949914.jpg.chip.jpg,28,Female,Indian
26_0_1_20170113151702303.jpg.chip.jpg,26,Male,Black
15_1_2_20170104015856031.jpg.chip.jpg,15,Female,Asian
1_0_2_20161219141758721.jpg.chip.jpg,1,Male,Asian
40_1_0_20170117135406232.jpg.chip.jpg,40,Female,White
26_0_1_20170113151924968.jpg.chip.jpg,26,Male,Black
30_1_0_20170120220742867.jpg.chip.jpg,30,Female,White
35_0_0_20170120222700840.jpg.chip.jpg,35,Male,White
38_1_1_20170113005439788.jpg.chip.jpg,38,Female,Black
24_1_1_20170117022255162.jpg.chip.jpg,24,Female,Black
35_0_2_20170117154550028.jpg.chip.jpg,35,Male,Asian
29_0_1_20170116205004542.jpg.chip.jpg,29,Male,Black
36_1_0_20170104200945656.jpg.chip.jpg,36,Female,White
32_1_4_20170104000720352.jpg.chip.jpg,32,Female,Others
28_0_0_20170117145726220.jpg.chip.jpg,28,Male,White
49_1_0_20170104192623743.jpg.chip.jpg,49,Female,White
50_0_0_20170117151732148.jpg.chip.jpg,50,Male,White
35_1_0_20170117121936119.jpg.chip.jpg,35,Female,White
26_1_2_20170116175858597.jpg.chip.jpg,26,Female,Asian
80_1_0_20170110141320400.jpg.chip.jpg,80,Female,White
36_0_0_20170105172611117.jpg.chip.jpg,36,Male,White
56_1_0_20170110131719553.jpg.chip.jpg,56,Female,White
45_1_0_20170117193323733.jpg.chip.jpg,45,Female,White
46_1_1_20170113184212578.jpg.chip.jpg,46,Female,Black
13_1_0_20170109203230286.jpg.chip.jpg,13,Female,White
5_0_2_20161219142128680.jpg.chip.jpg,5,Male,Asian
1_0_2_20161219142306002.jpg.chip.jpg,1,Male,Asian
26_1_0_20170117201757542.jpg.chip.jpg,26,Female,White
63_0_1_20170117194925787.jpg.chip.jpg,63,Male,Black
36_1_0_20170117135852762.jpg.chip.jpg,36,Female,White
27_0_0_20170116205304488.jpg.chip.jpg,27,Male,White
18_1_4_20170103223037503.jpg.chip.jpg,18,Female,Others
26_0_0_20170116225120267.jpg.chip.jpg,26,Male,White
6_1_1_20161220220432570.jpg.chip.jpg,6,Female,Black
34_0_3_20170119162817677.jpg.chip.jpg,34,Male,Indian
16_1_0_20170102234728107.jpg.chip.jpg,16,Female,White
16_1_0_20170103163010615.jpg.chip.jpg,16,Female,White
17_0_1_20170116182122450.jpg.chip.jpg,17,Male,Black
1_0_2_20161219155859061.jpg.chip.jpg,1,Male,Asian
32_0_0_20170116211639626.jpg.chip.jpg,32,Male,White
26_1_0_20170116183936414.jpg.chip.jpg,26,Female,White
35_0_1_20170117204330048.jpg.chip.jpg,35,Male,Black
1_1_2_20161219194839971.jpg.chip.jpg,1,Female,Asian
26_1_1_20170116231829268.jpg.chip.jpg,26,Female,Black
55_0_0_20170120221856526.jpg.chip.jpg,55,Male,White
35_0_2_20170116184036787.jpg.chip.jpg,35,Male,Asian
52_1_3_20170109133955934.jpg.chip.jpg,52,Female,Indian
23_1_2_20170116173107723.jpg.chip.jpg,23,Female,Asian
58_0_1_20170120222527209.jpg.chip.jpg,58,Male,Black
26_1_2_20170116175341740.jpg.chip.jpg,26,Female,Asian
69_0_0_20170111203934092.jpg.chip.jpg,69,Male,White
24_1_2_20170116173512698.jpg.chip.jpg,24,Female,Asian
28_1_1_20170112213623429.jpg.chip.jpg,28,Female,Black
68_1_0_20170110141150729.jpg.chip.jpg,68,Female,White
76_1_2_20170110180413588.jpg.chip.jpg,76,Female,Asian
35_0_0_20170104201512505.jpg.chip.jpg,35,Male,White
72_1_0_20170110183431246.jpg.chip.jpg,72,Female,White
2_1_0_20170109191720148.jpg.chip.jpg,2,Female,White
77_0_2_20170112205445618.jpg.chip.jpg,77,Male,Asian
35_0_0_20170117180618449.jpg.chip.jpg,35,Male,White
28_0_1_20170117165019887.jpg.chip.jpg,28,Male,Black
9_1_0_20170109202813775.jpg.chip.jpg,9,Female,White
29_1_2_20170116164713504.jpg.chip.jpg,29,Female,Asian
74_1_0_20170110153238490.jpg.chip.jpg,74,Female,White
51_1_1_20170113182150518.jpg.chip.jpg,51,Female,Black
35_0_3_20170117182832156.jpg.chip.jpg,35,Male,Indian
26_1_1_20170117183713316.jpg.chip.jpg,26,Female,Black
39_1_0_20170104185638502.jpg.chip.jpg,39,Female,White
22_0_3_20170117143056386.jpg.chip.jpg,22,Male,Indian
8_1_1_20170113000012514.jpg.chip.jpg,8,Female,Black
80_0_0_20170117174413373.jpg.chip.jpg,80,Male,White
26_0_0_20170117173443951.jpg.chip.jpg,26,Male,White
37_0_3_20170119202302736.jpg.chip.jpg,37,Male,Indian
60_0_0_20170120223121330.jpg.chip.jpg,60,Male,White
3_0_3_20161219230550256.jpg.chip.jpg,3,Male,Indian
25_0_0_20170120134516424.jpg.chip.jpg,25,Male,White
60_1_1_20170113001648066.jpg.chip.jpg,60,Female,Black
67_0_3_20170119212010042.jpg.chip.jpg,67,Male,Indian
50_0_0_20170111171747294.jpg.chip.jpg,50,Male,White
48_0_3_20170119205323677.jpg.chip.jpg,48,Male,Indian
1_1_2_20161219195928428.jpg.chip.jpg,1,Female,Asian
3_1_0_20170109193021650.jpg.chip.jpg,3,Female,White
29_0_3_20170104230635409.jpg.chip.jpg,29,Male,Indian
31_0_1_20170117135505116.jpg.chip.jpg,31,Male,Black
34_1_0_20170103183107138.jpg.chip.jpg,34,Female,White
54_0_0_20170120223520757.jpg.chip.jpg,54,Male,White
35_1_1_20170112235023312.jpg.chip.jpg,35,Female,Black
35_1_1_20170117154025584.jpg.chip.jpg,35,Female,Black
23_0_0_20170113210319753.jpg.chip.jpg,23,Male,White
1_0_4_20161221193531198.jpg.chip.jpg,1,Male,Others
31_0_3_20170104231444482.jpg.chip.jpg,31,Male,Indian
27_0_1_20170116010418660.jpg.chip.jpg,27,Male,Black
46_1_1_20170113012755554.jpg.chip.jpg,46,Female,Black
9_0_1_20170110225612237.jpg.chip.jpg,9,Male,Black
55_0_0_20170120221404877.jpg.chip.jpg,55,Male,White
23_1_4_20170103223410718.jpg.chip.jpg,23,Female,Others
35_1_0_20170117144938562.jpg.chip.jpg,35,Female,White
40_1_0_20170117174753056.jpg.chip.jpg,40,Female,White
34_1_1_20170116012236821.jpg.chip.jpg,34,Female,Black
26_1_1_20170112213102254.jpg.chip.jpg,26,Female,Black
2_0_2_20161219222215999.jpg.chip.jpg,2,Male,Asian
70_0_0_20170111203945060.jpg.chip.jpg,70,Male,White
25_1_0_20170117134324860.jpg.chip.jpg,25,Female,White
20_1_1_20170113005500606.jpg.chip.jpg,20,Female,Black
2_0_2_20161219162614078.jpg.chip.jpg,2,Male,Asian
28_1_3_20170104222837663.jpg.chip.jpg,28,Female,Indian
37_0_0_20170104202623003.jpg.chip.jpg,37,Male,White
51_0_0_20170111171747335.jpg.chip.jpg,51,Male,White
60_0_0_20170111205244694.jpg.chip.jpg,60,Male,White
51_1_3_20170104232315523.jpg.chip.jpg,51,Female,Indian
28_1_2_201701161846515488.jpg.chip.jpg,28,Female,Asian
32_0_0_20170117154734499.jpg.chip.jpg,32,Male,White
65_0_0_20170111210002336.jpg.chip.jpg,65,Male,White
43_0_4_20170104174223892.jpg.chip.jpg,43,Male,Others
29_1_2_20170116192021943.jpg.chip.jpg,29,Female,Asian
55_0_0_20170117191627092.jpg.chip.jpg,55,Male,White
28_0_0_20170117121808358.jpg.chip.jpg,28,Male,White
25_1_1_20170117142853127.jpg.chip.jpg,25,Female,Black
25_0_3_20170119171616945.jpg.chip.jpg,25,Male,Indian
40_0_0_20170113141758342.jpg.chip.jpg,40,Male,White
65_0_1_20170120223824820.jpg.chip.jpg,65,Male,Black
30_0_0_20170117151826355.jpg.chip.jpg,30,Male,White
50_0_0_20170116192846910.jpg.chip.jpg,50,Male,White
26_1_1_20170116021949852.jpg.chip.jpg,26,Female,Black
1_1_4_20161221202050009.jpg.chip.jpg,1,Female,Others
25_1_3_20170104222511735.jpg.chip.jpg,25,Female,Indian
29_1_3_20170116162100478.jpg.chip.jpg,29,Female,Indian
26_1_1_20170112224805692.jpg.chip.jpg,26,Female,Black
35_0_1_20170116235207950.jpg.chip.jpg,35,Male,Black
53_0_0_20170104210256884.jpg.chip.jpg,53,Male,White
54_0_0_20170104212522653.jpg.chip.jpg,54,Male,White
60_0_0_20170117162820707.jpg.chip.jpg,60,Male,White
65_1_0_20170110175333844.jpg.chip.jpg,65,Female,White
29_1_2_20170104170017137.jpg.chip.jpg,29,Female,Asian
42_0_0_20170117134404818.jpg.chip.jpg,42,Male,White
32_0_3_20170119200338892.jpg.chip.jpg,32,Male,Indian
21_1_1_20170114031645470.jpg.chip.jpg,21,Female,Black
32_0_1_20170113173613939.jpg.chip.jpg,32,Male,Black
1_1_3_20161220143404575.jpg.chip.jpg,1,Female,Indian
52_0_0_20170111203351228.jpg.chip.jpg,52,Male,White
75_0_0_20170117163552393.jpg.chip.jpg,75,Male,White
23_1_2_20170116173049386.jpg.chip.jpg,23,Female,Asian
46_1_4_20170104172709843.jpg.chip.jpg,46,Female,Others
18_0_3_20170104225805617.jpg.chip.jpg,18,Male,Indian
78_0_1_20170117190604291.jpg.chip.jpg,78,Male,Black
25_1_2_20170104015651372.jpg.chip.jpg,25,Female,Asian
28_1_3_20170119195104970.jpg.chip.jpg,28,Female,Indian
25_0_1_20170116205335757.jpg.chip.jpg,25,Male,Black
54_0_3_20170119164452509.jpg.chip.jpg,54,Male,Indian
61_1_3_20170119211903336.jpg.chip.jpg,61,Female,Indian
35_1_1_20170113011402287.jpg.chip.jpg,35,Female,Black
23_0_2_20170116172908582.jpg.chip.jpg,23,Male,Asian
23_0_2_20170116172856091.jpg.chip.jpg,23,Male,Asian
30_0_2_20170116174814595.jpg.chip.jpg,30,Male,Asian
30_0_1_20170113133719624.jpg.chip.jpg,30,Male,Black
12_0_3_20170104225715968.jpg.chip.jpg,12,Male,Indian
18_1_0_20170103201359471.jpg.chip.jpg,18,Female,White
45_0_0_20170117155740145.jpg.chip.jpg,45,Male,White
54_0_3_20170119211628321.jpg.chip.jpg,54,Male,Indian
53_1_1_20170110125140922.jpg.chip.jpg,53,Female,Black
26_1_0_20170112213001988.jpg.chip.jpg,26,Female,White
24_0_2_20170116170903688.jpg.chip.jpg,24,Male,Asian
4_1_3_20161219224833967.jpg.chip.jpg,4,Female,Indian
8_1_4_20170109202753127.jpg.chip.jpg,8,Female,Others
52_0_0_20170104212848023.jpg.chip.jpg,52,Male,White
34_0_1_20170113142048204.jpg.chip.jpg,34,Male,Black
35_1_2_20170117171219155.jpg.chip.jpg,35,Female,Asian
26_0_1_20170103180959080.jpg.chip.jpg,26,Male,Black
54_1_1_20170117141758139.jpg.chip.jpg,54,Female,Black
14_0_0_20170110224441502.jpg.chip.jpg,14,Male,White
26_0_4_20170117195846957.jpg.chip.jpg,26,Male,Others
35_1_0_20170113001111066.jpg.chip.jpg,35,Female,White
58_0_0_20170120224603295.jpg.chip.jpg,58,Male,White
1_0_0_20170110212652648.jpg.chip.jpg,1,Male,White
22_0_2_20170104021129925.jpg.chip.jpg,22,Male,Asian
26_1_2_20170116163918033.jpg.chip.jpg,26,Female,Asian
3_1_0_20170109191755912.jpg.chip.jpg,3,Female,White
22_1_4_20170103233328523.jpg.chip.jpg,22,Female,Others
25_0_3_20170119144441117.jpg.chip.jpg,25,Male,Indian
22_1_1_20170113010348670.jpg.chip.jpg,22,Female,Black
34_0_1_20170117141530204.jpg.chip.jpg,34,Male,Black
38_0_2_20170104205949499.jpg.chip.jpg,38,Male,Asian
49_1_0_20170109220434368.jpg.chip.jpg,49,Female,White
40_0_0_20170117170636232.jpg.chip.jpg,40,Male,White
52_1_0_20170110122705423.jpg.chip.jpg,52,Female,White
26_0_3_20170119160406155.jpg.chip.jpg,26,Male,Indian
51_0_0_20170113183747149.jpg.chip.jpg,51,Male,White
5_1_0_20170109194115394.jpg.chip.jpg,5,Female,White
34_1_1_20170104011329697.jpg.chip.jpg,34,Female,Black
36_0_1_20170113161345795.jpg.chip.jpg,36,Male,Black
26_0_0_20170113210127157.jpg.chip.jpg,26,Male,White
26_0_0_20170105162452859.jpg.chip.jpg,26,Male,White
23_1_0_20170112234124928.jpg.chip.jpg,23,Female,White
1_0_0_20170110212712576.jpg.chip.jpg,1,Male,White
48_0_0_20170104212017204.jpg.chip.jpg,48,Male,White
67_1_0_20170110152923990.jpg.chip.jpg,67,Female,White
45_0_0_20170120221758572.jpg.chip.jpg,45,Male,White
31_0_3_20170119195953620.jpg.chip.jpg,31,Male,Indian
69_1_0_20170110122730511.jpg.chip.jpg,69,Female,White
33_1_0_20170105161501346.jpg.chip.jpg,33,Female,White
1_1_0_20170109192729677.jpg.chip.jpg,1,Female,White
61_0_0_20170117194413929.jpg.chip.jpg,61,Male,White
25_0_0_20170117141324807.jpg.chip.jpg,25,Male,White
1_0_4_20170103202401551.jpg.chip.jpg,1,Male,Others
35_0_0_20170113134346250.jpg.chip.jpg,35,Male,White
35_0_1_20170117010039479.jpg.chip.jpg,35,Male,Black
13_0_0_20170110224801290.jpg.chip.jpg,13,Male,White
68_0_0_20170111205927835.jpg.chip.jpg,68,Male,White
53_1_0_20170110124135439.jpg.chip.jpg,53,Female,White
6_1_2_20161219151445563.jpg.chip.jpg,6,Female,Asian
1_0_3_20161219225846512.jpg.chip.jpg,1,Male,Indian
26_0_1_20170113182601062.jpg.chip.jpg,26,Male,Black
40_1_1_20170116223441453.jpg.chip.jpg,40,Female,Black
75_0_3_20170112224003785.jpg.chip.jpg,75,Male,Indian
7_1_2_20170104005105015.jpg.chip.jpg,7,Female,Asian
5_0_0_20170110212809381.jpg.chip.jpg,5,Male,White
35_0_1_20170113155220675.jpg.chip.jpg,35,Male,Black
26_1_2_20170116192923098.jpg.chip.jpg,26,Female,Asian
27_0_1_20170116001407357.jpg.chip.jpg,27,Male,Black
32_1_0_20170117134809503.jpg.chip.jpg,32,Female,White
34_0_0_20170104204354155.jpg.chip.jpg,34,Male,White
14_0_0_20170110225405549.jpg.chip.jpg,14,Male,White
36_0_0_20170104172701786.jpg.chip.jpg,36,Male,White
3_0_1_20170119145547519.jpg.chip.jpg,3,Male,Black
3_1_3_20161219230328993.jpg.chip.jpg,3,Female,Indian
47_0_0_20170116205559481.jpg.chip.jpg,47,Male,White
30_1_2_20170116191309887.jpg.chip.jpg,30,Female,Asian
14_1_3_20170104013523266.jpg.chip.jpg,14,Female,Indian
79_0_0_20170111222511980.jpg.chip.jpg,79,Male,White
29_0_2_20170116172141170.jpg.chip.jpg,29,Male,Asian
18_0_1_20170109214734802.jpg.chip.jpg,18,Male,Black
32_1_0_20170103181759833.jpg.chip.jpg,32,Female,White
37_1_0_20170109002419306.jpg.chip.jpg,37,Female,White
27_1_3_20170117175954467.jpg.chip.jpg,27,Female,Indian
26_0_0_20170113210604209.jpg.chip.jpg,26,Male,White
77_1_0_20170120221930573.jpg.chip.jpg,77,Female,White
28_0_2_20170116164352558.jpg.chip.jpg,28,Male,Asian
1_1_3_20161220220521921.jpg.chip.jpg,1,Female,Indian
5_1_0_20170116211929173.jpg.chip.jpg,5,Female,White
18_1_0_20170109213945602.jpg.chip.jpg,18,Female,White
26_1_3_20170119193149977.jpg.chip.jpg,26,Female,Indian
26_0_1_20170116010019224.jpg.chip.jpg,26,Male,Black
45_0_3_20170119171812944.jpg.chip.jpg,45,Male,Indian
26_0_0_20170117153343071.jpg.chip.jpg,26,Male,White
25_0_1_20170113151453752.jpg.chip.jpg,25,Male,Black
21_0_2_20170117193634310.jpg.chip.jpg,21,Male,Asian
54_0_4_20170104212531845.jpg.chip.jpg,54,Male,Others
21_1_0_20170117142338224.jpg.chip.jpg,21,Female,White
21_0_1_20170113133117587.jpg.chip.jpg,21,Male,Black
40_1_1_20170116211626424.jpg.chip.jpg,40,Female,Black
76_1_0_20170110160644096.jpg.chip.jpg,76,Female,White
54_0_3_20170119184252470.jpg.chip.jpg,54,Male,Indian
70_1_3_20170119150943854.jpg.chip.jpg,70,Female,Indian
22_1_3_20170104222830398.jpg.chip.jpg,22,Female,Indian
29_1_3_20170104222730103.jpg.chip.jpg,29,Female,Indian
51_1_0_20170110123530286.jpg.chip.jpg,51,Female,White
29_1_0_20170103181425489.jpg.chip.jpg,29,Female,White
3_0_0_20170110213746269.jpg.chip.jpg,3,Male,White
76_0_0_20170111171747674.jpg.chip.jpg,76,Male,White
23_1_3_20170119164557957.jpg.chip.jpg,23,Female,Indian
1_0_2_20161219212535950.jpg.chip.jpg,1,Male,Asian
25_1_1_20170112205215428.jpg.chip.jpg,25,Female,Black
65_0_0_20170120223720869.jpg.chip.jpg,65,Male,White
58_1_0_20170105173601797.jpg.chip.jpg,58,Female,White
67_0_0_20170117192237235.jpg.chip.jpg,67,Male,White
40_0_0_20170117180244078.jpg.chip.jpg,40,Male,White
27_0_3_20170104230153993.jpg.chip.jpg,27,Male,Indian
6_1_1_20170117201200086.jpg.chip.jpg,6,Female,Black
29_1_0_20170103181157688.jpg.chip.jpg,29,Female,White
2_0_0_20170110211501002.jpg.chip.jpg,2,Male,White
8_1_4_20170103214220325.jpg.chip.jpg,8,Female,Others
35_1_3_20170117154845502.jpg.chip.jpg,35,Female,Indian
23_0_3_20170119164316726.jpg.chip.jpg,23,Male,Indian
26_1_1_20170116170901103.jpg.chip.jpg,26,Female,Black
24_1_3_20161220221647314.jpg.chip.jpg,24,Female,Indian
69_1_0_20170110141848983.jpg.chip.jpg,69,Female,White
27_0_0_20170117120152773.jpg.chip.jpg,27,Male,White
26_0_0_20170117000343982.jpg.chip.jpg,26,Male,White
37_1_0_20170117135937931.jpg.chip.jpg,37,Female,White
5_1_4_20161223232140509.jpg.chip.jpg,5,Female,Others
5_1_0_20161220220850074.jpg.chip.jpg,5,Female,White
10_1_2_20170116175840105.jpg.chip.jpg,10,Female,Asian
29_0_1_20170116205643042.jpg.chip.jpg,29,Male,Black
17_1_0_20170109204406514.jpg.chip.jpg,17,Female,White
32_1_0_20170117134813347.jpg.chip.jpg,32,Female,White
54_1_0_20170117171807243.jpg.chip.jpg,54,Female,White
37_0_0_20170104205841436.jpg.chip.jpg,37,Male,White
40_0_3_20170117170421496.jpg.chip.jpg,40,Male,Indian
24_1_1_20170115235756393.jpg.chip.jpg,24,Female,Black
38_0_0_20170117120714034.jpg.chip.jpg,38,Male,White
26_1_0_20170116233751506.jpg.chip.jpg,26,Female,White
52_1_0_20170109220625669.jpg.chip.jpg,52,Female,White
35_0_0_20170119200919084.jpg.chip.jpg,35,Male,White
63_1_1_20170113190755479.jpg.chip.jpg,63,Female,Black
30_0_1_20170113155013364.jpg.chip.jpg,30,Male,Black
25_0_1_20170116001410569.jpg.chip.jpg,25,Male,Black
45_0_3_20170119201952141.jpg.chip.jpg,45,Male,Indian
27_1_3_20170104222326719.jpg.chip.jpg,27,Female,Indian
26_1_3_20170119192546129.jpg.chip.jpg,26,Female,Indian
50_0_3_20170119205537439.jpg.chip.jpg,50,Male,Indian
9_0_0_20170110225229812.jpg.chip.jpg,9,Male,White
25_1_2_20170116174838291.jpg.chip.jpg,25,Female,Asian
35_0_3_20170104214739069.jpg.chip.jpg,35,Male,Indian
58_0_0_20170109013804774.jpg.chip.jpg,58,Male,White
68_0_0_20170111204834965.jpg.chip.jpg,68,Male,White
35_0_2_20170116161354789.jpg.chip.jpg,35,Male,Asian
31_1_3_20170104223106921.jpg.chip.jpg,31,Female,Indian
24_0_3_20170119165522935.jpg.chip.jpg,24,Male,Indian
67_1_0_20170110143329621.jpg.chip.jpg,67,Female,White
31_1_4_20161221193717222.jpg.chip.jpg,31,Female,Others
38_1_1_20170113012502193.jpg.chip.jpg,38,Female,Black
27_0_2_20161219192534211.jpg.chip.jpg,27,Male,Asian
18_1_0_20170109214215051.jpg.chip.jpg,18,Female,White
26_0_1_20170116235019054.jpg.chip.jpg,26,Male,Black
1_0_3_20161219224941016.jpg.chip.jpg,1,Male,Indian
24_0_2_20170116171647508.jpg.chip.jpg,24,Male,Asian
26_0_1_20170113134358506.jpg.chip.jpg,26,Male,Black
51_1_0_20170117190835331.jpg.chip.jpg,51,Female,White
24_1_2_20170104015713028.jpg.chip.jpg,24,Female,Asian
70_0_1_20170113175514412.jpg.chip.jpg,70,Male,Black
33_0_0_20170105165208905.jpg.chip.jpg,33,Male,White
71_0_0_20170111204446510.jpg.chip.jpg,71,Male,White
36_1_3_20170117183338262.jpg.chip.jpg,36,Female,Indian
45_0_3_20170119195752949.jpg.chip.jpg,45,Male,Indian
28_1_3_20170119195104372.jpg.chip.jpg,28,Female,Indian
58_0_3_20170119211704736.jpg.chip.jpg,58,Male,Indian
24_0_2_20170116165047009.jpg.chip.jpg,24,Male,Asian
46_0_0_20170104183946093.jpg.chip.jpg,46,Male,White
44_1_0_20170105001250091.jpg.chip.jpg,44,Female,White
26_1_1_20170116174149455.jpg.chip.jpg,26,Female,Black
30_1_3_20170104231945705.jpg.chip.jpg,30,Female,Indian
36_0_3_20170109140426932.jpg.chip.jpg,36,Male,Indian
27_1_2_20170116163618474.jpg.chip.jpg,27,Female,Asian
36_0_4_20170117203502182.jpg.chip.jpg,36,Male,Others
15_1_1_20170112191208424.jpg.chip.jpg,15,Female,Black
32_1_4_20170116201655721.jpg.chip.jpg,32,Female,Others
50_1_0_20170117143959322.jpg.chip.jpg,50,Female,White
25_0_0_20170116222911780.jpg.chip.jpg,25,Male,White
23_1_1_20170117194137453.jpg.chip.jpg,23,Female,Black
24_1_4_20170117194806829.jpg.chip.jpg,24,Female,Others
36_1_1_20170116223054510.jpg.chip.jpg,36,Female,Black
22_0_3_20170117143018402.jpg.chip.jpg,22,Male,Indian
40_0_0_20170117182353980.jpg.chip.jpg,40,Male,White
8_0_0_20170110220147098.jpg.chip.jpg,8,Male,White
4_1_2_20161219221140063.jpg.chip.jpg,4,Female,Asian
42_1_0_20170117154913871.jpg.chip.jpg,42,Female,White
29_1_3_20170109135815848.jpg.chip.jpg,29,Female,Indian
35_0_0_20170117183007140.jpg.chip.jpg,35,Male,White
8_1_0_20170109202901798.jpg.chip.jpg,8,Female,White
16_0_0_20170110232803098.jpg.chip.jpg,16,Male,White
30_0_2_20170116192556571.jpg.chip.jpg,30,Male,Asian
28_0_3_20170119194455730.jpg.chip.jpg,28,Male,Indian
30_0_2_20170116173655735.jpg.chip.jpg,30,Male,Asian
30_1_1_20170112231841071.jpg.chip.jpg,30,Female,Black
25_0_0_20170119171125583.jpg.chip.jpg,25,Male,White
38_0_3_20170117142039804.jpg.chip.jpg,38,Male,Indian
29_0_1_20170117095004448.jpg.chip.jpg,29,Male,Black
32_0_0_20170117120858247.jpg.chip.jpg,32,Male,White
61_0_0_20170104170114128.jpg.chip.jpg,61,Male,White
4_0_2_20161219201254277.jpg.chip.jpg,4,Male,Asian
26_0_4_20170117195554244.jpg.chip.jpg,26,Male,Others
2_0_2_20161219162343270.jpg.chip.jpg,2,Male,Asian
37_1_0_20170117022104951.jpg.chip.jpg,37,Female,White
39_0_3_20170119175458883.jpg.chip.jpg,39,Male,Indian
69_1_0_20170110140940217.jpg.chip.jpg,69,Female,White
9_0_0_20170110220625994.jpg.chip.jpg,9,Male,White
23_0_3_20170119153304574.jpg.chip.jpg,23,Male,Indian
25_1_1_20170112205154091.jpg.chip.jpg,25,Female,Black
4_1_3_20161219224506577.jpg.chip.jpg,4,Female,Indian
6_0_4_20161221200807209.jpg.chip.jpg,6,Male,Others
20_0_0_20170117134631710.jpg.chip.jpg,20,Male,White
25_1_3_20170104222315121.jpg.chip.jpg,25,Female,Indian
50_0_0_20170120221455142.jpg.chip.jpg,50,Male,White
66_1_1_20170110153026621.jpg.chip.jpg,66,Female,Black
26_0_1_20170116204830651.jpg.chip.jpg,26,Male,Black
14_1_0_20170109204321875.jpg.chip.jpg,14,Female,White
26_0_1_20170117173148204.jpg.chip.jpg,26,Male,Black
30_1_3_20170109134035009.jpg.chip.jpg,30,Female,Indian
23_1_1_20170113010455151.jpg.chip.jpg,23,Female,Black
63_1_1_20170110120101291.jpg.chip.jpg,63,Female,Black
40_0_0_20170117120759137.jpg.chip.jpg,40,Male,White
27_0_1_20170117010714017.jpg.chip.jpg,27,Male,Black
49_0_3_20170109011146753.jpg.chip.jpg,49,Male,Indian
60_0_0_20170113184804864.jpg.chip.jpg,60,Male,White
35_0_0_20170117134934676.jpg.chip.jpg,35,Male,White
24_1_3_20170117150733821.jpg.chip.jpg,24,Female,Indian
28_1_2_20170116172601009.jpg.chip.jpg,28,Female,Asian
38_1_0_20170117154139859.jpg.chip.jpg,38,Female,White
16_0_4_20170110231631592.jpg.chip.jpg,16,Male,Others
35_1_1_20170116222842436.jpg.chip.jpg,35,Female,Black
46_0_3_20170109141827947.jpg.chip.jpg,46,Male,Indian
28_0_2_20170116172213528.jpg.chip.jpg,28,Male,Asian
26_0_2_20170116210411437.jpg.chip.jpg,26,Male,Asian
32_0_3_20170119184229278.jpg.chip.jpg,32,Male,Indian
35_0_0_20170117152434773.jpg.chip.jpg,35,Male,White
9_1_2_20161219190524395.jpg.chip.jpg,9,Female,Asian
35_1_1_20170113001650939.jpg.chip.jpg,35,Female,Black
60_1_0_20170110141826799.jpg.chip.jpg,60,Female,White
53_1_1_20170117175751930.jpg.chip.jpg,53,Female,Black
35_0_0_20170117191728610.jpg.chip.jpg,35,Male,White
27_1_2_20170116165628229.jpg.chip.jpg,27,Female,Asian
42_0_4_20170104202505130.jpg.chip.jpg,42,Male,Others
32_0_1_20170113142343044.jpg.chip.jpg,32,Male,Black
34_1_0_20170105164257004.jpg.chip.jpg,34,Female,White
20_0_0_20170113132609281.jpg.chip.jpg,20,Male,White
31_1_3_20170104223321247.jpg.chip.jpg,31,Female,Indian
26_1_1_20170116222453317.jpg.chip.jpg,26,Female,Black
74_1_0_20170120225441633.jpg.chip.jpg,74,Female,White
35_0_0_20170117170519707.jpg.chip.jpg,35,Male,White
66_0_3_20170119153511665.jpg.chip.jpg,66,Male,Indian
45_0_0_20170117182703981.jpg.chip.jpg,45,Male,White
26_0_1_20170105183720623.jpg.chip.jpg,26,Male,Black
26_1_1_20170116232255273.jpg.chip.jpg,26,Female,Black
27_0_0_20170117114918781.jpg.chip.jpg,27,Male,White
45_0_0_20170117185253753.jpg.chip.jpg,45,Male,White
5_0_3_20161220220614792.jpg.chip.jpg,5,Male,Indian
36_0_1_20170116144540721.jpg.chip.jpg,36,Male,Black
42_1_0_20170113000148605.jpg.chip.jpg,42,Female,White
28_1_3_20170104221016727.jpg.chip.jpg,28,Female,Indian
31_0_2_20170116170837254.jpg.chip.jpg,31,Male,Asian
26_0_1_20170117200108853.jpg.chip.jpg,26,Male,Black
30_1_2_20170116180713266.jpg.chip.jpg,30,Female,Asian
45_0_4_20170117201123717.jpg.chip.jpg,45,Male,Others
1_0_2_20161219193903835.jpg.chip.jpg,1,Male,Asian
65_1_0_20170110152931044.jpg.chip.jpg,65,Female,White
18_0_0_20170110232054251.jpg.chip.jpg,18,Male,White
1_1_0_20161220142938007.jpg.chip.jpg,1,Female,White
32_1_2_20170104170327891.jpg.chip.jpg,32,Female,Asian
32_0_0_20170117133625422.jpg.chip.jpg,32,Male,White
26_1_3_20170104223022663.jpg.chip.jpg,26,Female,Indian
35_1_1_20170113012818161.jpg.chip.jpg,35,Female,Black
2_1_2_20161219212324493.jpg.chip.jpg,2,Female,Asian
26_0_1_20170116193228728.jpg.chip.jpg,26,Male,Black
48_0_0_20170117153924476.jpg.chip.jpg,48,Male,White
69_0_0_20170109011208585.jpg.chip.jpg,69,Male,White
55_0_1_20170113195601362.jpg.chip.jpg,55,Male,Black
26_0_2_20170116175945939.jpg.chip.jpg,26,Male,Asian
27_1_0_20170117010411661.jpg.chip.jpg,27,Female,White
24_1_4_20170117194848067.jpg.chip.jpg,24,Female,Others
56_0_0_20170111222411632.jpg.chip.jpg,56,Male,White
1_1_2_20161219212221341.jpg.chip.jpg,1,Female,Asian
55_0_3_20170119201108715.jpg.chip.jpg,55,Male,Indian
37_0_0_20170104201816626.jpg.chip.jpg,37,Male,White
4_1_0_20170109192308345.jpg.chip.jpg,4,Female,White
24_1_0_20170116220317125.jpg.chip.jpg,24,Female,White
8_0_0_20170103210815996.jpg.chip.jpg,8,Male,White
45_0_0_20170117180132412.jpg.chip.jpg,45,Male,White
28_0_0_20170117142910226.jpg.chip.jpg,28,Male,White
1_0_3_20161219230749432.jpg.chip.jpg,1,Male,Indian
17_0_3_20170104230447112.jpg.chip.jpg,17,Male,Indian
26_1_1_20170116223109423.jpg.chip.jpg,26,Female,Black
23_1_0_20170117144901132.jpg.chip.jpg,23,Female,White
55_0_0_20170117191559491.jpg.chip.jpg,55,Male,White
28_0_3_20170119194509691.jpg.chip.jpg,28,Male,Indian
26_0_3_20170119183721996.jpg.chip.jpg,26,Male,Indian
5_1_2_20161219151834275.jpg.chip.jpg,5,Female,Asian
27_1_1_20170117120629605.jpg.chip.jpg,27,Female,Black
20_1_0_20170109212911927.jpg.chip.jpg,20,Female,White
26_1_3_20170119193113194.jpg.chip.jpg,26,Female,Indian
3_1_0_20170110213304238.jpg.chip.jpg,3,Female,White
30_1_3_20170119204037590.jpg.chip.jpg,30,Female,Indian
62_0_3_20170109015431667.jpg.chip.jpg,62,Male,Indian
75_0_2_20170112220535400.jpg.chip.jpg,75,Male,Asian
25_1_0_20170116211727465.jpg.chip.jpg,25,Female,White
42_0_3_20170117154750955.jpg.chip.jpg,42,Male,Indian
50_0_3_20170119194914299.jpg.chip.jpg,50,Male,Indian
29_1_3_20170119195533364.jpg.chip.jpg,29,Female,Indian
2_1_4_20161221202110987.jpg.chip.jpg,2,Female,Others
47_0_0_20170104211906453.jpg.chip.jpg,47,Male,White
30_0_2_20170104022125085.jpg.chip.jpg,30,Male,Asian
26_1_3_20170117154838647.jpg.chip.jpg,26,Female,Indian
3_1_2_20161219204143341.jpg.chip.jpg,3,Female,Asian
30_1_0_20170117181548404.jpg.chip.jpg,30,Female,White
28_1_3_20170119194924075.jpg.chip.jpg,28,Female,Indian
53_0_3_20170119181123292.jpg.chip.jpg,53,Male,Indian
16_0_0_20170110231909175.jpg.chip.jpg,16,Male,White
54_0_0_20170111201637797.jpg.chip.jpg,54,Male,White
39_1_2_20170103182754641.jpg.chip.jpg,39,Female,Asian
27_0_3_20170117175425208.jpg.chip.jpg,27,Male,Indian
1_0_2_20161219221908887.jpg.chip.jpg,1,Male,Asian
1_0_0_20170110212658392.jpg.chip.jpg,1,Male,White
31_1_1_20170112231608655.jpg.chip.jpg,31,Female,Black
71_0_0_20170120225501322.jpg.chip.jpg,71,Male,White
32_0_3_20170119160307619.jpg.chip.jpg,32,Male,Indian
1_0_3_20161219230714633.jpg.chip.jpg,1,Male,Indian
56_0_2_20170105163513651.jpg.chip.jpg,56,Male,Asian
35_0_0_20170117135217922.jpg.chip.jpg,35,Male,White
23_1_2_20170116173018704.jpg.chip.jpg,23,Female,Asian
23_1_2_20170102235032243.jpg.chip.jpg,23,Female,Asian
40_0_0_20170117150100146.jpg.chip.jpg,40,Male,White
26_1_1_20170116164434468.jpg.chip.jpg,26,Female,Black
35_1_0_20170116222748208.jpg.chip.jpg,35,Female,White
35_0_2_20170116191758774.jpg.chip.jpg,35,Male,Asian
36_1_1_20170116234813239.jpg.chip.jpg,36,Female,Black
30_1_0_20170116191956794.jpg.chip.jpg,30,Female,White
21_0_4_20161223214834745.jpg.chip.jpg,21,Male,Others
55_1_3_20170119180703420.jpg.chip.jpg,55,Female,Indian
18_1_3_20170104221856991.jpg.chip.jpg,18,Female,Indian
31_1_4_20170103182224513.jpg.chip.jpg,31,Female,Others
34_1_0_20170119151149436.jpg.chip.jpg,34,Female,White
34_1_0_20170104173038042.jpg.chip.jpg,34,Female,White
48_0_3_20170119181346742.jpg.chip.jpg,48,Male,Indian
4_1_2_20161219190751754.jpg.chip.jpg,4,Female,Asian
45_0_3_20170117154205339.jpg.chip.jpg,45,Male,Indian
11_1_0_20170109205216790.jpg.chip.jpg,11,Female,White
34_0_0_20170117120149082.jpg.chip.jpg,34,Male,White
37_0_0_20170117164409579.jpg.chip.jpg,37,Male,White
23_1_0_20170117144910291.jpg.chip.jpg,23,Female,White
26_1_4_20170117152642036.jpg.chip.jpg,26,Female,Others
26_1_1_20170116232409291.jpg.chip.jpg,26,Female,Black
26_0_0_20170116193409254.jpg.chip.jpg,26,Male,White
24_0_0_20170115230945548.jpg.chip.jpg,24,Male,White
26_1_1_20170116175425484.jpg.chip.jpg,26,Female,Black
57_0_3_20170104212938069.jpg.chip.jpg,57,Male,Indian
28_0_1_20170113161237182.jpg.chip.jpg,28,Male,Black
12_1_1_20170109214204794.jpg.chip.jpg,12,Female,Black
55_0_3_20170119171706159.jpg.chip.jpg,55,Male,Indian
21_1_1_20170112230510269.jpg.chip.jpg,21,Female,Black
4_1_1_20170112210910341.jpg.chip.jpg,4,Female,Black
30_1_3_20170109141047511.jpg.chip.jpg,30,Female,Indian
30_0_0_20170104202024970.jpg.chip.jpg,30,Male,White
27_0_1_20170117012354143.jpg.chip.jpg,27,Male,Black
24_1_0_20170116214532199.jpg.chip.jpg,24,Female,White
15_0_0_20170103201301966.jpg.chip.jpg,15,Male,White
14_1_0_20170109204131257.jpg.chip.jpg,14,Female,White
9_1_4_20170103213057382.jpg.chip.jpg,9,Female,Others
11_1_0_20170109204611305.jpg.chip.jpg,11,Female,White
60_1_1_20170113185146864.jpg.chip.jpg,60,Female,Black
27_1_4_20170116211825926.jpg.chip.jpg,27,Female,Others
28_1_3_20170104223241929.jpg.chip.jpg,28,Female,Indian
9_0_0_20170110224627443.jpg.chip.jpg,9,Male,White
58_1_1_20170112224053755.jpg.chip.jpg,58,Female,Black
28_0_2_20170116190025951.jpg.chip.jpg,28,Male,Asian
8_0_1_20170110220106378.jpg.chip.jpg,8,Male,Black
27_0_0_20170117175400993.jpg.chip.jpg,27,Male,White
27_0_0_20170104231544105.jpg.chip.jpg,27,Male,White
63_1_0_20170117195028219.jpg.chip.jpg,63,Female,White
38_0_0_20170109011114784.jpg.chip.jpg,38,Male,White
36_0_0_20170104203841107.jpg.chip.jpg,36,Male,White
78_1_0_20170120140110282.jpg.chip.jpg,78,Female,White
25_1_3_20170119172144676.jpg.chip.jpg,25,Female,Indian
44_1_1_20170116164354400.jpg.chip.jpg,44,Female,Black
26_0_1_20170116203829506.jpg.chip.jpg,26,Male,Black
40_0_0_20170111181750378.jpg.chip.jpg,40,Male,White
63_1_0_20170110120814684.jpg.chip.jpg,63,Female,White
58_0_0_20170111171747501.jpg.chip.jpg,58,Male,White
61_0_2_20170112224215755.jpg.chip.jpg,61,Male,Asian
26_1_3_20170104222855375.jpg.chip.jpg,26,Female,Indian
48_0_0_20170117170703274.jpg.chip.jpg,48,Male,White
26_1_3_20170119193146097.jpg.chip.jpg,26,Female,Indian
25_0_3_20170117135612879.jpg.chip.jpg,25,Male,Indian
53_1_0_20170117000739940.jpg.chip.jpg,53,Female,White
29_1_1_20170117105207326.jpg.chip.jpg,29,Female,Black
30_0_2_20170116173731692.jpg.chip.jpg,30,Male,Asian
35_1_4_20170104181328997.jpg.chip.jpg,35,Female,Others
2_1_0_20170109190714105.jpg.chip.jpg,2,Female,White
55_0_0_20170117183249550.jpg.chip.jpg,55,Male,White
23_1_3_20170119164539192.jpg.chip.jpg,23,Female,Indian
53_1_0_20170110160643204.jpg.chip.jpg,53,Female,White
20_1_1_20170116162433766.jpg.chip.jpg,20,Female,Black
48_1_1_20170110120129624.jpg.chip.jpg,48,Female,Black
29_1_1_20170116164102690.jpg.chip.jpg,29,Female,Black
4_1_2_20161219141110241.jpg.chip.jpg,4,Female,Asian
55_0_3_20170119203922271.jpg.chip.jpg,55,Male,Indian
2_1_4_20161221202436617.jpg.chip.jpg,2,Female,Others
17_1_4_20170103201513799.jpg.chip.jpg,17,Female,Others
24_0_2_20170116170825869.jpg.chip.jpg,24,Male,Asian
26_0_1_20170113155100771.jpg.chip.jpg,26,Male,Black
2_1_3_20161220145026015.jpg.chip.jpg,2,Female,Indian
36_1_0_20170103181448864.jpg.chip.jpg,36,Female,White
65_0_1_20170117190957867.jpg.chip.jpg,65,Male,Black
1_1_0_20170109193015973.jpg.chip.jpg,1,Female,White
26_0_1_20170113152845329.jpg.chip.jpg,26,Male,Black
38_1_1_20170113184328127.jpg.chip.jpg,38,Female,Black
29_1_0_20170117130557275.jpg.chip.jpg,29,Female,White
40_0_0_20170104204609691.jpg.chip.jpg,40,Male,White
62_0_0_20170105164057133.jpg.chip.jpg,62,Male,White
29_0_3_20170119195311707.jpg.chip.jpg,29,Male,Indian
25_1_2_20170104020339110.jpg.chip.jpg,25,Female,Asian
49_1_0_20170104210205882.jpg.chip.jpg,49,Female,White
13_1_4_20170103212548662.jpg.chip.jpg,13,Female,Others
9_0_0_20170110224838965.jpg.chip.jpg,9,Male,White
23_1_0_20170117144727035.jpg.chip.jpg,23,Female,White
32_1_0_20170117123939602.jpg.chip.jpg,32,Female,White
26_0_0_20170117171750643.jpg.chip.jpg,26,Male,White
24_1_2_20170116165534569.jpg.chip.jpg,24,Female,Asian
58_0_3_20170119211703657.jpg.chip.jpg,58,Male,Indian
76_0_0_20170120224044694.jpg.chip.jpg,76,Male,White
30_0_0_20170117145938915.jpg.chip.jpg,30,Male,White
22_0_4_20170103235414540.jpg.chip.jpg,22,Male,Others
32_1_1_20170113001227602.jpg.chip.jpg,32,Female,Black
1_0_0_20170117133107123.jpg.chip.jpg,1,Male,White
